day,orig_p5,orig_z,r10000_p5,r10000_z,r2500_p5,r2500_z,r500_p5,r500_z,t10000_p5,t10000_z,t2000_p5,t2000_z,t500_p5,t500_z
2025-02-28,,0.015439429928741092,,0.0674,,0.0152,,0.002,,,,,,
2025-03-03,,0.010688836104513063,,0.0151,,0.0008,,0.0,,,,,,
2025-03-04,,1.0,,1.0,,1.0,,1.0,,,,,,
2025-03-05,,0.011848341232227487,,0.018794361691492553,,0.0016,,0.0,,,,,,
2025-03-06,,0.014218009478672985,,0.047190561887622474,,0.004,,0.0,,,,,,
2025-03-07,,0.014218009478672985,,0.0357,,0.006,,0.0,,,,,,
2025-03-08,,0.01645123384253819,,0.0387,,0.0064,,0.0,,,,,,
2025-03-09,0.013064133016627079,0.011750881316098707,0.023492321773619446,0.01729135432283858,0.0128928283642224,0.0036,0.008064516129032258,0.0,0.018315018315018316,0.0,0.010130246020260492,0.0,0.009009009009009009,0.0
2025-03-10,0.026128266033254157,0.01527614571092832,0.06873027186640872,0.041587523742877136,0.03746978243352135,0.0084,0.03434343434343434,0.006,0.047957371225577264,0.0053285968028419185,0.037350246652572236,0.004228329809725159,0.032201610080504026,0.003150157507875394
2025-03-11,0.016587677725118485,0.01527614571092832,0.050547001620745546,0.03958416633346661,0.017317760773258157,0.0068,0.010101010101010102,0.0,0.0273224043715847,0.0,0.017191977077363897,0.0007163323782234957,0.016913319238900635,0.0021141649048625794
2025-03-12,0.017772511848341232,0.015258215962441314,0.08503332660068673,0.0594,0.03745469190495369,0.0116,0.020202020202020204,0.0,0.03102189781021898,0.0,0.03965392934390771,0.007209805335255948,0.040952047602380116,0.010850542527126356
2025-03-13,0.013033175355450236,0.012775842044134728,0.03976927747419551,0.0189,0.02174788562223117,0.0064,0.012121212121212121,0.0,0.018281535648994516,0.0018281535648994515,0.017972681524083392,0.0014378145219266715,0.019725255371609723,0.0028178936245156746
2025-03-14,0.016587677725118485,0.016241299303944315,0.06463993536006464,0.04018392642942823,0.027005239822652155,0.0104,0.014141414141414142,0.002,0.020072992700729927,0.0018248175182481751,0.021352313167259787,0.0028469750889679717,0.01969057665260197,0.0028129395218002813
2025-03-15,0.021151586368977675,0.01853997682502897,0.06076791292955759,0.028691392582225334,0.0249597423510467,0.0036,0.022,0.0,0.025134649910233394,0.0,0.025107604017216643,0.0,0.022330774598743892,0.0006978367062107466
2025-03-16,0.0282021151586369,0.019698725376593278,0.1113684422515356,0.0665,0.057971014492753624,0.022,0.052104208416833664,0.008,0.04864864864864865,0.0036036036036036037,0.04669540229885057,0.005028735632183908,0.04352404352404352,0.007722007722007722
2025-03-17,0.02702702702702703,0.019698725376593278,0.08880386629077729,0.051,0.04311039484286865,0.0152,0.03807615230460922,0.008,0.03656307129798903,0.005484460694698354,0.04227405247813411,0.00510204081632653,0.03612303290414878,0.006437768240343348
2025-03-18,0.01645123384253819,0.016184971098265895,0.050982367758186396,0.026297370262973702,0.020556227327690448,0.004798080767692923,0.02004008016032064,0.002,0.022181146025878003,0.0018484288354898336,0.01924500370096225,0.0007401924500370096,0.01884057971014493,0.0007246376811594203
2025-03-19,0.018779342723004695,0.017321016166281754,0.058372046051302764,0.03219356128774245,0.02379032258064516,0.01,0.022044088176352707,0.0,0.021778584392014518,0.0,0.02158273381294964,0.002158273381294964,0.02006335797254488,0.0021119324181626186
2025-03-20,0.013937282229965157,0.012702078521939953,0.060871315021631955,0.03129374125174965,0.023265142398716406,0.008,0.02004008016032064,0.0,0.0213903743315508,0.0,0.020538243626062325,0.0,0.02089864158829676,0.0017415534656913968
2025-03-21,0.015081206496519721,0.013856812933025405,0.06381909547738693,0.03958416633346661,0.02124248496993988,0.0076,0.018,0.004,0.01967799642218247,0.0017889087656529517,0.019121813031161474,0.002124645892351275,0.017373175816539264,0.001389854065323141
2025-03-23,0.016222479721900347,0.012702078521939953,0.06603583652103885,0.0207,0.02403846153846154,0.0048,0.02,0.0,0.017857142857142856,0.0,0.020028612303290415,0.0,0.01988140913847227,0.0003487966515521451
2025-03-24,0.026651216685979143,0.017321016166281754,0.11201772942480105,0.07678464307138572,0.05008012820512821,0.0184,0.048,0.006,0.04332129963898917,0.0036101083032490976,0.04232424677187949,0.005738880918220947,0.04187366926898509,0.0063875088715401
2025-03-25,0.019698725376593278,0.01380897583429229,0.0822746521476104,0.0589,0.027655310621242483,0.0084,0.026,0.0,0.03314917127071823,0.001841620626151013,0.027266028002947678,0.0007369196757553427,0.023443223443223443,0.002564102564102564
2025-03-26,0.020809248554913295,0.01726121979286536,0.07442844193775808,0.054394560543945605,0.026474127557160047,0.0072,0.022,0.0,0.029143897996357013,0.0018214936247723133,0.02483564645726808,0.0014609203798392988,0.021369069177834116,0.0014487504527345165
2025-03-27,0.017321016166281754,0.013793103448275862,0.07682265515163687,0.0575,0.031676022453889334,0.0096,0.024,0.0,0.03214285714285714,0.0,0.02562225475841874,0.0007320644216691069,0.023997134670487107,0.0010744985673352436
2025-03-28,0.013856812933025405,0.011494252873563218,0.07849829351535836,0.060693930606939304,0.031663326653306616,0.0096,0.028,0.004,0.033807829181494664,0.0035587188612099642,0.027205882352941177,0.0029411764705882353,0.02503576537911302,0.001430615164520744
2025-03-29,0.05658198614318707,0.013793103448275862,0.10169661680554161,0.073,0.06412825651302605,0.014,0.098,0.004,0.10320284697508897,0.0017793594306049821,0.07069219440353461,0.005154639175257732,0.052480230050323505,0.005751258087706686
2025-03-30,0.07505773672055427,0.022988505747126436,0.13693404276679047,0.09638072385522896,0.0845691382765531,0.0236,0.138,0.016,0.1375,0.017857142857142856,0.09212481426448738,0.010401188707280832,0.07019438444924406,0.01331893448524118
2025-03-31,0.07505773672055427,0.01839080459770115,0.12032112393376819,0.08399160083991601,0.07775551102204409,0.0128,0.124,0.006,0.12341197822141561,0.0054446460980036296,0.08041697691734921,0.004467609828741623,0.06521739130434782,0.005072463768115942
2025-04-01,0.059770114942528735,0.01951779563719862,0.10042134831460674,0.07638472305538892,0.05484387510008006,0.0128,0.098,0.008,0.09963768115942029,0.007246376811594203,0.05864884929472903,0.004454342984409799,0.04578488372093023,0.007630813953488372
2025-04-02,0.05408515535097814,0.01264367816091954,0.10416457601605619,0.07779222077792221,0.0508203281312525,0.0108,0.096,0.01,0.09818181818181818,0.007272727272727273,0.060294117647058824,0.0058823529411764705,0.04875406283856988,0.008306247742867461
2025-04-03,0.047126436781609195,0.013793103448275862,0.09552088575742325,0.0744,0.03841536614645858,0.0108,0.08,0.01,0.07889908256880734,0.005504587155963303,0.041328413284132844,0.002214022140221402,0.035843591600289645,0.0065170166545981175
2025-04-04,0.05862068965517241,0.022988505747126436,0.07901384257855916,0.0612,0.04603682946357086,0.016,0.094,0.024,0.09872029250457039,0.021937842778793418,0.051111111111111114,0.011111111111111112,0.0420747188973522,0.012332245194051506
2025-04-05,0.040229885057471264,0.014942528735632184,0.10207612456747404,0.08336665333866454,0.04283426741393114,0.012,0.068,0.006,0.0392156862745098,0.00392156862745098,0.04017857142857143,0.002976190476190476,0.036039315617036764,0.005824535857298871
2025-04-06,0.026436781609195402,0.021814006888633754,0.13787832467135433,0.11437712457508498,0.053242594075260205,0.0216,0.04,0.024,0.04259634888438134,0.02028397565922921,0.03541185527328714,0.01077752117013087,0.044062733383121735,0.01157580283793876
2025-04-07,0.016091954022988506,0.010332950631458095,0.09595599470306611,0.0604,0.04529058116232465,0.008,0.032,0.008,0.032388663967611336,0.0020242914979757085,0.03108003108003108,0.001554001554001554,0.042232277526395176,0.0030165912518853697
2025-04-08,0.010344827586206896,0.010332950631458095,0.08075356415478616,0.07389261073892611,0.02844551282051282,0.0104,0.016,0.004,0.02459016393442623,0.0,0.02204724409448819,0.0015748031496062992,0.020022667170381564,0.0037778617302606727
2025-04-09,0.01264367816091954,0.013729977116704805,0.0825322151769278,0.074,0.02414486921529175,0.0116,0.018,0.004,0.016563146997929608,0.0,0.016574585635359115,0.0031570639305445935,0.01854655563966692,0.004542013626040878
2025-04-10,0.010344827586206896,0.011428571428571429,0.07932618683001531,0.06938612277544491,0.017303822937625755,0.0064,0.008,0.002,0.008281573498964804,0.0,0.012749003984063745,0.0,0.017378163959199094,0.0022667170381564035
2025-04-11,0.02528735632183908,0.026225769669327253,0.08297829174274701,0.0711,0.02535211267605634,0.0124,0.028,0.018,0.033126293995859216,0.018633540372670808,0.02333065164923572,0.008045052292839904,0.019877675840978593,0.004969418960244648
2025-04-12,0.013793103448275862,0.013683010262257697,0.08356067495200566,0.07128574285142972,0.024154589371980676,0.012,0.01002004008016032,0.004,0.0125,0.0,0.015285599356395816,0.0008045052292839903,0.01606118546845124,0.0026768642447418736
2025-04-13,0.01951779563719862,0.014823261117445839,0.1130513778136671,0.08738252349530094,0.045436268596702856,0.0184,0.032,0.004,0.03067484662576687,0.002044989775051125,0.031476997578692496,0.002421307506053269,0.03570072161033042,0.00569692366122294
2025-04-14,0.03788748564867968,0.036488027366020526,0.16853252647503783,0.1526847315268473,0.07478890229191798,0.0544,0.05,0.024,0.044989775051124746,0.014314928425357873,0.05480540111199365,0.030182684670373314,0.07204828366654092,0.044511505092417955
2025-04-15,0.016073478760045924,0.012528473804100227,0.07655019188042819,0.057694230576942306,0.03459372485921158,0.0136,0.018,0.0,0.0205761316872428,0.0,0.01973164956590371,0.0,0.026721866767030485,0.0030109145652992097
2025-04-16,0.014874141876430207,0.013651877133105802,0.10418969155028635,0.07729227077292271,0.06167400881057269,0.0216,0.016,0.002,0.02053388090349076,0.0,0.0423861852433281,0.00706436420722135,0.06355140186915888,0.018691588785046728
2025-04-17,0.013714285714285714,0.013636363636363636,0.0841713596138375,0.04319136172765447,0.04925911093311974,0.0048,0.02,0.002,0.01443298969072165,0.0,0.0390625,0.00078125,0.05594927265945543,0.0014919806042521448
2025-04-18,0.012542759407069556,0.013605442176870748,0.08852228146061765,0.058776489404238304,0.04881952781112445,0.0136,0.018,0.002,0.016293279022403257,0.0,0.0390015600624025,0.0039001560062402497,0.056133828996282525,0.01449814126394052
2025-04-19,0.01596351197263398,0.013590033975084938,0.12151133501259447,0.08838232353529295,0.06327593111734081,0.0152,0.028,0.006,0.022448979591836733,0.0,0.05157813702848345,0.005388760585065435,0.06394913986537024,0.016454749439042633
2025-04-20,0.026225769669327253,0.014722536806342015,0.14475940683950367,0.10327934413117376,0.08176352705410822,0.0268,0.042,0.004,0.032719836400818,0.0,0.05873261205564142,0.015455950540958269,0.07735636500187758,0.020277882087870822
2025-04-22,0.012542759407069556,0.01245753114382786,0.08538803556992725,0.05387844862055178,0.04370489174017642,0.0108,0.022,0.004,0.018404907975460124,0.0,0.029827315541601257,0.002354788069073783,0.04466966966966967,0.007882882882882882
2025-04-23,0.05011389521640091,0.04869762174405436,0.12027422119165239,0.09397180845746277,0.07137129109863673,0.0372,0.092,0.072,0.08982035928143713,0.06786427145708583,0.050513022888713496,0.02999210734017364,0.061654135338345864,0.02894736842105263
2025-04-24,0.051194539249146756,0.05096262740656852,0.07561246093356185,0.0634,0.05301204819277108,0.0316,0.09,0.072,0.0931174089068826,0.0708502024291498,0.0430622009569378,0.028708133971291867,0.03143189755529686,0.01629802095459837
2025-04-25,0.011363636363636364,0.011325028312570781,0.08811104405552203,0.0701,0.03969526864474739,0.0184,0.026,0.006,0.022,0.0,0.020553359683794466,0.0007905138339920949,0.026599845797995375,0.0026985350809560524
2025-04-26,0.03968253968253968,0.014722536806342015,0.08568558513309894,0.07068586282743451,0.041299117882919005,0.0144,0.022,0.002,0.026052104208416832,0.002004008016032064,0.03924646781789639,0.0015698587127158557,0.032407407407407406,0.0019290123456790122
2025-04-27,0.039637599093997736,0.03737259343148358,0.134470647265429,0.10674662668665667,0.06327593111734081,0.0332,0.064,0.038,0.061224489795918366,0.036734693877551024,0.047244094488188976,0.015748031496062992,0.048337200309358085,0.013147718484145398
2025-04-28,0.022650056625141562,0.01698754246885617,0.11150140505820956,0.0886,0.04565478574289147,0.016,0.018,0.0,0.016494845360824743,0.0,0.027091633466135457,0.0,0.03614457831325301,0.004275165176836378
2025-04-29,0.02944507361268403,0.028602860286028604,0.0763566673391164,0.05988802239552089,0.024839743589743588,0.0096,0.032,0.024,0.037267080745341616,0.026915113871635612,0.0277337559429477,0.011885895404120444,0.024409143742735374,0.006974041069352964
2025-04-30,0.01698754246885617,0.01644736842105263,0.06840193704600485,0.05347326336831584,0.027721976697468863,0.01,0.016,0.01,0.02610441767068273,0.012048192771084338,0.021875,0.0046875,0.021706016755521706,0.004188880426504189
2025-05-01,0.02491506228765572,0.02628696604600219,0.1080234438156831,0.0821,0.042759177087535294,0.0236,0.04,0.028,0.049019607843137254,0.029411764705882353,0.033179012345679014,0.014660493827160493,0.036897590361445784,0.016566265060240965
2025-05-02,0.027180067950169876,0.026172300981461286,0.1497320796683854,0.1248,0.06222222222222222,0.036,0.028,0.012,0.037109375,0.013671875,0.03435114503816794,0.011450381679389313,0.04275444570563754,0.01664774877033674
2025-05-03,0.40656851642129105,0.26717557251908397,0.6745173354897402,0.5441,0.5046464646464647,0.3376,0.344,0.184,0.32108317214700194,0.17794970986460348,0.402938901778809,0.2219644238205723,0.4752704791344668,0.29675425038639874
2025-05-04,0.22536806342015855,0.020719738276990186,0.44856882775361584,0.2453,0.30206227254346946,0.0588,0.22,0.006,0.1935483870967742,0.0020161290322580645,0.2377902321857486,0.009607686148919135,0.2785571142284569,0.01963927855711423
2025-05-05,0.021517553793884484,0.017448200654307525,0.16240008094708083,0.13232060763541875,0.06556050182112505,0.0316,0.028,0.0,0.01939655172413793,0.0,0.03547854785478548,0.0033003300330033004,0.039884868421052634,0.008223684210526315
2025-05-06,0.013201320132013201,0.015233949945593036,0.06826661288696179,0.0619876024795041,0.019631410256410256,0.016,0.004,0.002,0.004366812227074236,0.0,0.0049301561216105174,0.0,0.004916018025399427,0.0016386726751331422
2025-05-08,0.013157894736842105,0.013029315960912053,0.053666902047816,0.043,0.01887550200803213,0.012,0.008,0.002,0.00631578947368421,0.0,0.011093502377179081,0.0,0.007930214115781126,0.0
2025-05-09,0.04381161007667032,0.04451682953311618,0.14157868275515334,0.13158684131586842,0.07463884430176565,0.0616,0.042,0.032,0.038306451612903226,0.028225806451612902,0.04965089216446858,0.032583397982932506,0.07322743122820612,0.05734211545912437
2025-05-10,0.021810250817884406,0.02280130293159609,0.08025311370028124,0.06908618276344732,0.033293221018852785,0.0196,0.032,0.016,0.032719836400818,0.016359918200409,0.02283464566929134,0.007874015748031496,0.02005505308690523,0.005112072355485647
2025-05-11,0.027262813522355506,0.01737242128121607,0.10237090616837452,0.0824,0.0541299117882919,0.0232,0.024,0.002,0.026422764227642278,0.0040650406504065045,0.030708661417322834,0.004724409448818898,0.038431372549019606,0.005490196078431373
2025-05-12,0.026172300981461286,0.015184381778741865,0.09681631013357438,0.07947615715285414,0.051240992794235385,0.0184,0.03,0.0,0.025052192066805846,0.0,0.0336,0.0024,0.037984806077568975,0.005597760895641743
2025-05-13,0.014176663031624863,0.01511879049676026,0.06676050673637643,0.06008197540737779,0.022827392871445733,0.0112,0.02,0.002,0.01768172888015717,0.0019646365422396855,0.013460015835312747,0.001583531274742676,0.01521216973578863,0.0016012810248198558
2025-05-14,0.058759521218716,0.03347732181425486,0.06354313291775589,0.05628311506548036,0.03604325190228274,0.0188,0.048,0.03,0.0872093023255814,0.031007751937984496,0.04040404040404041,0.013986013986013986,0.027669524551831644,0.009353078721745909
2025-05-15,0.05211726384364821,0.05075593952483801,0.060718960829725104,0.05618876224755049,0.03322658126501201,0.0244,0.076,0.062,0.07474747474747474,0.06262626262626263,0.03732503888024884,0.028771384136858476,0.024409143742735374,0.01588531576908175
2025-05-16,0.0249728555917481,0.02591792656587473,0.07510557007842349,0.06438068579426172,0.027611044417767107,0.0132,0.034,0.02,0.03441295546558704,0.018218623481781375,0.02532617037605526,0.00844205679201842,0.01776061776061776,0.004633204633204633
2025-05-17,0.029315960912052116,0.029157667386609073,0.06901748040988548,0.06017592962814874,0.03,0.0136,0.042,0.022,0.0371900826446281,0.022727272727272728,0.026840490797546013,0.009969325153374233,0.02192638997650744,0.006264682850430697
2025-05-18,0.031487513572204126,0.017278617710583154,0.09299989956814302,0.0744776567029891,0.0392156862745098,0.0124,0.024,0.0,0.021912350597609563,0.0,0.03298350824587706,0.0022488755622188904,0.027615713730066122,0.0019447685725398677
2025-05-19,0.31778741865509763,0.019438444924406047,0.40450115543052345,0.06038188543436969,0.2961184473789516,0.0132,0.18,0.004,0.2475633528265107,0.0,0.29926470588235293,0.0014705882352941176,0.3339709257842387,0.0019127773527161439
2025-05-20,0.6965442764578834,0.016198704103671708,0.5643057784911717,0.01839632073585283,0.6416,0.004,0.762,0.006,0.7784200385356455,0.005780346820809248,0.723388848660391,0.002172338884866039,0.6842700867597133,0.001131648434552999
2025-05-21,0.029157667386609073,0.02912621359223301,0.018778871259289013,0.018096380723855228,0.008003201280512205,0.0076,0.032,0.03,0.02835538752362949,0.02835538752362949,0.012875536480686695,0.012160228898426323,0.007008483954260421,0.0066396163777203985
2025-05-22,0.024838012958963283,0.02481121898597627,0.05741242597611161,0.0458954104589541,0.029635562675210253,0.0076,0.03206412825651302,0.022,0.04681647940074907,0.02247191011235955,0.032462949894142556,0.008468595624558928,0.027807872878295413,0.0061394005055976884
2025-05-23,0.014038876889848811,0.012944983818770227,0.05261044176706827,0.041695830416958304,0.022444889779559118,0.0044,0.018036072144288578,0.0,0.03131115459882583,0.0,0.02246376811594203,0.0007246376811594203,0.02022802500919456,0.002942258183155572
2025-05-24,0.014038876889848811,0.012944983818770227,0.03504016064257028,0.0066993300669933005,0.024439102564102564,0.0032,0.018036072144288578,0.004,0.025490196078431372,0.0,0.025234318673395817,0.0,0.022727272727272728,0.00036656891495601173
2025-05-25,0.016198704103671708,0.010787486515641856,0.11819642498493674,0.07847645706288113,0.061748195669607056,0.0204,0.03406813627254509,0.004,0.031007751937984496,0.0,0.04489500362056481,0.002172338884866039,0.04432951606944958,0.005910602142593277
2025-05-26,0.0183585313174946,0.015102481121898598,0.09706296519814926,0.0637,0.05132317562149158,0.0128,0.02404809619238477,0.002,0.03275529865125241,0.0038535645472061657,0.04154518950437318,0.0029154518950437317,0.03930933137398971,0.005510653930933138
2025-05-27,0.017278617710583154,0.015102481121898598,0.07215355240679329,0.05448910217956409,0.03687374749498998,0.0124,0.028056112224448898,0.004,0.028790786948176585,0.0,0.03418181818181818,0.0036363636363636364,0.027225901398086828,0.0033112582781456954
2025-05-28,0.015102481121898598,0.015086206896551725,0.040373606507984335,0.0315,0.023255813953488372,0.0096,0.01603206412825651,0.002,0.022944550669216062,0.0,0.01967930029154519,0.002186588921282799,0.016218208625138224,0.002580169553999263
2025-05-29,0.016181229773462782,0.016129032258064516,0.03504719823257682,0.0271,0.02403846153846154,0.0072,0.016,0.0,0.021359223300970873,0.0,0.025,0.0007352941176470588,0.017961876832844576,0.0018328445747800588
2025-05-30,0.012944983818770227,0.013918629550321198,0.034344245832496484,0.026194761047790442,0.025260625501202887,0.0108,0.016,0.004,0.009727626459143969,0.0,0.019230769230769232,0.0022189349112426036,0.016999260901699925,0.0022172949002217295
2025-05-31,0.014023732470334413,0.013903743315508022,0.036359983929288874,0.025697430256974303,0.020088388911209322,0.0056,0.012024048096192385,0.0,0.017578125,0.0,0.01775147928994083,0.0,0.016212232866617538,0.00036845983787767134
2025-06-01,0.02481121898597627,0.016025641025641024,0.06904857486953031,0.04338698390482855,0.03614457831325301,0.0032,0.026052104208416832,0.0,0.03346456692913386,0.0,0.03273809523809524,0.0,0.03180987202925046,0.0007312614259597807
2025-06-02,0.019417475728155338,0.014957264957264958,0.058634538152610445,0.0396,0.03815261044176707,0.0132,0.026052104208416832,0.004,0.027888446215139442,0.0,0.030415430267062313,0.00370919881305638,0.03006967363403007,0.0029336266960029336
2025-06-03,0.014023732470334413,0.014941302027748132,0.031133875665361053,0.022497750224977502,0.02451768488745981,0.0096,0.012024048096192385,0.004,0.011881188118811881,0.0,0.017660044150110375,0.0014716703458425313,0.016453382084095063,0.0021937842778793418
2025-07-09,0.011853448275862068,0.009594882729211088,0.0009124087591240876,0.0,0.0004027386226339106,0.0,0.0,0.0,0.009900990099009901,0.0,0.011730205278592375,0.0,0.010599415204678362,0.0
2025-07-10,0.04516129032258064,0.01652892561983471,0.03269872001720985,0.0221977802219778,0.03316749585406302,0.0076,0.012269938650306749,0.0,0.03232323232323232,0.0,0.061654135338345864,0.0037593984962406013,0.043494423791821564,0.004089219330855019
2025-07-11,0.016059957173447537,0.01652892561983471,0.028451341739411575,0.013772455089820359,0.024803637866887142,0.006,0.02028397565922921,0.0,0.04259634888438134,0.0,0.05089820359281437,0.0037425149700598802,0.04194506310319228,0.004825538233110616
2025-07-12,0.013903743315508022,0.015495867768595042,0.04056399132321041,0.02877697841726619,0.024471173786810452,0.0076,0.020202020202020204,0.002,0.04703476482617587,0.0,0.045112781954887216,0.0030075187969924814,0.04221143070601419,0.0037355248412401943
2025-07-13,0.030982905982905984,0.018575851393188854,0.0883503586176918,0.0496950304969503,0.054144106622240736,0.0136,0.04040404040404041,0.002,0.06818181818181818,0.0,0.0690172543135784,0.0037509377344336083,0.07695195195195195,0.0063813813813813815
2025-07-14,0.030982905982905984,0.017543859649122806,0.07904751549418289,0.04519096180763847,0.05333333333333334,0.0124,0.03434343434343434,0.002,0.06639004149377593,0.0,0.06141015921152388,0.000758150113722517,0.07083647324792766,0.007159005275056519
2025-07-15,0.014941302027748132,0.013402061855670102,0.03826447181947019,0.031087564974010395,0.017521902377972465,0.0076,0.014141414141414142,0.0,0.029411764705882353,0.0,0.02815829528158295,0.00228310502283105,0.030349013657056147,0.0037936267071320183
2025-07-16,0.4051172707889126,0.4195876288659794,0.5536938309215537,0.5833,0.44912427022518764,0.4652,0.33669354838709675,0.336,0.3138075313807531,0.303347280334728,0.4036009002250563,0.3893473368342086,0.45652173913043476,0.4434032983508246
2025-07-17,0.012396694214876033,0.013388259526261586,0.023208675382588428,0.0146,0.01325301204819277,0.0044,0.008016032064128256,0.0,0.008456659619450317,0.0,0.009789156626506024,0.0007530120481927711,0.010416666666666666,0.000744047619047619
2025-07-18,0.10537190082644628,0.14676616915422885,0.14492167761495706,0.13747250549890022,0.10132689987937274,0.0904,0.07615230460921844,0.068,0.07142857142857142,0.06092436974789916,0.09131403118040089,0.08314773570898293,0.09659511472982976,0.08660251665433012
2025-07-19,0.013429752066115703,0.01178318931657502,0.06582411795681938,0.056694330566943306,0.015267175572519083,0.0068,0.004008016032064128,0.0,0.008298755186721992,0.002074688796680498,0.008797653958944282,0.0007331378299120235,0.009259259259259259,0.0011111111111111111
2025-07-20,0.021671826625386997,0.01335428122545169,0.03705263157894737,0.0112,0.02794883941260066,0.0012,0.01606425702811245,0.002,0.014583333333333334,0.0020833333333333333,0.020423048869438368,0.0007293946024799417,0.02179440610243371,0.0003632401017072285
2025-07-21,0.018575851393188854,0.010997643362136685,0.07508424599831508,0.0483,0.029871977240398292,0.0016,0.008032128514056224,0.0,0.012269938650306749,0.0,0.020334059549745823,0.0007262164124909223,0.025519504192489974,0.0007291286912139992
2025-07-22,0.013402061855670102,0.01021209740769835,0.05831056944736289,0.0478,0.011853959222380275,0.0008,0.008016032064128256,0.0,0.01006036217303823,0.0,0.011552346570397111,0.0,0.00792221822110191,0.0
2025-07-23,0.35670103092783506,0.5113547376664056,0.5431052521448002,0.5607317804658603,0.3821022727272727,0.474,0.2725450901803607,0.272,0.2924901185770751,0.2885375494071146,0.34210526315789475,0.33783783783783783,0.3946808510638298,0.3911347517730496
2025-07-24,0.013388259526261586,0.010164190774042221,0.04730934648064618,0.040291941611677665,0.011369019422074847,0.0028,0.002004008016032064,0.0,0.01,0.0,0.012283236994219654,0.0,0.009107468123861567,0.00036429872495446266
2025-07-25,0.013266998341625208,0.011727912431587178,0.08220433941122543,0.0751,0.01496881496881497,0.0044,0.014028056112224449,0.002,0.008728179551122194,0.0,0.013095238095238096,0.0,0.01207966046359778,0.001632386549134835
2025-07-26,0.04241948153967007,0.011727912431587178,0.07252525252525252,0.061493850614938506,0.03333333333333333,0.005197920831667333,0.01002004008016032,0.0,0.00782122905027933,0.0,0.034502262443438916,0.0011312217194570137,0.025023459493274947,0.0015639662183296842
2025-07-27,0.0384917517674784,0.01171875,0.09948542024013722,0.07968406318736253,0.03895582329317269,0.0044,0.018,0.002,0.012345679012345678,0.001122334455667789,0.03705783267827063,0.0005614823133071309,0.032898820608317815,0.0015518311607697084
2025-07-28,0.2702278083267871,0.01484375,0.12109611122305057,0.0624,0.1892326235435918,0.0032,0.016,0.0,0.42905027932960893,0.0,0.2401129943502825,0.0005649717514124294,0.151879235982748,0.0018484288354898336
2025-07-29,0.24901806755695208,0.1671850699844479,0.0919551832037953,0.07089291070892911,0.17701612903225805,0.1108,0.040160642570281124,0.0,0.4371523915461624,0.289210233592881,0.23895809739524349,0.1506228765571914,0.13818404157749922,0.08254356465912564
2025-07-30,0.26076742364917777,0.09775019394879751,0.12308313155770782,0.0883,0.18525976641159886,0.0704,0.04417670682730924,0.0,0.4356984478935698,0.17738359201773837,0.24081401921989826,0.09270774448841153,0.1492767005232379,0.05263157894736842
2025-07-31,0.2642689601250977,0.09992254066615028,0.10052429925388183,0.0607,0.1900926298832058,0.058,0.04417670682730924,0.008,0.43029637760702527,0.14050493962678376,0.24092409240924093,0.07425742574257425,0.14629741119807346,0.041842263696568335
2025-08-01,0.25879593432369036,0.08436532507739938,0.07709406890977064,0.0403959604039596,0.18573730862207896,0.0576,0.04216867469879518,0.0,0.4412094064949608,0.1444568868980963,0.24247491638795987,0.07525083612040134,0.14859926918392205,0.04811205846528624
2025-08-02,0.2509773260359656,0.011556240369799691,0.12153690596562185,0.0705,0.18765133171912832,0.0072,0.04225352112676056,0.0,0.4384017758046615,0.003329633740288568,0.24473975636766335,0.006090808416389812,0.1513579493439121,0.01007018614586512
2025-08-03,0.25078125,0.23094688221709006,0.143347812910395,0.1131,0.2031502423263328,0.1572,0.05432595573440644,0.02,0.052336448598130844,0.018691588785046728,0.2544345898004435,0.21119733924611975,0.16211237334970832,0.1209702179920172
2025-08-04,0.03515625,0.015396458814472672,0.12112904863437912,0.0964,0.05742013748483623,0.0116,0.052313883299798795,0.0,0.052336448598130844,0.0,0.05485232067510549,0.006329113924050633,0.04928844151336342,0.007289135716765012
2025-08-05,0.20451010886469673,0.1993841416474211,0.13439935229227812,0.1232,0.1587429492344883,0.1344,0.036,0.01,0.017142857142857144,0.0,0.021877205363443897,0.0007057163020465773,0.02592087312414734,0.005457025920873124
2025-08-06,0.003878975950349108,0.0030745580322828594,0.055139619587211655,0.0481,0.018108651911468814,0.0064,0.014,0.002,0.009560229445506692,0.0,0.015373864430468204,0.0,0.01680960548885077,0.0010291595197255575
2025-08-07,0.19209914794732766,0.18716577540106952,0.11210988789011211,0.1009,0.1495967741935484,0.134,0.012024048096192385,0.004,0.01486988847583643,0.0,0.014945652173913044,0.0,0.021883289124668436,0.001989389920424403
2025-08-08,0.19659442724458204,0.19315589353612167,0.10504414899015528,0.0948,0.15167406212182333,0.1368,0.014056224899598393,0.004,0.0148975791433892,0.00186219739292365,0.017943409247757072,0.002070393374741201,0.025184687709872398,0.0030221625251846875
2025-08-09,0.07087827426810478,0.06920152091254753,0.057227078674527344,0.04439112177564487,0.06395816572807723,0.0492,0.012048192771084338,0.004,0.016728624535315983,0.0018587360594795538,0.01440329218106996,0.0006858710562414266,0.024161073825503355,0.0003355704697986577
2025-08-10,0.21862971516551194,0.21064638783269962,0.1427553202321556,0.11995201919232307,0.18141592920353983,0.1532,0.030181086519114688,0.01,0.025454545454545455,0.0018181818181818182,0.024844720496894408,0.0027605244996549345,0.04627766599597585,0.0053655264922870555
2025-08-11,0.23864511162432642,0.21656534954407294,0.14914874095218678,0.128987101289871,0.19041867954911434,0.1548,0.03024193548387097,0.008,0.027522935779816515,0.003669724770642202,0.02560553633217993,0.0020761245674740486,0.045304232804232805,0.008267195767195767
2025-08-12,0.2040030792917629,0.18768996960486323,0.11289333878218226,0.10267946410717857,0.15666532420459123,0.134,0.010080645161290322,0.004,0.014466546112115732,0.0,0.018685121107266434,0.001384083044982699,0.03197099538562953,0.005273566249176005
2025-08-13,0.7724827056110684,0.7743161094224924,0.8497705252422234,0.8512,0.7856855649376759,0.7844,0.6673387096774194,0.668,0.6762589928057554,0.6726618705035972,0.7263374485596708,0.7229080932784636,0.7679738562091504,0.765686274509804
2025-08-14,0.16883116883116883,0.16717325227963525,0.06522850424291994,0.0609878024395121,0.12715603690332933,0.1184,0.002,0.0,0.007312614259597806,0.0,0.011142061281337047,0.0,0.009296148738379814,0.00033200531208499334
2025-08-15,0.18555133079847907,0.1838905775075988,0.10361691288843607,0.0958904109589041,0.14417300760913096,0.13,0.008,0.002,0.012477718360071301,0.0,0.019230769230769232,0.000663129973474801,0.017224569385765356,0.0006499837504062399
2025-08-16,1.0,1.0,1.0,1.0,1.0,1.0,1.0,1.0,1.0,1.0,1.0,1.0,1.0,0.9970491803278688
2025-08-17,1.0,1.0,0.9998987956684546,0.9999,0.999599679743795,0.9996,1.0,1.0,1.0,1.0,1.0,1.0,1.0,0.9989871708305199
2025-08-18,0.135258358662614,0.12934947049924356,0.10059892396710994,0.0874,0.11044417767106843,0.092,0.024,0.002,0.028680688336520075,0.0,0.03004891684136967,0.002795248078266946,0.023809523809523808,0.0024154589371980675
2025-08-19,1.0,1.0,0.9994922826969943,0.9983005098470459,1.0,1.0,1.0,1.0,1.0,1.0,1.0,1.0,0.99896408839779,0.9972375690607734
2025-08-20,0.567629179331307,0.5690566037735849,0.5917357041826632,0.595,0.552,0.5508,0.358,0.358,0.3658051689860835,0.36381709741550694,0.44419306184012064,0.4419306184012066,0.5047169811320755,0.5014513788098693
2025-08-21,0.003799392097264438,0.0022624434389140274,0.02709585413058979,0.0226,0.008824709185720016,0.0012,0.004,0.0,0.014285714285714285,0.0,0.016719745222929936,0.0007961783439490446,0.009230769230769232,0.0003846153846153846
2025-08-22,0.00911854103343465,0.009036144578313253,0.04070418235473695,0.0359,0.020048115477145148,0.008,0.004,0.0,0.012371134020618556,0.0,0.01839080459770115,0.0,0.013182674199623353,0.0003766478342749529
2025-08-23,0.02727272727272727,0.0030120481927710845,0.04286582894203486,0.0325,0.029647435897435896,0.0007996801279488205,0.006,0.0,0.006289308176100629,0.0,0.04654771140418929,0.0007757951900698216,0.027735562310030396,0.00037993920972644377
2025-08-24,0.2216338880484115,0.2183734939759036,0.08524623318839114,0.0744,0.030849358974358976,0.0132,0.01002004008016032,0.0,0.010775862068965518,0.0,0.01862348178137652,0.0032388663967611335,0.018224117875145406,0.0019387359441644049
2025-08-25,0.2291981845688351,0.22665662650602408,0.06400807672892478,0.05678296511046686,0.02845691382765531,0.0176,0.014028056112224449,0.004,0.010869565217391304,0.0,0.008935824532900082,0.0016246953696181965,0.010240252067743205,0.0019692792437967705
2025-08-26,0.17700453857791226,0.17545180722891565,0.04036326942482341,0.0383,0.0136327185244587,0.0088,0.012024048096192385,0.002,0.008714596949891068,0.0,0.006606110652353427,0.0,0.005162827640984908,0.0007942811755361397
2025-08-27,0.21433962264150944,0.21203007518796993,0.04450919320807797,0.040983606557377046,0.010808646917534028,0.0068,0.008,0.0,0.008547008547008548,0.0,0.005672609400324149,0.0,0.006584043377226956,0.0003872966692486445
2025-08-28,0.21040723981900453,0.20795795795795796,0.040257648953301126,0.0364963503649635,0.01521216973578863,0.0076,0.014,0.002,0.01020408163265306,0.0020408163265306124,0.01090909090909091,0.0014545454545454545,0.010178117048346057,0.0010905125408942203
2025-08-29,0.18599397590361447,0.18393393393393392,0.04338198288877705,0.038992201559688064,0.016840417000801924,0.008,0.012,0.002,0.00819672131147541,0.0,0.013909224011713031,0.0021961932650073207,0.010301692420897719,0.001839587932303164
2025-08-30,0.21159638554216867,0.20945945945945946,0.031196538190600785,0.025,0.014865407794294898,0.0052,0.016,0.002,0.012219959266802444,0.0,0.013100436681222707,0.0,0.010642201834862385,0.0007339449541284404
2025-08-31,0.050451807228915665,0.0239880059970015,0.06747230614300101,0.045490901819636075,0.04702572347266881,0.0112,0.024,0.0,0.017543859649122806,0.0,0.046984572230014024,0.002805049088359046,0.039492242595204514,0.002468265162200282
2025-09-01,0.22213855421686746,0.21123595505617979,0.06403544099879178,0.0466,0.040176777822418644,0.0108,0.038,0.004,0.02681992337164751,0.0019157088122605363,0.03777472527472527,0.0006868131868131869,0.028965517241379312,0.001379310344827586
2025-09-02,0.0015060240963855422,0.00149812734082397,0.04944612286002014,0.04087956021989005,0.01888308557653676,0.0068,0.02,0.0,0.01717557251908397,0.0,0.01510989010989011,0.0,0.013750429700928154,0.00034376074252320387
2025-09-03,0.21278195488721804,0.20958083832335328,0.047134656058011884,0.0380961903809619,0.015267175572519083,0.004,0.024,0.0,0.020484171322160148,0.0,0.014617940199335547,0.0,0.013324450366422385,0.00033311125916055963
2025-09-04,0.017267267267267267,0.014221556886227544,0.037991310498130745,0.0277,0.011231448054552748,0.0,0.024,0.0,0.018691588785046728,0.0,0.013671875,0.0,0.014196104324859689,0.0006602839220864972
2025-09-05,0.0990990990990991,0.09580838323353294,0.023168377197439284,0.010798920107989201,0.015236567762630313,0.0008,0.026,0.0,0.022770398481973434,0.0,0.017241379310344827,0.0,0.018230029830957905,0.0
2025-09-06,0.13588588588588588,0.13378176382660686,0.04959689764261659,0.0386,0.024009603841536616,0.0092,0.02,0.002,0.024714828897338403,0.0,0.019104084321475624,0.0013175230566534915,0.017994001999333556,0.003332222592469177
2025-09-07,0.21889055472263869,0.21599402092675635,0.06436404632571487,0.0458954104589541,0.03562850280224179,0.0096,0.028,0.004,0.030245746691871456,0.001890359168241966,0.027406417112299464,0.002005347593582888,0.031177446102819237,0.003980099502487562
2025-09-08,0.24794007490636705,0.21898355754857998,0.0703125,0.05069493050694931,0.054086538461538464,0.0136,0.024,0.002,0.02835538752362949,0.0,0.052702702702702706,0.002702702702702703,0.04411764705882353,0.004344919786096257
2025-09-09,0.02696629213483146,0.0014947683109118087,0.03990076493694439,0.028,0.036057692307692304,0.0072,0.012,0.0,0.017077798861480076,0.0,0.04032258064516129,0.0,0.026720106880427523,0.0016700066800267202
2025-09-10,0.8196107784431138,0.8200149365197908,0.8793139078321968,0.8825352394281716,0.8118494795836669,0.8096,0.756,0.754,0.7584905660377359,0.7547169811320755,0.7846153846153846,0.7819397993311037,0.8131059846205283,0.8104312938816449
2025-09-11,0.18726591760299627,0.18684603886397608,0.014540922309929373,0.006697990602819154,0.011217948717948718,0.0,0.006,0.0,0.011385199240986717,0.0,0.012405237767057202,0.0,0.010682288077188146,0.0
2025-09-12,0.2342814371257485,0.20911127707244212,0.039916623241271494,0.028,0.03486973947895792,0.0044,0.018,0.0,0.016853932584269662,0.0,0.042974079126875855,0.001364256480218281,0.028950953678474115,0.0020435967302452314
2025-09-13,0.02914798206278027,0.0052238805970149255,0.03925468439233749,0.025397460253974602,0.03567134268537074,0.0076,0.018,0.0,0.01694915254237288,0.0,0.04132231404958678,0.003443526170798898,0.027346387575962187,0.0027008777852802163
2025-09-14,0.02765321375186846,0.0014925373134328358,0.06340389855376231,0.04768092762894842,0.05012028869286287,0.0132,0.024,0.006,0.022900763358778626,0.003816793893129771,0.031007751937984496,0.0021141649048625794,0.03938067990575564,0.0030292830696735107
2025-09-15,0.029895366218236172,0.0037313432835820895,0.05260947180510343,0.0361,0.040096230954290296,0.0064,0.032,0.0,0.022813688212927757,0.0,0.028591352859135284,0.001394700139470014,0.04577347143334447,0.0023387905111927833
2025-09-16,0.01046337817638266,0.0037313432835820895,0.03294634452463131,0.02888844462215114,0.018473895582329317,0.004,0.018,0.0,0.017208413001912046,0.0,0.017568517217146872,0.0,0.015274949083503055,0.00033944331296673454
2025-09-17,0.3637042569081404,0.36289120715350226,0.34613787375415284,0.367,0.23866827115924588,0.2344,0.14,0.134,0.13018867924528302,0.12641509433962264,0.2067539627842867,0.19986216402481047,0.24741235392320535,0.23906510851419033
2025-09-18,0.002987303958177745,0.0022354694485842027,0.028488251195674778,0.0245,0.014434643143544507,0.0056,0.006012024048096192,0.0,0.011342155009451797,0.0,0.011235955056179775,0.0007022471910112359,0.009361417586091608,0.0013373453694416582
2025-09-19,0.19044062733383121,0.18615040953090098,0.06935099886140152,0.05778266520043987,0.02727637384677096,0.0136,0.02004008016032064,0.0,0.013257575757575758,0.0,0.017433751743375175,0.0,0.018536908308507117,0.0023171135385633896
2025-09-20,0.1708955223880597,0.16827997021593447,0.0668103448275862,0.05608317504748576,0.031287605294825514,0.0168,0.024,0.0,0.022770398481973434,0.0,0.019566736547868623,0.0,0.019960732984293194,0.0016361256544502618
2025-09-21,0.21194029850746268,0.20625465376023827,0.08996434029546613,0.0686,0.05252606255012029,0.0224,0.034,0.002,0.030592734225621414,0.0,0.031528444139821796,0.0006854009595613434,0.034617896799477466,0.002939255388634879
2025-09-22,0.17761194029850746,0.16381236038719285,0.08671867085401681,0.0659,0.05050100200400802,0.018,0.04,0.004,0.03824091778202677,0.0019120458891013384,0.0425531914893617,0.004118050789293068,0.03658934988565828,0.003266906239790918
2025-09-23,0.19925373134328359,0.19524870081662954,0.06970618034447822,0.058994100589941006,0.031663326653306616,0.0156,0.024,0.0,0.019193857965451054,0.0,0.01721763085399449,0.0006887052341597796,0.017082785808147174,0.0009855453350854138
2025-09-24,0.22056631892697467,0.20666666666666667,0.056908925502880826,0.0476952304769523,0.03368083400160385,0.0156,0.022,0.002,0.019193857965451054,0.0,0.011627906976744186,0.0,0.017252604166666668,0.0003255208333333333
2025-09-25,0.21609538002980627,0.21375739644970415,0.0727455919395466,0.0581,0.03130016051364366,0.0148,0.018,0.0,0.018832391713747645,0.0,0.014037433155080214,0.0006684491978609625,0.021222679759265124,0.0009502692429521698
2025-09-26,0.23231571109456442,0.21671597633136094,0.09446842686477261,0.0742702918832467,0.04175030108390205,0.0188,0.016,0.0,0.015122873345935728,0.0,0.017111567419575632,0.0006844626967830253,0.024334847501622323,0.0016223231667748216
2025-09-27,0.22933730454207,0.21523668639053253,0.12271723861127834,0.09518096380723855,0.045691382765531065,0.0216,0.02,0.0,0.015065913370998116,0.0,0.016304347826086956,0.0006793478260869565,0.02276476410425602,0.001649620587264929
2025-09-28,0.05137751303052867,0.027366863905325445,0.1012137626642592,0.045490901819636075,0.049318364073777064,0.0056,0.034,0.0,0.03795066413662239,0.0,0.03455425017277125,0.0,0.04270342972427707,0.0010087424344317419
2025-09-29,0.027550260610573342,0.008875739644970414,0.12064988466553003,0.07707687693691892,0.050922213311948676,0.008,0.036,0.0,0.035916824196597356,0.0,0.03793103448275862,0.0,0.04059539918809202,0.0013531799729364006
2025-09-30,0.0066815144766146995,0.003695491500369549,0.08631071858691289,0.062481255623313005,0.030849358974358976,0.0084,0.026,0.0,0.02835538752362949,0.0,0.027008310249307478,0.0034626038781163434,0.021628928692125717,0.0023656640757012504
2025-10-01,0.5511111111111111,0.5521064301552107,0.6114732724902217,0.6065,0.4929915899078895,0.4852,0.384,0.38,0.3822975517890772,0.3747645951035782,0.44475721323011963,0.43560872624912034,0.4808338937457969,0.47209145931405516
2025-10-02,0.0036982248520710057,0.0029542097488921715,0.06086170533293161,0.040195980401959805,0.018815052041633307,0.004,0.018,0.0,0.022684310018903593,0.0,0.019746121297602257,0.0,0.01430517711171662,0.0003405994550408719
2025-10-03,0.22041420118343194,0.2171344165435746,0.12556549713481452,0.1052,0.04083266613290633,0.022,0.02,0.0,0.028142589118198873,0.0,0.021830985915492956,0.002112676056338028,0.020013568521031207,0.0023744911804613297
2025-10-04,0.23742603550295857,0.21861152141802068,0.1239561324076869,0.0927907209279072,0.05286343612334802,0.0232,0.024,0.002,0.02824858757062147,0.0018832391713747645,0.03047484053862509,0.002834868887313962,0.033321999319959196,0.004420265215912955
2025-10-05,0.22263313609467456,0.2187039764359352,0.1545198308838333,0.1227,0.05811623246492986,0.0296,0.028,0.002,0.027985074626865673,0.0037313432835820895,0.03209700427960057,0.005706134094151213,0.03289473684210526,0.004847645429362881
2025-10-06,0.21967455621301776,0.21354933726067746,0.16322626120229583,0.13196041187643706,0.0625250501002004,0.0324,0.03,0.01,0.033271719038817,0.0036968576709796672,0.03421240199572345,0.003563791874554526,0.03298611111111111,0.005902777777777778
2025-10-07,0.2261640798226164,0.2187039764359352,0.13311851777263115,0.11997600479904019,0.04251905334937826,0.026,0.012,0.006,0.014652014652014652,0.005494505494505495,0.021352313167259787,0.004270462633451958,0.023247744621790422,0.00659264399722415
2025-10-08,0.7257945306725795,0.7260677466863034,0.8064743138634765,0.8049780087964814,0.6991576413959085,0.6968,0.624,0.62,0.6114180478821363,0.6077348066298343,0.6515804597701149,0.6479885057471264,0.6879858657243816,0.6833922261484099
2025-10-09,0.086410635155096,0.08468335787923417,0.08542359222322958,0.07749225077492251,0.022453889334402566,0.0108,0.01603206412825651,0.002,0.019120458891013385,0.0,0.019287833827893175,0.000741839762611276,0.01725403817914831,0.0018355359765051395
2025-10-10,0.21270310192023634,0.2106038291605302,0.128156121114576,0.11888811118888111,0.03850782190132371,0.0244,0.012072434607645875,0.002,0.02091254752851711,0.0038022813688212928,0.017699115044247787,0.0029498525073746312,0.019970951343500364,0.0054466230936819175
2025-10-11,0.20974889217134415,0.20839469808541974,0.11173576950105411,0.10328967103289671,0.03648757016840417,0.0236,0.006024096385542169,0.002,0.014953271028037384,0.003738317757009346,0.016986706056129987,0.0022156573116691287,0.018505079825834544,0.0050798258345428155
2025-10-12,0.24300441826215022,0.21281296023564064,0.152426795026073,0.12886134159752075,0.07288746495794954,0.0352,0.02404809619238477,0.006,0.03339517625231911,0.0074211502782931356,0.03223443223443224,0.006593406593406593,0.041159627773801,0.008589835361488905
2025-10-13,0.22533136966126657,0.21575846833578793,0.13285169576560305,0.10956712986104168,0.06365092073658928,0.0388,0.022044088176352707,0.004,0.03525046382189239,0.0055658627087198514,0.03438185808339429,0.005852231163130944,0.047979797979797977,0.00937950937950938
2025-10-14,0.03460972017673049,0.03166421207658321,0.06094989456772768,0.051994800519948,0.018807523009203683,0.0064,0.012024048096192385,0.0,0.024029574861367836,0.0,0.018544935805991442,0.0007132667617689016,0.013109978150036417,0.0007283321194464676
2025-10-15,1.0,1.0,1.0,1.0,1.0,1.0,1.0,1.0,1.0,1.0,1.0,1.0,1.0,1.0
2025-10-16,0.19882179675994108,0.19693654266958424,0.04117173344070868,0.038588423472958114,0.0104,0.0056,0.0,0.0,0.009487666034155597,0.0,0.006531204644412192,0.0,0.004839910647803425,0.0007446016381236039
2025-10-17,0.2025036818851252,0.19825072886297376,0.039191919191919194,0.02989402119576085,0.018830128205128204,0.0056,0.018,0.002,0.02411873840445269,0.0,0.018011527377521614,0.0,0.013259668508287293,0.00036832412523020257
2025-10-18,0.21354933726067746,0.20845481049562684,0.06270827022114511,0.0541,0.020850040096230954,0.0096,0.016,0.002,0.01639344262295082,0.0,0.016323633782824698,0.0014194464158978,0.01342038447587958,0.0018135654697134566
2025-10-19,0.024300441826215022,0.0036443148688046646,0.09316895715440582,0.06869313068693131,0.046511627906976744,0.0152,0.024,0.0,0.028985507246376812,0.0,0.045454545454545456,0.0034965034965034965,0.035662824207492796,0.005403458213256484
2025-10-21,0.005154639175257732,0.0014577259475218659,0.03129100635914,0.0213,0.0152426795026073,0.0044,0.02,0.002,0.025089605734767026,0.0,0.016129032258064516,0.0,0.015406664278036546,0.0007165890361877463
2025-10-22,0.020618556701030927,0.003589375448671931,0.043702058942268876,0.028494301139772044,0.02892728003214142,0.0052,0.014,0.0,0.02464788732394366,0.0,0.039283252929014474,0.0034458993797381117,0.028711484593837534,0.0028011204481792717
2025-10-23,0.006622516556291391,0.0028591851322373124,0.03882709807886754,0.02729181245626312,0.01850362027353178,0.0052,0.02,0.002,0.024475524475524476,0.0,0.021189336978810664,0.001367053998632946,0.01839000693962526,0.0017349063150589867
2025-10-24,0.008023340627279359,0.002144388849177984,0.04189859325979152,0.026794641071785644,0.02523027633159792,0.0048,0.03206412825651302,0.002,0.033783783783783786,0.0,0.0297029702970297,0.0019801980198019802,0.02247567930224757,0.0023482053002348204
2025-10-25,0.006559766763848397,0.0028591851322373124,0.05454915530225931,0.0403,0.030448717948717948,0.012,0.02004008016032064,0.0,0.022413793103448276,0.0,0.02358490566037736,0.0020215633423180594,0.02376103190767142,0.0033944331296673455
2025-10-26,0.008746355685131196,0.002144388849177984,0.08791096589748826,0.0645,0.04366987179487179,0.018,0.03807615230460922,0.004,0.03633217993079585,0.0017301038062283738,0.03588354773188896,0.004062288422477996,0.03595890410958904,0.007876712328767124
2025-10-27,0.016763848396501458,0.0028591851322373124,0.08569085690856909,0.0626,0.051703406813627256,0.0196,0.04208416833667335,0.004,0.041811846689895474,0.0017421602787456446,0.035404141616566465,0.002004008016032064,0.0392156862745098,0.005747126436781609
2025-10-28,0.024052478134110787,0.0035688793718772305,0.04526791213303223,0.0278,0.03687374749498998,0.0076,0.036072144288577156,0.004,0.029605263157894735,0.001644736842105263,0.02759526938239159,0.001314060446780552,0.02782119412316349,0.001875586120662707
2025-10-29,0.002871500358937545,0.0028551034975017845,0.05328076028712971,0.0324967503249675,0.024028834601521828,0.0108,0.02,0.006,0.012987012987012988,0.0,0.021086261980830672,0.0038338658146964857,0.014771048744460856,0.0029542097488921715
2025-10-30,0.004288777698355968,0.002851033499643621,0.06416734033953113,0.052594740525947405,0.025671881267549136,0.0104,0.02208835341365462,0.002,0.014586709886547812,0.0,0.019695044472681066,0.0006353240152477764,0.01710914454277286,0.0032448377581120944
2025-10-31,0.005003573981415297,0.002851033499643621,0.06851119894598155,0.0556,0.023666265543521862,0.0064,0.030181086519114688,0.002,0.018957345971563982,0.0,0.01972872996300863,0.0,0.0203847258110824,0.004306632213608958
2025-11-01,0.004288777698355968,0.0028469750889679717,0.07686067734739403,0.06588682263547291,0.03131272581292654,0.0152,0.028169014084507043,0.004,0.02073365231259968,0.0,0.022443890274314215,0.005610972568578554,0.020942408376963352,0.0075625363583478765
2025-11-02,0.013581129378127233,0.0035561877667140826,0.10386841303685654,0.0741,0.055800883179446,0.0196,0.04225352112676056,0.006,0.03542673107890499,0.001610305958132045,0.04975124378109453,0.00808457711442786,0.04594673690371671,0.010242903131401814
2025-11-03,0.014295925661186561,0.0035561877667140826,0.09729564863765758,0.07,0.059839357429718874,0.0204,0.04627766599597585,0.004,0.04220779220779221,0.003246753246753247,0.045368620037807186,0.008821676118462508,0.044837758112094395,0.00943952802359882
2025-11-04,0.006423982869379015,0.0035561877667140826,0.0653721024806832,0.05168966206758648,0.031714171015656364,0.0108,0.02404809619238477,0.002,0.028708133971291867,0.0,0.022713321055862493,0.0006138735420503376,0.02223539875481767,0.005040023717758672
2025-11-05,0.41541755888650966,0.41536273115220484,0.4114837398373984,0.415,0.3227619429947812,0.3128,0.21042084168336672,0.198,0.26953748006379585,0.2503987240829346,0.3117040630685264,0.29533050333535477,0.39668932899793086,0.3869346733668342
2025-11-06,0.019957234497505347,0.0028429282160625444,0.041441808369819776,0.0298,0.030084235860409144,0.0044,0.018036072144288578,0.0,0.02922077922077922,0.0016233766233766235,0.03958587088915956,0.0018270401948842874,0.025073746312684365,0.0014749262536873156
2025-11-07,0.005702066999287242,0.0028388928317956,0.07339916522447318,0.06209379062093791,0.03406813627254509,0.0136,0.020080321285140562,0.0,0.030694668820678513,0.0016155088852988692,0.029994001199760048,0.004199160167966407,0.022183304144775248,0.006129597197898424
2025-11-08,0.0056939501779359435,0.0028368794326241137,0.05899675060926076,0.043,0.03766025641025641,0.008,0.01603206412825651,0.002,0.027642276422764227,0.0016260162601626016,0.03573591762568141,0.0030284675953967293,0.027485380116959064,0.003801169590643275
2025-11-09,0.04338549075391181,0.003543586109142452,0.08812182741116752,0.049595040495950406,0.07297514033680834,0.0128,0.03006012024048096,0.002,0.037520391517128875,0.0016313213703099511,0.07734806629834254,0.007366482504604052,0.05819793205317578,0.004726735598227474
2025-11-10,0.041251778093883355,0.003543586109142452,0.060741040696497266,0.031490552834149754,0.06372745490981964,0.0092,0.028056112224448898,0.002,0.033003300330033,0.0,0.07270486752926679,0.0030807147258163892,0.049970255800118976,0.003271861986912552
2025-11-11,0.006401137980085348,0.002834868887313962,0.0322090549984807,0.0217,0.028857715430861724,0.0056,0.018036072144288578,0.002,0.02003338898163606,0.0,0.030340557275541795,0.0018575851393188853,0.02146690518783542,0.0017889087656529517
2025-11-12,0.004978662873399715,0.002834868887313962,0.03288807933616677,0.0237,0.023246492985971944,0.0052,0.02004008016032064,0.002,0.0165016501650165,0.0,0.02279728897104128,0.0012322858903265558,0.01504664459825459,0.0012037315678603672
2025-11-13,0.02914001421464108,0.002834868887313962,0.03756816804685922,0.025192442267319804,0.03923138510808647,0.0092,0.012,0.0,0.014827018121911038,0.0,0.03949843260188088,0.0018808777429467085,0.0258180726508556,0.0024016811768237767
2025-11-14,0.029808374733853796,0.002834868887313962,0.045330641090358406,0.030896910308969103,0.038030424339471576,0.0092,0.012,0.0,0.011513157894736841,0.001644736842105263,0.038871473354231974,0.0018808777429467085,0.02613397416641634,0.0021027335536197055
2025-11-15,0.0035460992907801418,0.0021231422505307855,0.03993545784590561,0.029197080291970802,0.028011204481792718,0.0112,0.018,0.002,0.014778325123152709,0.0,0.019193857965451054,0.0012795905310300703,0.017406962785114045,0.003001200480192077
2025-11-16,0.03047484053862509,0.0028308563340410475,0.06327455919395467,0.0391,0.04961984793917567,0.0124,0.018,0.002,0.019639934533551555,0.0,0.028241335044929396,0.0019255455712451862,0.03307276007215875,0.0024052916416115455
2025-11-17,0.025513819985825654,0.003538570417551309,0.08337528949753298,0.0627874425114977,0.04801920768307323,0.0156,0.024,0.0,0.02572347266881029,0.001607717041800643,0.025461489497135583,0.0019096117122851686,0.031632348552670844,0.002387347060578932
2025-11-18,0.01700921332388377,0.003538570417551309,0.03594442207007652,0.0267,0.025610244097639057,0.0072,0.008,0.0,0.015873015873015872,0.0,0.016341923318667503,0.0018856065367693275,0.01674140508221226,0.0017937219730941704
2025-11-19,0.004961020552799433,0.003536067892503536,0.03344751158573443,0.02529494101179764,0.017227564102564104,0.0048,0.012,0.0,0.01732283464566929,0.0,0.01948460087994972,0.001257071024512885,0.01342882721575649,0.001193673530289466
2025-11-20,0.0028368794326241137,0.0021231422505307855,0.03253096988619196,0.022397760223977603,0.02283653846153846,0.004,0.016,0.0,0.023255813953488372,0.0,0.02404438964241677,0.0006165228113440197,0.017732558139534883,0.0011627906976744186
2025-11-21,0.004252303330970942,0.00211864406779661,0.03565313727465001,0.0241,0.024439102564102564,0.006,0.012,0.0,0.018604651162790697,0.0,0.024029574861367836,0.0012322858903265558,0.01779463243873979,0.001750291715285881
2025-11-22,0.004246284501061571,0.0021141649048625794,0.039959636730575177,0.0231,0.023246492985971944,0.002,0.016,0.0,0.027439024390243903,0.0,0.02748930971288943,0.0018326206475259622,0.022267206477732792,0.0020242914979757085
2025-11-23,0.008492569002123142,0.0028188865398167725,0.0633410907619144,0.03589282143571286,0.04046474358974359,0.0084,0.03,0.0,0.045112781954887216,0.0015037593984962407,0.041970802919708027,0.0024330900243309003,0.0375896700143472,0.0028694404591104736
2025-11-24,0.014218009478672985,0.002355712603062426,0.04842148005278652,0.0305,0.03775100401606426,0.0072,0.038,0.002,0.04734848484848485,0.001893939393939394,0.04436860068259386,0.002559726962457338,0.033964095099466275,0.0019408054342552159
2025-11-25,0.007077140835102618,0.002112676056338028,0.030610176363267787,0.0159,0.02844551282051282,0.0012,0.03,0.0,0.04309063893016345,0.0,0.03822815533980582,0.0006067961165048543,0.026074498567335243,0.0014326647564469914
2025-11-26,0.7722772277227723,0.7698803659394793,0.8262013151239251,0.825,0.7574059247397918,0.7488,0.65,0.634,0.6751117734724292,0.6572280178837556,0.7300060132291041,0.7179795550210463,0.7869084726551431,0.7806744120147351
2025-11-27,0.004243281471004243,0.0021082220660576245,0.016741071428571428,0.0088,0.016426282051282052,0.0012,0.016,0.0,0.0243531202435312,0.0,0.02096177558569667,0.0,0.014929742388758781,0.0002927400468384075
2025-11-28,0.004240282685512367,0.0014035087719298245,0.03269699431356621,0.015496900619876025,0.026853707414829658,0.0048,0.016,0.0,0.03048780487804878,0.0,0.027455765710799267,0.0012202562538133007,0.020689655172413793,0.0014367816091954023
2025-11-29,0.004228329809725159,0.002105263157894737,0.02566183182878588,0.0132,0.024849699398797595,0.0024,0.02404809619238477,0.0,0.03852080123266564,0.0,0.028169014084507043,0.0,0.01898188093183779,0.0005752085130859936
2025-11-30,0.01620859760394644,0.002102312543798178,0.044741370584067214,0.0167,0.041299117882919005,0.004,0.02610441767068273,0.0,0.04179566563467492,0.0,0.04171779141104295,0.0006134969325153375,0.03269118505545826,0.0005837711617046118
2025-12-01,0.21000704721634955,0.1646811492641906,0.08097985626075514,0.053094690530946904,0.08102687525070197,0.0436,0.07429718875502007,0.042,0.0946372239747634,0.04416403785488959,0.07116104868913857,0.0299625468164794,0.12754050073637702,0.08453608247422681
2025-12-02,0.0021141649048625794,0.002099370188943317,0.02125290962453193,0.013098690130986902,0.016452648475120384,0.0016,0.012048192771084338,0.0,0.0272,0.0032,0.020871700429711478,0.0012277470841006752,0.012703101920236336,0.0008862629246676514
2025-12-03,0.18873239436619718,0.009790209790209791,0.056330906148867314,0.0136986301369863,0.0502209722780233,0.0028,0.05432595573440644,0.014,0.06902086677367576,0.011235955056179775,0.0514839491217444,0.004239854633555421,0.10440361621463984,0.003499562554680665
2025-12-05,0.21433591004919184,0.17852161785216178,0.08,0.0543,0.07065435568044962,0.0392,0.0642570281124498,0.036,0.07472178060413355,0.04292527821939587,0.06598680263947211,0.03119376124775045,0.1290229051899101,0.09481008988112496
2025-12-09,0.21263157894736842,0.0006968641114982578,0.04891748366013072,0.0016993202718912435,0.04191858121725111,0.0004,0.04809619238476954,0.0,0.07166123778501629,0.0,0.056407112201103615,0.0,0.11892208553016989,0.00029291154071470416
2025-12-10,0.21418539325842698,0.018789144050104383,0.09209445585215606,0.0394,0.05818181818181818,0.0064,0.056112224448897796,0.002,0.07269789983844911,0.004846526655896607,0.061387354205033766,0.003069367710251688,0.12249705535924617,0.010306242638398116
2025-12-11,0.3118430273300631,0.21627260083449235,0.22165212929707542,0.18598140185981402,0.18629032258064515,0.1444,0.186,0.144,0.15807560137457044,0.13917525773195877,0.17815021725636251,0.13283674736188703,0.22947872977831035,0.1713600958657879
2025-12-12,0.2102312543798178,0.006254343293954135,0.07813303176724581,0.0255,0.05647438483259379,0.0028,0.03,0.0,0.024179620034542316,0.0,0.028277634961439587,0.0012853470437017994,0.04979253112033195,0.001915097350781998
2025-12-13,0.13365990202939118,0.08200138985406533,0.06264143180415552,0.03799620037996201,0.05569007263922518,0.0096,0.024,0.0,0.02385008517887564,0.0,0.04980842911877394,0.0006385696040868455,0.042539477924589106,0.0029004189494038026
2025-12-14,0.20433869839048285,0.19694868238557559,0.1260020554984584,0.0889,0.06863140896245458,0.034,0.03807615230460922,0.01,0.03571428571428571,0.0,0.035443037974683546,0.0006329113924050633,0.04055358867074348,0.0041841004184100415
2025-12-15,0.021632937892533146,0.009015256588072122,0.07286869307133353,0.0451,0.04624045034177724,0.0072,0.03206412825651302,0.004,0.03741496598639456,0.003401360544217687,0.03841387856257745,0.0012391573729863693,0.042708003796267005,0.0034799114204365706
2025-12-16,0.001394700139470014,0.0006934812760055479,0.05302952896699704,0.0425,0.020883534136546186,0.004,0.014028056112224449,0.0,0.021052631578947368,0.0,0.01964512040557668,0.0,0.016987912446912775,0.0013067624959163672
2025-12-17,0.7627000695894224,0.7638504155124654,0.8233147491130258,0.8239352129574086,0.7416900280336404,0.7376,0.652,0.646,0.6683937823834197,0.6649395509499136,0.7174185463659147,0.7124060150375939,0.7559638942617666,0.7527401676337847
2025-12-18,0.0013908205841446453,0.0006920415224913495,0.04694788075441087,0.0387,0.022017614091273018,0.0044,0.018,0.0,0.014388489208633094,0.0,0.018613607188703467,0.0,0.017212843429328037,0.0006620324395895399
2025-12-19,0.0006949270326615705,0.0006920415224913495,0.017038539553752535,0.0136986301369863,0.004017677782241864,0.0016,0.0,0.0,0.0,0.0,0.0,0.0,0.0016302575806977503,0.0
2025-12-20,0.002779708130646282,0.0006920415224913495,0.05918119173084718,0.0426,0.027320208919244676,0.006,0.022,0.002,0.023769100169779286,0.001697792869269949,0.025735294117647058,0.0012254901960784314,0.021875,0.0015625
2025-12-21,0.0062413314840499305,0.000691085003455425,0.08198216457235509,0.0536,0.04293739967897271,0.0052,0.032,0.002,0.04355108877721943,0.0,0.0430239704978488,0.0018438844499078057,0.038558786346396964,0.0031605562579013905
2025-12-22,0.036754507628294034,0.000691085003455425,0.08092251669026906,0.04609078184363127,0.06468461229409402,0.0064,0.038,0.0,0.04421768707482993,0.0,0.07454200884396715,0.002526847757422615,0.05910852713178295,0.003875968992248062
2025-12-23,0.0034674063800277394,0.000689655172413793,0.056795131845841784,0.039996000399960006,0.02661290322580645,0.0032,0.02,0.002,0.025,0.0016666666666666668,0.03331238214959145,0.00251414204902577,0.027768808524378432,0.002583144979011947
2025-12-24,0.0034626038781163434,0.0006891798759476223,0.05772151898734177,0.04308707387783665,0.02818035426731079,0.0048,0.024,0.0,0.03350083752093802,0.0,0.0323785803237858,0.0024906600249066002,0.02568593111500292,0.004086398131932283
2025-12-25,0.007612456747404845,0.000687757909215956,0.08157894736842106,0.0591881623675265,0.04181745074386811,0.0084,0.03,0.0,0.03722504230118443,0.0,0.03838065194532071,0.0026288117770767614,0.033766233766233764,0.004617604617604618
2025-12-26,0.009688581314878892,0.001375515818431912,0.09044869847057632,0.063,0.04825090470446321,0.0092,0.038,0.0,0.048576214405360134,0.0,0.043617021276595745,0.00425531914893617,0.038100820633059786,0.004103165298944901
2025-12-27,0.004844290657439446,0.001375515818431912,0.06640348213381922,0.04999500049995,0.03617363344051447,0.0096,0.028,0.0,0.03264604810996564,0.0,0.030319436924742826,0.003789929615592853,0.026466165413533835,0.004210526315789474
2025-12-28,0.0082930200414651,0.000687757909215956,0.07768461460753612,0.05237904838064774,0.03858520900321544,0.0072,0.038,0.0,0.03684210526315789,0.0,0.03305785123966942,0.003305785123966942,0.032326928941750536,0.0030497102775236353
2025-12-29,0.043538355217691775,0.001375515818431912,0.09041372351160444,0.060187962407518496,0.0667470848411741,0.0112,0.034,0.002,0.03942652329749104,0.0017921146953405018,0.05706371191135734,0.0033240997229916896,0.05090463048144741,0.003986507206378411
2025-12-30,0.0020689655172413794,0.000687757909215956,0.05724346076458753,0.0469,0.022035256410256412,0.0052,0.016,0.0,0.021937842778793418,0.0,0.016282987085906794,0.0016844469399213925,0.017107309486780714,0.0015552099533437014
2025-12-31,0.0013783597518952446,0.000687757909215956,0.05942684766214178,0.0492,0.022426912294753704,0.006,0.012,0.0,0.01834862385321101,0.0,0.01758366420873511,0.0022688598979013048,0.019743027264180507,0.0021936696960200563
2026-01-01,0.0020632737276478678,0.000687757909215956,0.06447077726451095,0.04999500049995,0.025610244097639057,0.0052,0.02,0.006,0.02486678507992895,0.0017761989342806395,0.021727019498607242,0.001671309192200557,0.025408348457350273,0.0024198427102238356
2026-01-02,0.006189821182943604,0.0013745704467353953,0.07675328584328284,0.056,0.03321328531412565,0.0092,0.024,0.004,0.031914893617021274,0.0,0.029725182277061134,0.0028042624789680315,0.03317829457364341,0.00496124031007752
2026-01-03,0.002751031636863824,0.0013745704467353953,0.04974924774322969,0.034693061387722456,0.023609443777511004,0.0032,0.016,0.0,0.031135531135531136,0.0,0.021461716937354988,0.0,0.023084321898044245,0.0012824623276691247
2026-01-04,0.039889958734525444,0.002061855670103093,0.06576965558791044,0.040495950404959506,0.0700280112044818,0.018,0.058,0.008,0.05745062836624776,0.003590664272890485,0.07253886010362694,0.008635578583765112,0.053003533568904596,0.007388371345968519
2026-01-05,0.039202200825309494,0.0013745704467353953,0.0585929648241206,0.03488953314005798,0.06962785114045618,0.014,0.064,0.006,0.059782608695652176,0.0018115942028985507,0.07439446366782007,0.0057670126874279125,0.05604431410883024,0.006516780710329097
2026-01-06,0.03370013755158184,0.0013745704467353953,0.060414153598713306,0.0456954304569543,0.0544435548438751,0.014,0.04,0.006,0.03663003663003663,0.0018315018315018315,0.059675550405561995,0.006952491309385863,0.041189931350114416,0.005557371690094802
2026-01-07,0.028905712319339298,0.0013717421124828531,0.04690016103059581,0.0302,0.04925911093311974,0.0052,0.034,0.002,0.027985074626865673,0.0018656716417910447,0.05587557603686636,0.002304147465437788,0.04279647174126103,0.0013067624959163672
2026-01-08,0.03576341127922971,0.0006854009595613434,0.057171615500754905,0.0389,0.0632506004803843,0.012,0.046,0.006,0.033582089552238806,0.0037313432835820895,0.06918238993710692,0.00686106346483705,0.0498371335504886,0.004560260586319218
2026-01-09,0.008934707903780068,0.0013679890560875513,0.05632241813602015,0.04228731380585824,0.042817126850740295,0.01,0.062,0.008,0.0450281425891182,0.005628517823639775,0.047018348623853214,0.007454128440366973,0.033909357678513205,0.004564721225953701
2026-01-10,0.006872852233676976,0.0,0.04093567251461988,0.027497250274972504,0.040865384615384616,0.0112,0.050100200400801605,0.008,0.04182509505703422,0.0038022813688212928,0.042735042735042736,0.007407407407407408,0.03202846975088968,0.005823358136525397
2026-01-11,0.013058419243986255,0.0006825938566552901,0.06287153652392947,0.044195580441955803,0.04767628205128205,0.0168,0.06012024048096192,0.012,0.046468401486988845,0.00929368029739777,0.04465799886941775,0.008479366873940079,0.03491351697629724,0.006726457399103139
2026-01-12,0.006185567010309278,0.0,0.06336893008261132,0.044077961019490255,0.038492381716118684,0.0152,0.028056112224448898,0.008,0.028680688336520075,0.0076481835564053535,0.029748283752860413,0.003432494279176201,0.02696629213483146,0.0044943820224719105
2026-01-13,0.002061855670103093,0.001364256480218281,0.03131292790978655,0.0213,0.022052927024859663,0.0088,0.01603206412825651,0.006,0.011363636363636364,0.003787878787878788,0.017663817663817662,0.002849002849002849,0.014987244897959183,0.001913265306122449
2026-01-14,0.0006854009595613434,0.0,0.039239360096589196,0.03189362127574485,0.01884522854851644,0.0076,0.014,0.0,0.014925373134328358,0.0,0.01478953356086462,0.0005688282138794084,0.011660888748818153,0.0006303183107469272
2026-01-15,0.0006854009595613434,0.0,0.02486160040261701,0.0156,0.021686746987951807,0.0108,0.016,0.008,0.013059701492537313,0.0018656716417910447,0.016356457980823462,0.00338409475465313,0.01520794537554314,0.002793296089385475
2026-01-16,0.0006839945280437756,0.0006807351940095302,0.04642497482376636,0.0355,0.023656776263031275,0.0108,0.016,0.008,0.014598540145985401,0.0,0.015359297860669226,0.0021941854086670325,0.014173703256936067,0.0015078407720144752
2026-01-17,0.0013651877133105802,0.0013531799729364006,0.044631110211517055,0.0313968603139686,0.022435897435897436,0.0016,0.026,0.0,0.024778761061946902,0.0,0.01932367149758454,0.0,0.01897810218978102,0.00029197080291970805
2026-01-18,0.00477815699658703,0.0027063599458728013,0.04138350745511715,0.0155,0.03727454909819639,0.0148,0.036,0.01,0.029513888888888888,0.0,0.02402562733582488,0.002135611318739989,0.027849554981337926,0.003158196956646569
2026-01-19,0.034788540245566164,0.0033829499323410014,0.07289132197891322,0.04709058188362328,0.05804643714971978,0.0156,0.036,0.012,0.029209621993127148,0.001718213058419244,0.04925847457627119,0.00211864406779661,0.04266895761741123,0.003150057273768614
2026-01-20,0.032060027285129605,0.0027063599458728013,0.04742561186148066,0.03,0.04123298638911129,0.0088,0.022,0.002,0.02768166089965398,0.0,0.036036036036036036,0.0,0.030433534309503303,0.0011484352569623888
2026-01-21,0.004771642808452625,0.0013486176668914363,0.04088274178785722,0.0278,0.022444889779559118,0.0056,0.02,0.002,0.030821917808219176,0.0,0.01790416008425487,0.00105318588730911,0.022323983972524327,0.0017172295363480253
2026-01-22,0.0034059945504087193,0.0020215633423180594,0.0336494340776996,0.0263,0.015254917703733441,0.0024,0.016,0.0,0.023728813559322035,0.0,0.015616866215512754,0.001041124414367517,0.01473922902494331,0.0011337868480725624
2026-01-23,0.002722940776038121,0.0013413816230717639,0.03446166394779772,0.025,0.016070711128967456,0.0028,0.02,0.004,0.026490066225165563,0.0016556291390728477,0.017346938775510204,0.0010204081632653062,0.016102165463631316,0.000555247084952804
2026-01-24,0.0020297699594046007,0.0013413816230717639,0.03209425147267926,0.0226,0.013660104459622338,0.0008,0.014,0.0,0.02287581699346405,0.0,0.015445939212755356,0.0,0.015279672578444748,0.00027285129604365623
2026-01-25,0.008795669824086604,0.0026827632461435278,0.05848903330625508,0.0394,0.0317524115755627,0.0116,0.024,0.006,0.022838499184339316,0.0016313213703099511,0.02185792349726776,0.0014903129657228018,0.026681187040566295,0.004900626191124422
2026-01-26,0.006765899864682003,0.0013413816230717639,0.055758683729433274,0.0328,0.02535211267605634,0.0028,0.01002004008016032,0.0,0.022913256955810146,0.0,0.02382133995037221,0.0019851116625310174,0.025529603476371537,0.0016295491580662683
2026-01-27,0.0027100271002710027,0.001343183344526528,0.03259876104397278,0.01999600079984003,0.015291750503018108,0.0028,0.01002004008016032,0.0,0.016129032258064516,0.0,0.014807502467917079,0.0009871668311944718,0.013279132791327914,0.0005420054200542005
2026-01-28,0.4939271255060729,0.49631614199598123,0.5313481211384584,0.5303,0.4807228915662651,0.4752,0.276,0.266,0.3146964856230032,0.30670926517571884,0.5105340519353259,0.5036746692797648,0.519796682718031,0.5133761369716426
2026-01-29,0.004043126684636119,0.0006684491978609625,0.049110751818916734,0.0337966203379662,0.02971887550200803,0.0124,0.018,0.002,0.022764227642276424,0.0,0.01904761904761905,0.0005012531328320802,0.017486338797814208,0.000546448087431694
2026-01-30,0.004024144869215292,0.0019973368841544607,0.07464192051644139,0.055194480551944806,0.036057692307692304,0.0144,0.02,0.0,0.03145695364238411,0.0,0.02488572879634332,0.004062976130015236,0.025302530253025302,0.0038503850385038503
2026-02-01,0.0013413816230717639,0.0006657789613848203,0.04607783827384553,0.0285,0.028067361668003207,0.0072,0.016,0.002,0.030303030303030304,0.0,0.022536687631027254,0.0010482180293501049,0.02284263959390863,0.0011280315848843769
2026-02-02,0.008718980549966466,0.0013306719893546241,0.06334613053142049,0.0371,0.032490974729241874,0.0076,0.018,0.0,0.034722222222222224,0.0,0.0288,0.0021333333333333334,0.030573983270839343,0.0031727718488606866
2026-02-03,0.004024144869215292,0.003989361702127659,0.04997470915528578,0.0398,0.024057738572574178,0.0108,0.01,0.006,0.018900343642611683,0.005154639175257732,0.01695813460519343,0.0037095919448860626,0.01853435985172512,0.003992015968063872
2026-02-04,0.0006706908115358819,0.000664451827242525,0.04307286915982568,0.0316,0.019662921348314606,0.006,0.01002004008016032,0.0,0.015126050420168067,0.0,0.016137428422696512,0.0015616866215512754,0.015273535129130798,0.0016662038322688142
2026-02-05,0.000671591672263264,0.000663129973474801,0.045358330813426065,0.03219356128774245,0.022480931352870333,0.0056,0.014028056112224449,0.0,0.02127659574468085,0.0,0.01953727506426735,0.0015424164524421595,0.017326732673267328,0.0011001100110011
2026-02-06,0.0013360053440213762,0.001978891820580475,0.0427584806012594,0.03189043287013896,0.020465489566613163,0.0072,0.008,0.0,0.011532125205930808,0.0,0.011800923550538737,0.001026167265264238,0.014608599779492833,0.0008269018743109151
2026-02-07,0.0019973368841544607,0.0013201320132013201,0.039788338251755366,0.0306969303069693,0.021669341894060994,0.0076,0.012,0.0,0.008305647840531562,0.0,0.013151239251390997,0.0010116337885685382,0.01240694789081886,0.0008271298593879239
2026-02-08,0.0019973368841544607,0.0013201320132013201,0.054078826764436295,0.0387961203879612,0.024889602569249297,0.0048,0.022,0.0,0.013050570962479609,0.0,0.017085427135678392,0.0010050251256281408,0.0221606648199446,0.002770083102493075
2026-02-09,0.027944111776447105,0.0013201320132013201,0.052728013029315964,0.0349,0.04091456077015644,0.006397441023590564,0.024,0.002,0.011532125205930808,0.0,0.03533026113671275,0.0005120327700972862,0.03035413153456998,0.0016863406408094434
2026-02-10,0.02726063829787234,0.0013201320132013201,0.04020712762717027,0.029797020297970205,0.02888086642599278,0.0016,0.012,0.0,0.006546644844517185,0.0,0.028934010152284265,0.0,0.02297562342392827,0.0008405715886803026
2026-02-11,0.654485049833887,0.6567656765676567,0.713039951328331,0.7146285371462854,0.6435445068163592,0.6416,0.476,0.472,0.5231259968102073,0.5199362041467305,0.6557377049180327,0.65424739195231,0.6778872468527641,0.6748768472906403
2026-02-12,0.015873015873015872,0.0013201320132013201,0.024992411211170698,0.0166,0.0212,0.0028,0.004,0.0,0.004807692307692308,0.0,0.02004008016032064,0.0,0.016731734523145567,0.0005577244841048522
2026-02-13,0.02443857331571995,0.0013192612137203166,0.050541881900131674,0.038,0.0344275420336269,0.006,0.012,0.0,0.01529051987767584,0.0,0.030346820809248554,0.001445086705202312,0.024096385542168676,0.001606425702811245
2026-02-14,0.02906208718626156,0.0013192612137203166,0.049772382397572076,0.0354964503549645,0.03926282051282051,0.0052,0.014,0.0,0.020771513353115726,0.0,0.03508771929824561,0.000474158368895211,0.02787363950092912,0.0007963897000265463
2026-02-15,0.026420079260237782,0.0013183915622940012,0.07555960700901448,0.052094790520947905,0.048477564102564104,0.01,0.02,0.0,0.027417027417027416,0.0,0.0413953488372093,0.0018604651162790699,0.03650586701434159,0.002346805736636245
2026-02-16,0.031043593130779392,0.0026367831245880024,0.07259048393655958,0.0486,0.052884615384615384,0.0088,0.028,0.002,0.03142857142857143,0.0014285714285714286,0.03952941176470588,0.0018823529411764706,0.0407098121085595,0.003131524008350731
2026-02-17,0.0059445178335535,0.0013166556945358788,0.05070766724366154,0.0392,0.024439102564102564,0.004,0.014,0.0,0.022727272727272728,0.0,0.021636876763875823,0.0,0.020800421274354924,0.000526592943654555
2026-02-18,0.0019815059445178335,0.0013166556945358788,0.05012224938875306,0.0422,0.018028846153846152,0.0048,0.01,0.0,0.015895953757225433,0.0,0.014184397163120567,0.00047281323877068556,0.014203051025775907,0.0010520778537611783
2026-02-19,0.0013201320132013201,0.0013131976362442547,0.046587658357172046,0.03988404638144742,0.016044925792218213,0.004,0.008,0.0,0.008658008658008658,0.0,0.013133208255159476,0.0,0.014694305956441878,0.0002623983206507478
2026-02-20,0.0013192612137203166,0.0013123359580052493,0.047223929522638805,0.0387961203879612,0.023656776263031275,0.0028,0.018,0.0,0.01272984441301273,0.0,0.01441860465116279,0.00046511627906976747,0.018619084561675717,0.0012929919834497026
2026-02-21,0.002638522427440633,0.0013123359580052493,0.04037712646034023,0.0299,0.024478330658105937,0.0036,0.016,0.002,0.018258426966292134,0.0,0.014533520862634786,0.0009376465072667605,0.02064516129032258,0.003096774193548387
2026-02-22,0.001977587343441002,0.0013114754098360656,0.06342559493412317,0.0466953304669533,0.020440881763527055,0.0016,0.01,0.0,0.027932960893854747,0.0,0.018207282913165267,0.0,0.021538461538461538,0.0017948717948717949
2026-02-23,0.0032959789057350032,0.0013114754098360656,0.061116212631364145,0.04118352658936426,0.03927855711422846,0.0068,0.028,0.002,0.03825136612021858,0.001366120218579235,0.03464203233256351,0.004157043879907622,0.03181471112242301,0.004835836090608297
2026-02-24,0.0013166556945358788,0.0013114754098360656,0.02630505709624796,0.0156984301569843,0.010817307692307692,0.0,0.004,0.0,0.009589041095890411,0.0,0.012448132780082987,0.0,0.012210633426609005,0.0005087763927753752
2026-02-25,0.0026333113890717576,0.0019672131147540984,0.049979641693811076,0.0394,0.03286573146292585,0.014,0.01,0.0,0.013831258644536652,0.0,0.030303030303030304,0.01147842056932966,0.023273463192512018,0.008095117632178092
2026-02-26,0.0013131976362442547,0.0013029315960912053,0.05855490156281713,0.0463,0.04061117812625653,0.0164,0.016,0.004,0.021739130434782608,0.001358695652173913,0.03713768115942029,0.013134057971014492,0.030445544554455445,0.010643564356435644
2026-02-27,0.012467191601049869,0.001299545159194282,0.05698641249239505,0.0406,0.04505229283990346,0.0052,0.02,0.0,0.024456521739130436,0.0,0.03905540417801998,0.005449591280653951,0.03329223181257707,0.004192355117139334
2026-02-28,0.0045901639344262295,0.0012961762799740765,0.04847378562011966,0.02989402119576085,0.0410958904109589,0.0036,0.026,0.0,0.025675675675675677,0.0,0.04155374887082204,0.0027100271002710027,0.030049261083743842,0.002955665024630542
2026-03-01,0.019003931847968544,0.0012961762799740765,0.07467994310099574,0.0454,0.055980668546113575,0.0052,0.028,0.002,0.030470914127423823,0.002770083102493075,0.045909090909090906,0.0027272727272727275,0.043627450980392155,0.0031862745098039215
2026-03-02,0.019659239842726082,0.0012961762799740765,0.04938900203665988,0.026497350264973504,0.04879032258064516,0.0172,0.028,0.004,0.03159340659340659,0.0027472527472527475,0.04292815183009489,0.014008133755083597,0.038111630194246376,0.009835259404966806
2026-03-03,0.003931847968545216,0.0012845215157353885,0.05226623111474071,0.0413,0.02784503631961259,0.0116,0.01603206412825651,0.0,0.019151846785225718,0.0,0.02666064166290104,0.008133755083596927,0.021611001964636542,0.00712180746561886
2026-03-04,0.005242463958060288,0.0012746972594008922,0.038059089043906445,0.0245975402459754,0.01981399110392236,0.0004,0.02208835341365462,0.0,0.01904761904761905,0.0,0.017002237136465325,0.0,0.02266081871345029,0.0004873294346978557
2026-03-05,0.0032552083333333335,0.001272264631043257,0.04806708938433218,0.03748500599760096,0.016901408450704224,0.0016,0.014,0.0,0.01740294511378849,0.0,0.015859030837004406,0.0004405286343612335,0.014517299782240502,0.0007258649891120251
2026-03-06,0.003246753246753247,0.0012714558169103624,0.04159836065573771,0.029194161167766446,0.014067524115755627,0.0008,0.016,0.0,0.015894039735099338,0.0,0.012911843276936777,0.0004452359750667854,0.013999517258025585,0.0009654839488293508
2026-03-07,0.0032404406999351912,0.0012682308180088776,0.04606408025386426,0.036089173248025595,0.016894609814963796,0.0056,0.012024048096192385,0.0,0.01703800786369594,0.0,0.012345679012345678,0.0008818342151675485,0.01419292759201347,0.0007216742843396681
2026-03-08,0.004536616979909268,0.0012674271229404308,0.07159708688070571,0.047,0.027375201288244767,0.0024,0.022044088176352707,0.002,0.024771838331160364,0.0,0.025032369443245578,0.00043159257660768235,0.02868754482428879,0.002868754482428879
2026-03-09,0.03629293583927414,0.0031685678073510772,0.07080554130323242,0.0456,0.048711755233494365,0.0088,0.026052104208416832,0.004,0.027202072538860103,0.0,0.04759844223279965,0.0017308524448290783,0.040889526542324243,0.0028694404591104736
2026-03-10,0.002569043031470777,0.0012674271229404308,0.04929288788686206,0.0396,0.01687424668541583,0.004,0.01,0.002,0.020512820512820513,0.0,0.017082785808147174,0.002628120893561104,0.01599427070899976,0.0023872045834328003
2026-03-11,0.0025493945188017845,0.0012674271229404308,0.04876058349484851,0.0387961203879612,0.02045728038507822,0.0044,0.016,0.002,0.021546261089987327,0.0,0.01862278042442616,0.0008661758336942399,0.01881848499285374,0.0014292520247737017
2026-03-12,0.0019083969465648854,0.001265022137887413,0.04793050587634134,0.03819236152769446,0.017234468937875752,0.0032,0.016,0.002,0.022613065326633167,0.0,0.017804154302670624,0.001695633743111488,0.01678090285984401,0.001181753722524226
2026-03-13,0.0019071837253655435,0.001265022137887413,0.046981922173424576,0.03799620037996201,0.02004008016032064,0.006,0.016,0.0,0.021170610211706103,0.0,0.01693480101608806,0.001693480101608806,0.016223841993886667,0.002116153303550435
2026-03-14,0.0031705770450221942,0.001265022137887413,0.047813649366571315,0.0365963403659634,0.024009603841536616,0.0056,0.018,0.002,0.019851116625310174,0.0,0.019723038187159043,0.001678556441460344,0.01972757162987318,0.0021136683889149835
2026-03-15,0.0038022813688212928,0.0018975332068311196,0.06059057933994074,0.03478608556577369,0.0300240192153723,0.0032,0.026,0.004,0.02836004932182491,0.0,0.026526315789473683,0.0004210526315789474,0.029087497067792633,0.0009383063570255688
2026-03-16,0.013307984790874524,0.001265022137887413,0.06714285714285714,0.04459554044595541,0.0408490188225871,0.0068,0.03,0.004,0.03785103785103785,0.0,0.03663157894736842,0.0016842105263157896,0.03313748531139835,0.0025851938895417154
2026-03-18,0.024714828897338403,0.0012642225031605564,0.047521925351825416,0.028,0.037289494787489975,0.0032,0.026,0.002,0.03155339805825243,0.0,0.03456998313659359,0.0,0.026532049776942946,0.0009391876027236441
2026-03-19,0.016476552598225603,0.0012626262626262627,0.019895928986838077,0.0099,0.019647153167602245,0.0004,0.014,0.0,0.01990049751243781,0.0,0.024193548387096774,0.0,0.01724952741020794,0.00023629489603024575
2026-03-20,0.02530044275774826,0.0012618296529968455,0.026559478986465858,0.011398860113988602,0.028434120945134162,0.0012,0.012,0.0,0.020858895705521473,0.0,0.03258145363408521,0.0004177109440267335,0.024031731217918805,0.0002333177788147457
2026-03-21,0.005060088551549652,0.0012610340479192938,0.04004879040455377,0.0265,0.021634615384615384,0.0024,0.016,0.002,0.023255813953488372,0.0,0.0225752508361204,0.0008361204013377926,0.01835075493612079,0.0009291521486643438
2026-03-22,0.0031625553447185324,0.0012610340479192938,0.05009125937943622,0.024797520247975203,0.026041666666666668,0.0048,0.024,0.002,0.02843016069221261,0.0,0.026006711409395974,0.0020973154362416107,0.027165080102159275,0.0025539818899465985
2026-03-23,0.008222643896268185,0.001260239445494644,0.04893617021276596,0.0230976902309769,0.030849358974358976,0.0048,0.03,0.004,0.027848101265822784,0.0,0.031942078364565585,0.002129471890971039,0.03222040625729629,0.0025682932523931824
2026-03-24,0.002530044275774826,0.001260239445494644,0.02433583451632529,0.0143,0.015625,0.0036,0.014,0.004,0.011612903225806452,0.0,0.015437392795883362,0.0004288164665523156,0.015265382808830438,0.0004697040864255519
2026-03-25,0.0025284450063211127,0.0012594458438287153,0.026545086119554206,0.012598740125987402,0.013616339607529036,0.0016,0.012,0.0,0.012578616352201259,0.0,0.01317467063323417,0.0,0.01435517480898356,0.00046307015512850195
2026-03-26,0.03282828282828283,0.0012594458438287153,0.039769859695165034,0.018,0.03282626100880705,0.0012,0.012,0.0,0.01256281407035176,0.0,0.03706823925863521,0.0,0.030087276067983462,0.00045934772622875517
2026-03-27,0.0018927444794952682,0.0012594458438287153,0.03621141819648981,0.0208,0.01922306768121746,0.0056,0.012,0.002,0.01403061224489796,0.0,0.01697792869269949,0.00042444821731748726,0.021564579031888048,0.0011470520761642578
2026-03-28,0.0018915510718789407,0.0012578616352201257,0.031171189347321698,0.0171,0.014411529223378704,0.0008,0.012,0.0,0.017948717948717947,0.0,0.015737983836665248,0.0,0.023261169967756793,0.00023030861354214648
2026-03-29,0.0025220680958385876,0.0012578616352201257,0.043544150333400686,0.0211978802119788,0.0196078431372549,0.0028,0.014,0.002,0.017879948914431672,0.0,0.021711366538952746,0.0004257130693912303,0.03016348146442551,0.0009210223347916187
2026-03-30,0.003780718336483932,0.0012578616352201257,0.048528965726417954,0.0249,0.021617293835068056,0.0024,0.014,0.0,0.01808785529715762,0.0,0.019742489270386267,0.00042918454935622315,0.026352288488210817,0.0018492834026814608
2026-03-31,0.001260239445494644,0.0012554927809165098,0.035176387344587084,0.0181,0.0184221065278334,0.0004,0.012,0.0,0.015364916773367477,0.0,0.023295213892418468,0.0,0.024563820018365472,0.0004591368227731864
2026-04-01,0.07614852108244179,0.01191969887076537,0.1510958489041511,0.0740925907409259,0.1076,0.0192,0.07,0.006,0.06573957016434892,0.0025284450063211127,0.09657190635451506,0.013795986622073578,0.10077167498865183,0.015433499773036768
2026-04-18,0.0012594458438287153,0.0006273525721455458,0.008376749412605987,0.0005999400059994001,0.014050582095543959,0.0,0.004,0.0,0.017789072426937738,0.0,0.018534119629317607,0.0,0.014942528735632184,0.0
2026-04-19,0.005037783375314861,0.0,0.04744124752910169,0.0171,0.04477611940298507,0.0032,0.026748971193415638,0.0,0.05357142857142857,0.0,0.050317124735729385,0.002536997885835095,0.04735376044568245,0.003714020427112349
2026-04-20,0.006289308176100629,0.0005991611743559018,0.0538698328935796,0.01819454163750875,0.05020746887966805,0.0048,0.043209876543209874,0.004,0.06314432989690721,0.001288659793814433,0.05697278911564626,0.004251700680272109,0.047417840375586856,0.003051643192488263
2026-04-21,0.006289308176100629,0.0005991611743559018,0.034634414513468936,0.0106,0.03863730785209805,0.0004,0.032989690721649485,0.0,0.04868421052631579,0.0,0.046232876712328765,0.0,0.03671245855045002,0.0007105637138796779
2026-04-22,0.01949685534591195,0.0005977286312014345,0.03367077464788732,0.012398760123987601,0.04454621149042465,0.0024,0.03711340206185567,0.0,0.04792746113989637,0.0012953367875647669,0.05135823429541596,0.0025466893039049238,0.03608247422680412,0.0021087160262417996
2026-04-24,0.0025109855618330196,0.0,0.02555592432791238,0.009099090090990901,0.02756892230576441,0.0,0.031055900621118012,0.0,0.04424778761061947,0.0,0.03269069572506287,0.00041911148365465214,0.02580195258019526,0.000697350069735007
2026-04-25,0.018832391713747645,0.0,0.035797925727668115,0.015795261421573527,0.03522012578616352,0.002,0.029045643153526972,0.0,0.04150943396226415,0.0,0.045166737019839594,0.002110595187842972,0.03570605851186363,0.002073255010366275
2026-04-26,0.0037641154328732747,0.0,0.045996213386791406,0.0269,0.031066330814441646,0.006,0.012448132780082987,0.0,0.02278481012658228,0.0,0.023769100169779286,0.0008488964346349745,0.02548930359581247,0.0027309968138370506
2026-04-27,0.004796163069544364,0.0,0.03838322133984932,0.0145,0.02532154340836013,0.0016,0.028,0.0,0.021712907117008445,0.0,0.023217922606924644,0.000814663951120163,0.02499451874588906,0.00065775049331287
2026-04-28,0.0011976047904191617,0.000591016548463357,0.028516142173337408,0.016896620675864827,0.015285599356395816,0.0007996801279488205,0.020080321285140562,0.0,0.012048192771084338,0.0,0.014032191498142799,0.0008254230293025176,0.013419816595839858,0.0006709908297919928
2026-04-29,0.5314559616536848,0.5372340425531915,0.5682581696019546,0.573,0.49798873692679,0.4972,0.36947791164658633,0.368,0.39759036144578314,0.3927710843373494,0.5045379537953796,0.5020627062706271,0.5354824266845758,0.5312290127602418
2026-04-30,0.0005980861244019139,0.0,0.014585883312933496,0.0089,0.0096579476861167,0.0,0.01006036217303823,0.0,0.009580838323353293,0.0,0.008285004142502071,0.0,0.0076611086074808476,0.0004506534474988734
2026-05-01,0.002988643156007173,0.0,0.022838499184339316,0.013397320535892822,0.01448692152917505,0.0008,0.01609657947686117,0.0,0.013683010262257697,0.0,0.012087026591458501,0.00040290088638195,0.012987012987012988,0.00044023772837332157
2026-05-02,0.0023710729104919974,0.0,0.03046197296752068,0.014997000599880024,0.019230769230769232,0.0032,0.012,0.004,0.017486338797814208,0.001092896174863388,0.01675759937646142,0.001558846453624318,0.015021459227467811,0.0019313304721030042
2026-05-03,0.0071090047393364926,0.0005851375073142189,0.04119547657512116,0.0177,0.025240384615384616,0.002,0.02,0.0,0.03118279569892473,0.0,0.024427480916030534,0.0011450381679389313,0.021384713106076647,0.0012703789964005929
2026-05-04,0.018332347723240685,0.0005847953216374269,0.04847995152004848,0.0235,0.030460921843687375,0.006,0.02,0.004,0.02922077922077922,0.0,0.03565950920245399,0.0011503067484662577,0.03184441119897414,0.0025646505663603335
2026-05-05,0.002365464222353637,0.0005847953216374269,0.0268578352180937,0.0145,0.022444889779559118,0.0048,0.016,0.004,0.02074235807860262,0.001091703056768559,0.01893353941267388,0.0003863987635239567,0.014414802065404474,0.0012908777969018934
2026-05-06,0.001182033096926714,0.0,0.017154389505549948,0.0075,0.015637530072173216,0.0024,0.008,0.002,0.0183585313174946,0.0010799136069114472,0.01491395793499044,0.0007648183556405354,0.01228813559322034,0.000847457627118644
2026-05-07,0.0011792452830188679,0.0,0.018968822520431843,0.0091,0.016019223067681217,0.002,0.008,0.004,0.022483940042826552,0.0021413276231263384,0.014531548757170172,0.0007648183556405354,0.01193967322999581,0.0008378718056137411
2026-05-08,0.0005865102639296188,0.0,0.020375226951785355,0.008999100089991,0.016826923076923076,0.0008,0.008,0.002,0.020474137931034482,0.0010775862068965517,0.01792524790236461,0.0007627765064836003,0.013146911519198664,0.0008347245409015025
2026-05-09,0.0005858230814294083,0.0005830903790087463,0.02563843746845665,0.014198580141985802,0.020024028834601523,0.004,0.01,0.002,0.021551724137931036,0.0021551724137931034,0.01736504341260853,0.0011325028312570782,0.015664160401002505,0.0014619883040935672
2026-05-10,0.008777062609713282,0.0,0.031186919660880098,0.0139,0.022426912294753704,0.0024,0.012,0.002,0.023479188900747065,0.0021344717182497333,0.02540766021994691,0.0015168752370117557,0.02197112366603892,0.0016739903745553464
2026-05-11,0.02280701754385965,0.0,0.04663369334813768,0.021,0.02802241793434748,0.0056,0.012,0.002,0.02863202545068929,0.0010604453870625664,0.0357958872810358,0.0011424219345011425,0.02878756041185123,0.002311409960075646
2026-05-12,0.5210526315789473,0.5224489795918368,0.5437676482452601,0.5429457054294571,0.48238590872698156,0.4748,0.342,0.34,0.38486140724946694,0.3752665245202559,0.490709139173303,0.4816078877512325,0.5165896682066359,0.5102897942041159
2026-05-13,0.0005847953216374269,0.0,0.013540824575586096,0.0069,0.0136327185244587,0.002,0.012,0.0,0.013071895424836602,0.0010893246187363835,0.013471901462663588,0.0011547344110854503,0.0103397341211226,0.0006330449461911796
2026-05-14,0.0005837711617046118,0.0,0.019901000101020305,0.0108,0.01282051282051282,0.0004,0.01,0.0,0.012698412698412698,0.0,0.01339784145887607,0.000744324525493115,0.011113397818481169,0.0008232146532208273
2026-05-15,0.0023323615160349854,0.0005813953488372093,0.026119402985074626,0.0118,0.01802162595114137,0.002,0.01,0.0,0.019027484143763214,0.0,0.018065487391795258,0.0011290929619872036,0.019246688741721855,0.0020695364238410598
2026-05-19,0.0011661807580174927,0.0,0.012742718446601941,0.002299540091981604,0.014823717948717948,0.0004,0.018,0.0,0.023479188900747065,0.0,0.016936394429808054,0.0,0.01373283395755306,0.0
2026-05-20,0.0023323615160349854,0.0,0.024289039570893633,0.0108,0.022453889334402566,0.0024,0.016,0.0,0.02682403433476395,0.0,0.021730985387785687,0.0007493443237167478,0.018645121193287758,0.00145017609281127
2026-05-21,0.0034965034965034965,0.0005787037037037037,0.02492906364004864,0.0118,0.02286401925391095,0.0036,0.014,0.0,0.02528977871443625,0.001053740779768177,0.02194124209743399,0.0014875418371141688,0.01805869074492099,0.001846911553457829
2026-05-22,0.0023323615160349854,0.0,0.013185921493052033,0.0015,0.018057784911717497,0.0008,0.008,0.0,0.018730489073881373,0.0,0.016974169741697416,0.00036900369003690036,0.015625,0.00020292207792207794
2026-05-23,0.004072134962187318,0.001156737998843262,0.02920892494929006,0.0139,0.026052104208416832,0.0056,0.016,0.002,0.02476780185758514,0.0020639834881320948,0.021619640894100404,0.001832172957127153,0.020466058763931105,0.002026342451874367
2026-06-11,0.005229517722254503,0.0005773672055427252,0.02707692307692308,0.0008998200359928015,0.023809523809523808,0.0,0.008016032064128256,0.0,0.019668737060041408,0.0,0.022517534145441123,0.00036913990402362494,0.023983739837398373,0.0002032520325203252
2026-06-12,0.035465116279069765,0.0005561735261401557,0.06319231986496465,0.0031,0.04802604802604803,0.0012,0.04819277108433735,0.0,0.07172995780590717,0.002109704641350211,0.05468164794007491,0.0011235955056179776,0.06108273748723187,0.0010214504596527069
2026-06-13,0.9488669378268448,0.0,0.9146171195360326,0.0052,0.922919229192292,0.0,0.903420523138833,0.0,0.9385416666666667,0.0,0.956698741672835,0.0003700962250185048,0.9475396502643351,0.00040666937779585197
2026-06-14,0.0011587485515643105,0.0,0.02642559109874826,0.0091,0.02251330331559558,0.002,0.008064516129032258,0.0,0.02903225806451613,0.0,0.02760968229954614,0.0007564296520423601,0.024481327800829875,0.0016597510373443983
2026-06-15,0.0011580775911986102,0.0005524861878453039,0.02867536914187888,0.0068,0.02175697865353038,0.0016,0.008064516129032258,0.0,0.02959830866807611,0.0010570824524312897,0.026227051330086175,0.0007493443237167478,0.026625386996904025,0.001651186790505676
2026-06-16,0.003470213996529786,0.0016565433462175593,0.029575058723040785,0.0100989901009899,0.02425986842105263,0.002,0.010080645161290322,0.0,0.03444676409185804,0.0,0.028085735402808575,0.0018477457501847746,0.026331904470300063,0.0016329863237395388
2026-06-17,0.0005780346820809249,0.0011031439602868175,0.005065963060686016,0.0024,0.003282724661469019,0.0004,0.002012072434607646,0.0,0.004140786749482402,0.0010351966873706005,0.0029218407596785976,0.0003652300949598247,0.0032480714575720666,0.00020300446609825416
2026-06-18,0.02657423454650491,0.025330396475770924,0.013091216216216216,0.0125,0.024630541871921183,0.024,0.048484848484848485,0.048,0.03779366700715015,0.03779366700715015,0.021777936451267403,0.021777936451267403,0.016523989647620942,0.016523989647620942
2026-06-19,0.0,0.0,0.0017133642410804273,0.0015,0.001201923076923077,0.0004,0.0,0.0,0.0,0.0,0.0009904258831297458,0.0003301419610432486,0.0005529953917050691,0.00018433179723502304
2026-06-20,0.028317601332593003,0.026359143327841845,0.0465444287729196,0.0181,0.059719438877755514,0.0244,0.06,0.048,0.07858376511226252,0.03454231433506045,0.0534423137378183,0.020119459289531592,0.0480565371024735,0.015901060070671377
2026-06-21,0.026533996683250415,0.026330224904004388,0.026763255860750578,0.0164983501649835,0.03764517420905086,0.0264,0.054,0.05,0.04003407155025554,0.034071550255536626,0.030255278915852505,0.020485345099275135,0.02559124602894458,0.01570773032121426
2026-06-22,0.0038674033149171273,0.0016456390565002743,0.030178050497937835,0.0071,0.030837004405286344,0.002,0.004,0.0,0.020425531914893616,0.000851063829787234,0.02643171806167401,0.0015733165512901196,0.02769936485532816,0.002646436132674665
2026-06-23,0.0011043622308117063,0.0010964912280701754,0.030376181854757593,0.0073,0.02723267921505807,0.0004,0.006,0.0,0.01721170395869191,0.0,0.023711666139740753,0.0003161555485298767,0.024898463711813527,0.0017658484901995409
2026-06-24,0.0005518763796909492,0.0005473453749315818,0.013672464059515431,0.0038996100389961006,0.010008006405124099,0.0,0.0,0.0,0.006081668114682885,0.0,0.007961783439490446,0.0003184713375796178,0.00871111111111111,0.00017777777777777779
2026-06-25,0.037995594713656385,0.028977583378895572,0.05753012048192771,0.0235,0.061248999199359486,0.0248,0.076,0.052,0.061872909698996656,0.03511705685618729,0.05066832452595586,0.021448554553932235,0.044444444444444446,0.01579861111111111
2026-06-26,0.01154480483782298,0.0005458515283842794,0.033142512805061766,0.0083,0.04525430516619944,0.0028,0.07,0.004,0.06270903010033445,0.002508361204013378,0.036944270507201005,0.0012523481527864746,0.031178439316540425,0.001937643121366919
2026-06-27,0.0054914881933003845,0.0005443658138268917,0.02264720684448918,0.0078,0.021643286573146292,0.0,0.014,0.0,0.018150388936905792,0.0,0.017594369801663467,0.0,0.017235188509874325,0.000718132854578097
2026-06-28,0.01151947339550192,0.001088139281828074,0.037775763070414026,0.0103989601039896,0.047275641025641024,0.0032,0.066,0.0,0.06112054329371817,0.0025466893039049238,0.03630050505050505,0.0025252525252525255,0.03145432055133416,0.0033574836543558933
2026-06-29,0.013713658804168952,0.001632208922742111,0.04627016129032258,0.0121,0.0545308740978348,0.002,0.074,0.002,0.06395851339671564,0.0025929127052722557,0.040803315269365634,0.001912655403251514,0.035931355023239187,0.0023239184840900965
2026-06-30,0.019736842105263157,0.0,0.056866303690260134,0.0136,0.0557784911717496,0.0016,0.08,0.0,0.0630550621669627,0.0,0.047139141742522754,0.0006501950585175553,0.045702840495265844,0.0025491624180626364
2026-07-01,0.02516411378555799,0.0005390835579514825,0.025133743817502777,0.003999200159968006,0.04618473895582329,0.0004,0.048,0.0,0.028310502283105023,0.0,0.037618580307491004,0.00032711808963035657,0.028660094925155165,0.0003650967506389193
2026-07-02,0.02405686167304538,0.0005393743257820927,0.023434343434343436,0.0046,0.034150261149055845,0.0004,0.024,0.0,0.009416195856873822,0.0,0.02902902902902903,0.000333667000333667,0.022892238972640984,0.0005583472920156337
2026-07-03,0.02237991266375546,0.0010775862068965517,0.02685512367491166,0.0057,0.03291850662384584,0.0,0.014,0.0,0.003887269193391642,0.0,0.025727826675693975,0.0,0.025176425710471104,0.0007629219912263971
2026-07-04,0.020685900925421885,0.0005382131324004305,0.023977433004231313,0.0069,0.02844551282051282,0.0016,0.01,0.0,0.004975124378109453,0.0,0.02243700379703141,0.0,0.022581273116605023,0.0007786645902277594
2026-07-05,0.017954298150163223,0.0010758472296933835,0.024368140167153357,0.0077,0.026853707414829658,0.0016,0.004,0.0,0.012974051896207584,0.0,0.022145328719723183,0.00034602076124567473,0.021392454297938544,0.0013613380007779074
2026-07-06,0.01088139281828074,0.0005379236148466917,0.027525710828796127,0.0105,0.025280898876404494,0.0024,0.004,0.002,0.017034068136272545,0.0,0.02126176368072499,0.0006971070059254096,0.021589793915603533,0.0017664376840039254
2026-07-07,0.005443658138268917,0.004305705059203444,0.03238498789346247,0.015,0.026073004412354592,0.0088,0.006,0.0,0.027750247770069375,0.005946481665014866,0.024381748519679555,0.008359456635318705,0.02736220472440945,0.00984251968503937
2026-07-08,0.6168375607123583,0.6180742334588488,0.6318327974276527,0.631036896310369,0.5732586068855084,0.5716,0.456,0.456,0.537109375,0.53515625,0.6089810017271157,0.606908462867012,0.6230979321108077,0.6209520093640265
2026-07-09,0.003236245954692557,0.0,0.009971796937953263,0.0018,0.012810248198558846,0.0008,0.002,0.0,0.01098901098901099,0.0,0.009890498057223597,0.0,0.009323546915294585,0.0
2026-07-10,0.0010775862068965517,0.0005373455131649651,0.02346897663174859,0.0072,0.022408963585434174,0.0024,0.004,0.0,0.020348837209302327,0.0,0.021550225929787975,0.0003475842891901286,0.021413276231263382,0.0017519953280124587
2026-07-15,0.0010758472296933835,0.0,0.015241748258806904,0.0007,0.01842948717948718,0.0,0.004,0.0,0.018500486854917234,0.0,0.020927799093128707,0.0,0.017595307917888565,0.0
2026-07-16,0.0032275416890801506,0.0,0.028299979785728725,0.0073,0.028491171749598716,0.004,0.008032128514056224,0.0,0.024582104228121928,0.0,0.02527202527202527,0.001053001053001053,0.024808033077377438,0.001378224059854302
2026-07-17,0.0005379236148466917,0.0005302226935312832,0.01862913840234889,0.004,0.017276014463640015,0.0004,0.004024144869215292,0.002,0.015810276679841896,0.0009881422924901185,0.018296973961998593,0.0003518648838845883,0.01939275220372184,0.0013712047012732615
2026-07-18,0.0016137708445400753,0.0005288207297726071,0.02791826825814283,0.008898220355928814,0.02252614641995173,0.002,0.006048387096774193,0.002,0.02001906577693041,0.0019065776930409914,0.02212236432768752,0.0017283097131005876,0.025143953934740882,0.0023032629558541267
2026-07-19,0.013986013986013986,0.0005288207297726071,0.09154289178538952,0.0278,0.053858520900321546,0.0036,0.03621730382293763,0.002,0.05023255813953489,0.0018604651162790699,0.05542251111871365,0.003079028395484092,0.06173780487804878,0.006097560975609756
2026-07-20,1.0,1.0,0.9998990408884402,0.9999,1.0,1.0,1.0,1.0,1.0,1.0,1.0,1.0,1.0,1.0
2026-07-21,0.005910800644814616,0.005279831045406547,0.02574457344775366,0.0101,0.021686746987951807,0.0056,0.014056224899598393,0.008,0.027860696517412936,0.007960199004975124,0.02139231327048586,0.005076142131979695,0.02075357646584727,0.004029820672980053
2026-07-22,0.522837184309511,0.5318924617817606,0.4954655380894801,0.4968,0.43631980715146645,0.4356,0.35542168674698793,0.356,0.4093161546085233,0.4053518334985134,0.4790996784565916,0.47552697391925686,0.48220390106575506,0.47938869897446207
2026-07-23,0.0010621348911311736,0.0010520778537611783,0.009852216748768473,0.0044,0.006417970316887284,0.0,0.004,0.0,0.005905511811023622,0.0,0.006484149855907781,0.00036023054755043225,0.0074521651560926485,0.0006042296072507553
2026-07-24,0.0005302226935312832,0.0005249343832020997,0.017298602031580006,0.0091,0.01002004008016032,0.0004,0.006,0.0,0.009671179883945842,0.0,0.008837044892188053,0.0003534817956875221,0.009445100354191263,0.0005903187721369539
2026-07-25,0.0015864621893178213,0.0005243838489774515,0.018492462311557788,0.0081,0.014428857715430862,0.0004,0.008,0.0,0.013397129186602871,0.0,0.013014421385860007,0.00035174111853675694,0.01252691329027207,0.0011743981209630064
2026-07-26,0.0031729243786356425,0.0005232862375719519,0.027018883085576536,0.0117,0.02165196471531676,0.002,0.012,0.002,0.01727447216890595,0.0,0.01663716814159292,0.00035398230088495576,0.01795472287275566,0.002146760343481655
2026-07-27,0.013234515616728428,0.011000523834468309,0.04894472361809045,0.029,0.04611066559743384,0.0168,0.022,0.008,0.032567049808429116,0.013409961685823755,0.035174111853675694,0.01160745691171298,0.0378053509112059,0.016673129119813883
2026-07-28,0.0015839493136219642,0.0005232862375719519,0.017194570135746608,0.0073,0.019269369731031716,0.0008,0.012024048096192385,0.002,0.012845849802371542,0.0,0.014695340501792114,0.00035842293906810036,0.011657775143252322,0.0005927682276229994
2026-07-29,0.7792413066385669,0.7806788511749347,0.8175607795860961,0.8175,0.748896911351785,0.7488,0.7114228456913828,0.71,0.7387836490528414,0.7377866400797607,0.7682357168523176,0.7675170679123249,0.7854895792371215,0.7847031065670468
2026-07-30,0.0010515247108307045,0.0005216484089723526,0.006336115860404305,0.0023,0.010821643286573146,0.0008,0.008016032064128256,0.002,0.006054490413723511,0.0,0.006924198250728863,0.0,0.00620124024804961,0.00020004000800160032
2026-07-31,0.0005252100840336134,0.0,0.017094017094017096,0.006799320067993201,0.013226452905811623,0.0016,0.006,0.002,0.009930486593843098,0.0,0.011115095016134816,0.00035855145213338117,0.011021452469986223,0.000196811651249754
2026-08-01,0.032511798636601995,0.0005200208008320333,0.056666331759268565,0.025894821035792843,0.03406813627254509,0.0056,0.006,0.002,0.02320887991927346,0.0,0.04114490161001789,0.001073345259391771,0.031360946745562134,0.0019723865877712033
2026-08-02,0.018315018315018316,0.0,0.013282350573556048,0.002999400119976005,0.010040160642570281,0.0004,0.0,0.0,0.0072992700729927005,0.0,0.020765027322404372,0.0,0.01592420882886515,0.0
2026-08-03,0.0020931449502878076,0.0,0.027783370243607813,0.0065993400659934,0.028491171749598716,0.0004,0.008016032064128256,0.0,0.014910536779324055,0.0,0.022815022815022814,0.0,0.022569444444444444,0.00019290123456790122
2026-08-04,0.0015698587127158557,0.0010351966873706005,0.019364599092284416,0.006099390060993901,0.021678040947410677,0.0004,0.002004008016032064,0.0,0.008729388942774006,0.0,0.01584022038567493,0.0,0.013825757575757576,0.0001893939393939394
2026-08-05,0.7237597911227154,0.725530813050233,0.7555152614082804,0.752,0.6912590216519647,0.682,0.612,0.61,0.640655105973025,0.6377649325626205,0.7052161976664378,0.6990391214824982,0.7191690273843249,0.713314447592068
2026-08-06,0.003129890453834116,0.0,0.033484619263741806,0.0115,0.028594442207007652,0.0,0.006072874493927126,0.0,0.015779092702169626,0.0,0.01842837273991655,0.0,0.020138089758342925,0.0003835826620636747
2026-08-07,0.0031282586027111575,0.0030785017957927143,0.03550176500252143,0.0201,0.02379032258064516,0.0032,0.006072874493927126,0.0,0.017964071856287425,0.0,0.014799154334038054,0.00035236081747709656,0.01338506304558681,0.00019398642095053346
2026-08-08,0.004158004158004158,0.0030753459764223477,0.029616198247204593,0.015898410158984102,0.019726247987117553,0.0044,0.008097165991902834,0.0,0.017634854771784232,0.001037344398340249,0.013629842180774749,0.0003586800573888092,0.014034394149041313,0.000395335046451868
2026-08-11,0.001038961038961039,0.0020470829068577278,0.008472866653217672,0.0022,0.010072522159548751,0.0,0.006060606060606061,0.0,0.014957264957264958,0.0,0.009506398537477149,0.0,0.009642426677380474,0.0002008838891120932
2026-08-12,0.7824506749740394,0.7865511971472237,0.8189698619090817,0.8197,0.7627869512686266,0.764,0.7171717171717171,0.72,0.720348204570185,0.720348204570185,0.7721100917431193,0.7717431192660551,0.788057876502955,0.7872427144895048
2026-08-13,0.0,0.002035623409669211,0.004851915495805115,0.0039,0.0028214429665457475,0.0,0.0,0.0,0.0022701475595913734,0.0,0.0033695245226506927,0.0,0.002301736765013601,0.0
2026-08-14,0.0,0.001525165226232842,0.008097985626075513,0.0028997100289971,0.010092854259184497,0.0,0.0,0.0,0.005574136008918618,0.0,0.005506607929515419,0.0,0.005932896890343699,0.0
2026-08-15,0.00205761316872428,0.0030410542321338066,0.01566131150853794,0.007599240075992401,0.012062726176115802,0.0008,0.006,0.002,0.009287925696594427,0.0020639834881320948,0.013717421124828532,0.00102880658436214,0.011259541984732824,0.0007633587786259542
2026-08-16,0.00513347022587269,0.0025025025025025025,0.03538477136773801,0.0136986301369863,0.0273972602739726,0.0028,0.012024048096192385,0.0,0.015368852459016393,0.0010245901639344263,0.02451657458563536,0.0010359116022099447,0.026715356525081682,0.0009609840476648087
2026-08-17,0.0030753459764223477,0.000999000999000999,0.03150086373336043,0.0146,0.02501008471157725,0.0016,0.008016032064128256,0.0,0.015544041450777202,0.0,0.02282303370786517,0.0017556179775280898,0.022331047992164545,0.0023506366307541626
2026-08-18,0.00255885363357216,0.0004982561036372695,0.023492321773619446,0.0107,0.025848142164781908,0.0032,0.004016064257028112,0.0,0.012182741116751269,0.0,0.017397355601948505,0.0017397355601948504,0.01448715472281244,0.0013521344407958276
2026-08-19,0.0015282730514518594,0.0004972650422675286,0.020205096964158797,0.008899110088991101,0.01533494753833737,0.002,0.004032258064516129,0.0,0.00815494393476045,0.0,0.013097345132743363,0.0,0.013315057763853534,0.00039161934599569217
2026-08-20,0.02697201017811705,0.005456349206349206,0.024590996849913626,0.0084,0.03797979797979798,0.0072,0.012145748987854251,0.008,0.022549019607843137,0.00784313725490196,0.03362218370883882,0.004506065857885615,0.027407836325033776,0.005018336228527312
2026-08-21,0.0020335536349771225,0.0004894762604013706,0.022484484688167668,0.010498950104989501,0.0186536901865369,0.0004,0.0040650406504065045,0.0,0.013618677042801557,0.0,0.016551724137931035,0.0,0.014873478848754104,0.00019316206297083252
2026-08-22,0.0035514967021816335,0.0,0.02483966201771353,0.0117,0.02188893392784759,0.002,0.006134969325153374,0.0,0.01566820276497696,0.0,0.019044437019712663,0.0,0.015171380408316164,0.00018730099269526128
2026-08-23,0.0050025012506253125,0.0004887585532746823,0.024982299989885708,0.0046,0.027320208919244676,0.0012,0.014056224899598393,0.0,0.019538188277087035,0.0,0.025379037574159526,0.0,0.024448529411764706,0.0
2026-08-24,0.007492507492507493,0.0004885197850512946,0.031019500858846114,0.011,0.0393574297188755,0.0023990403838464614,0.024193548387096774,0.002,0.018600531443755536,0.0008857395925597874,0.027914614121510674,0.0006568144499178982,0.02825373678454247,0.0016405395552314983
2026-08-25,0.001993024414549078,0.00048828125,0.0200827530527803,0.007599240075992401,0.021310816244471252,0.0024,0.004016064257028112,0.0,0.013169446883230905,0.0,0.018694653984913087,0.00032797638570022957,0.01492265696087352,0.00018198362147406734
2026-08-27,0.002486325211337643,0.0,0.017867958812840704,0.0051,0.01932367149758454,0.0012,0.004024144869215292,0.0,0.012711864406779662,0.0,0.01910621761658031,0.0,0.015365148228488792,0.00036153289949385393
2026-08-28,1.0,1.0,0.9995967335416877,0.9996,1.0,1.0,1.0,1.0,1.0,1.0,1.0,1.0,1.0,1.0
2026-08-29,0.0009789525208027412,0.0009643201542912247,0.006445115810674723,0.0027,0.006405124099279423,0.0008,0.002,0.0,0.0071301247771836,0.0,0.006036217303822937,0.0,0.0048291233283803865,0.0
2026-08-30,0.0004887585532746823,0.0009615384615384616,0.00868073079640658,0.0028,0.010412494993992792,0.0,0.002,0.0,0.01059135039717564,0.0,0.008997000999666778,0.0,0.007214206437291898,0.0
2026-08-31,0.024926686217008796,0.0014416146083613647,0.03725015142337977,0.0057,0.04609218436873747,0.0012,0.012,0.0,0.019837691614066726,0.0009017132551848512,0.04009355162044771,0.0013364517206815904,0.03462962962962963,0.0007407407407407407
2026-09-01,0.0014655593551538837,0.0019212295869356388,0.011418755052546484,0.0032996700329967,0.014050582095543959,0.0012,0.0,0.0,0.011722272317403066,0.0009017132551848512,0.013431833445265278,0.0010073875083948958,0.010830999066293184,0.0005602240896358543
2026-09-02,0.5869140625,0.5916506717850288,0.562859739472887,0.5585,0.5182657567242072,0.5112,0.436,0.428,0.5180299032541776,0.5074758135444152,0.5558147284238587,0.5438187270909697,0.5517817371937639,0.5423162583518931
2026-09-03,0.0014619883040935672,0.0014381591562799617,0.01574962140333165,0.0032,0.01729686242960579,0.0008,0.004008016032064128,0.0,0.01813236627379873,0.0009066183136899365,0.01826175177544809,0.0010145417653026716,0.014175014175014175,0.000567000567000567
2026-09-04,0.0014485755673587638,0.0014381591562799617,0.004330748313022459,0.0017,0.00762133975130365,0.0016,0.0,0.0,0.007239819004524887,0.0009049773755656109,0.008105369807497468,0.0010131712259371835,0.0047196526335661695,0.0005663583160279403
2026-09-05,0.0033751205400192863,0.0,0.015692586258927672,0.0038,0.02486963497793823,0.0004,0.01603206412825651,0.0,0.019451812555260833,0.0,0.021876035797149487,0.00033145508783559825,0.01681448632668145,0.0003695491500369549
2026-09-06,0.0033653846153846156,0.0004786979415988511,0.022916876067946526,0.0031,0.032438926712054464,0.002,0.014028056112224449,0.0,0.02099737532808399,0.0008748906386701663,0.024430505117200397,0.0003301419610432486,0.023735050597976082,0.0007359705611775528
2026-09-07,0.004805382027871216,0.0009555661729574773,0.02011263073209976,0.0041,0.03325320512820513,0.0008,0.03006012024048096,0.0,0.02527075812274368,0.0,0.025675675675675677,0.0,0.02281727324156138,0.0
2026-09-08,0.0023992322456813818,0.0019093078758949881,0.00925181013676589,0.0028,0.015224358974358974,0.002,0.006012024048096192,0.0,0.01289134438305709,0.0,0.01160013647219379,0.000682360968952576,0.010089472682276794,0.0005711022272986865
2026-09-09,0.8838771593090211,0.8845970433953266,0.9032258064516129,0.9035,0.8717948717948718,0.8712,0.8316633266533067,0.83,0.8887876025524157,0.8878760255241568,0.8804820890525611,0.879812520924004,0.8898225957049486,0.8894491129785247
2026-09-10,0.0,0.0,0.0036231884057971015,0.0021997800219978004,0.00600480384307446,0.0008,0.004,0.0,0.006653992395437262,0.0009505703422053232,0.005190311418685121,0.0006920415224913495,0.0036793183578621223,0.000774593338497289
2026-09-11,0.0009583133684714902,0.0,0.009252740621542794,0.0036,0.009603841536614645,0.00039984006397441024,0.012,0.0,0.013368983957219251,0.0,0.009364548494983277,0.0,0.008763921855030126,0.00018258170531312764
2026-09-12,0.0014367816091954023,0.0,0.01177299255383377,0.002,0.016025641025641024,0.0012,0.014,0.0,0.0195578231292517,0.0,0.013196009011908594,0.0,0.013132551216949746,0.0003502013657853266
2026-09-13,0.00430828147438966,0.0,0.017934508816120905,0.0028,0.023265142398716406,0.0016,0.018,0.0,0.029694323144104803,0.0008733624454148472,0.020635440550278415,0.00032754667540124465,0.02042278753135077,0.00035829451809387314
2026-09-14,0.005255613951266125,0.00047460844803037496,0.019137792103142627,0.0036,0.026463512429831595,0.002,0.016,0.0,0.0273224043715847,0.0018214936247723133,0.025252525252525252,0.0006734006734006734,0.021947620804131318,0.0005533013648100332
2026-09-15,0.004775549188156638,0.000474158368895211,0.012192664248286982,0.003,0.020850040096230954,0.0016,0.012,0.0,0.02187784867821331,0.0009115770282588879,0.02079141515761234,0.001006036217303823,0.015207035544155369,0.0007328691828508611
2026-09-16,0.0,0.0,0.0041301500956986,0.0027,0.0032064128256513026,0.0004,0.002,0.0,0.0018214936247723133,0.0,0.0023466309084813944,0.0,0.0021969974368363236,0.0001830831197363603
2026-09-17,0.004287756074321105,0.0,0.015082956259426848,0.0031,0.020833333333333332,0.0008,0.008,0.0,0.022549869904596703,0.0008673026886383347,0.02274183215887252,0.0006406149903907751,0.01676270298585647,0.0005238344683080147
2026-09-18,0.0028557829604950024,0.0004730368968779565,0.012055455093429777,0.0016,0.01842948717948718,0.0004,0.008,0.0,0.01903114186851211,0.0,0.017937219730941704,0.0,0.014146000698567935,0.0
2026-09-19,0.005233111322549952,0.00047214353163361664,0.012461059190031152,0.0027997200279972004,0.017241379310344827,0.0012,0.014028056112224449,0.0,0.022341376228775692,0.0,0.014725130890052356,0.0003272251308900524,0.012734347364697559,0.0005305978068623983
2026-09-20,0.006647673314339981,0.0,0.017490952955367914,0.0041,0.02241793434747798,0.0008,0.014028056112224449,0.0,0.022706630336058128,0.0,0.02181818181818182,0.0,0.01953125,0.001065340909090909
2026-09-21,0.007119126720455624,0.0,0.013975467524633018,0.0022,0.019230769230769232,0.0008,0.018036072144288578,0.0,0.023529411764705882,0.0,0.019173553719008266,0.0,0.01731142907613496,0.0001766472354707649
2026-09-22,0.012826603325415678,0.0,0.011569416498993963,0.0021,0.021625951141369643,0.0008,0.018072289156626505,0.0,0.0288028802880288,0.0,0.02045529528208512,0.0,0.015124868097080548,0.0005276116778051355
2026-09-23,0.003320683111954459,0.0004692632566870014,0.012369267900241352,0.0037,0.014022435897435898,0.0012,0.008032128514056224,0.0,0.017335766423357664,0.0,0.014416775884665793,0.0,0.011787473610133709,0.0005277973258268825
2026-09-24,0.006152389966871746,0.00046860356138706655,0.01459486663311525,0.003,0.016432865731462926,0.0004,0.01606425702811245,0.0,0.021409455842997322,0.0,0.019482593420632386,0.0012775471095496647,0.016106685140284033,0.0008659508139937652
2026-09-25,0.008991954566966399,0.00046816479400749064,0.02064867042707494,0.0047,0.018837675350701404,0.0008,0.01606425702811245,0.0,0.022644927536231884,0.0,0.023007128969539856,0.0012961762799740765,0.021104467112205417,0.001055223355610271
2026-09-26,0.006137865911237016,0.0,0.014205117872254685,0.0022,0.014829659318637275,0.0004,0.01606425702811245,0.0,0.02016498625114574,0.0,0.01617161716171617,0.0,0.015360169491525424,0.00017655367231638418
2026-09-27,0.010854176498348278,0.0,0.0231924977311687,0.0032,0.023246492985971944,0.0008,0.018072289156626505,0.0,0.029465930018416207,0.0,0.026029654036243823,0.00032948929159802305,0.026264762912039486,0.00035254715318173806
2026-09-28,0.006126295947219604,0.0,0.017359709325797335,0.0029,0.020440881763527055,0.0008,0.014028056112224449,0.0,0.029574861367837338,0.0,0.022222222222222223,0.0,0.02070796460176991,0.0
2026-09-29,0.007522331922896097,0.0013986013986013986,0.013209640012100433,0.0034,0.020440881763527055,0.002,0.012024048096192385,0.0,0.03213957759412305,0.0009182736455463728,0.02068286277084701,0.001969796454366382,0.013896218117854001,0.0012313104661389623
2026-09-30,0.010787992495309569,0.0004662004662004662,0.01370001007353682,0.0032996700329967,0.02523027633159792,0.0012,0.01002004008016032,0.0,0.033271719038817,0.0,0.02225130890052356,0.0003272251308900524,0.016387665198237887,0.0010572687224669603
2026-10-01,0.02250351617440225,0.0004664179104477612,0.01862853690464203,0.004,0.030849358974358976,0.0008,0.008,0.0,0.02725563909774436,0.0,0.02945069490403706,0.00033090668431502316,0.021200783894530555,0.00017815784785319794
2026-10-02,0.03228825456247075,0.0,0.018924904368834306,0.002,0.040480961923847696,0.0008,0.008,0.0,0.031578947368421054,0.0,0.037122969837587005,0.0,0.026680896478121666,0.00017787264318747776
2026-10-03,0.03361344537815126,0.00046598322460391424,0.023131851553856986,0.0034996500349965005,0.043634907926341074,0.0008,0.01,0.0,0.02524271844660194,0.0,0.03974826101358066,0.0003312355084465055,0.029501162166994457,0.001072769533345253
2026-10-04,0.01027077497665733,0.0004657661853749418,0.02402976070782224,0.0037996200379962005,0.02564102564102564,0.0008,0.01,0.0,0.02453385672227674,0.0,0.02313107609788803,0.00033523298692591353,0.025286944045911048,0.0005380200860832137
