day,orig_p5,orig_z,r10000_p5,r10000_z,r2500_p5,r2500_z,r500_p5,r500_z,t10000_p5,t10000_z,t2000_p5,t2000_z,t500_p5,t500_z
2025-03-20,0.0139372822299651,0.0127020785219399,0.0608713150216319,0.0312937412517496,0.0232651423987164,0.008,0.0200400801603206,0.0,0.0213903743315508,0.0,0.0205382436260623,0.0,0.0208986415882967,0.0017415534656913
2025-03-21,0.0150812064965197,0.0138568129330254,0.0638190954773869,0.0395841663334666,0.0212424849699398,0.0076,0.018,0.004,0.0196779964221824,0.0017889087656529,0.0191218130311614,0.0021246458923512,0.0173731758165392,0.0013898540653231
2025-03-23,0.0162224797219003,0.0127020785219399,0.0660358365210388,0.0207,0.0240384615384615,0.0048,0.02,0.0,0.0178571428571428,0.0,0.0200286123032904,0.0,0.0198814091384722,0.0003487966515521
2025-03-24,0.0266512166859791,0.0173210161662817,0.112017729424801,0.0767846430713857,0.0500801282051282,0.0184,0.048,0.006,0.0433212996389891,0.003610108303249,0.0423242467718794,0.0057388809182209,0.041873669268985,0.0063875088715401
2025-03-25,0.0196987253765932,0.0138089758342922,0.0822746521476104,0.0589,0.0276553106212424,0.0084,0.026,0.0,0.0331491712707182,0.001841620626151,0.0272660280029476,0.0007369196757553,0.0234432234432234,0.0025641025641025
2025-03-26,0.0208092485549132,0.0172612197928653,0.074428441937758,0.0543945605439456,0.02647412755716,0.0072,0.022,0.0,0.029143897996357,0.0018214936247723,0.024835646457268,0.0014609203798392,0.0213690691778341,0.0014487504527345
2025-03-27,0.0173210161662817,0.0137931034482758,0.0768226551516368,0.0575,0.0316760224538893,0.0096,0.024,0.0,0.0321428571428571,0.0,0.0256222547584187,0.0007320644216691,0.0239971346704871,0.0010744985673352
2025-03-28,0.0138568129330254,0.0114942528735632,0.0784982935153583,0.0606939306069393,0.0316633266533066,0.0096,0.028,0.004,0.0338078291814946,0.0035587188612099,0.0272058823529411,0.0029411764705882,0.025035765379113,0.0014306151645207
2025-03-29,0.056581986143187,0.0137931034482758,0.1016966168055416,0.073,0.064128256513026,0.014,0.098,0.004,0.1032028469750889,0.0017793594306049,0.0706921944035346,0.0051546391752577,0.0524802300503235,0.0057512580877066
2025-03-30,0.0750577367205542,0.0229885057471264,0.1369340427667904,0.0963807238552289,0.0845691382765531,0.0236,0.138,0.016,0.1375,0.0178571428571428,0.0921248142644873,0.0104011887072808,0.070194384449244,0.0133189344852411
2025-03-31,0.0750577367205542,0.0183908045977011,0.1203211239337681,0.083991600839916,0.077755511022044,0.0128,0.124,0.006,0.1234119782214156,0.0054446460980036,0.0804169769173492,0.0044676098287416,0.0652173913043478,0.0050724637681159
2025-04-01,0.0597701149425287,0.0195177956371986,0.1004213483146067,0.0763847230553889,0.05484387510008,0.0128,0.098,0.008,0.0996376811594202,0.0072463768115942,0.058648849294729,0.0044543429844097,0.0457848837209302,0.0076308139534883
2025-04-02,0.0540851553509781,0.0126436781609195,0.1041645760160561,0.0777922207779222,0.0508203281312525,0.0108,0.096,0.01,0.0981818181818181,0.0072727272727272,0.0602941176470588,0.0058823529411764,0.0487540628385698,0.0083062477428674
2025-04-03,0.0471264367816091,0.0137931034482758,0.0955208857574232,0.0744,0.0384153661464585,0.0108,0.08,0.01,0.0788990825688073,0.0055045871559633,0.0413284132841328,0.0022140221402214,0.0358435916002896,0.0065170166545981
2025-04-04,0.0586206896551724,0.0229885057471264,0.0790138425785591,0.0612,0.0460368294635708,0.016,0.094,0.024,0.0987202925045703,0.0219378427787934,0.0511111111111111,0.0111111111111111,0.0420747188973522,0.0123322451940515
2025-04-05,0.0402298850574712,0.0149425287356321,0.102076124567474,0.0833666533386645,0.0428342674139311,0.012,0.068,0.006,0.0392156862745098,0.0039215686274509,0.0401785714285714,0.0029761904761904,0.0360393156170367,0.0058245358572988
2025-04-06,0.0264367816091954,0.0218140068886337,0.1378783246713543,0.1143771245750849,0.0532425940752602,0.0216,0.04,0.024,0.0425963488843813,0.0202839756592292,0.0354118552732871,0.0107775211701308,0.0440627333831217,0.0115758028379387
2025-04-07,0.0160919540229885,0.010332950631458,0.0959559947030661,0.0604,0.0452905811623246,0.008,0.032,0.008,0.0323886639676113,0.0020242914979757,0.031080031080031,0.0015540015540015,0.0422322775263951,0.0030165912518853
2025-04-08,0.0103448275862068,0.010332950631458,0.0807535641547861,0.0738926107389261,0.0284455128205128,0.0104,0.016,0.004,0.0245901639344262,0.0,0.0220472440944881,0.0015748031496062,0.0200226671703815,0.0037778617302606
2025-04-09,0.0126436781609195,0.0137299771167048,0.0825322151769278,0.074,0.0241448692152917,0.0116,0.018,0.004,0.0165631469979296,0.0,0.0165745856353591,0.0031570639305445,0.0185465556396669,0.0045420136260408
2025-04-10,0.0103448275862068,0.0114285714285714,0.0793261868300153,0.0693861227754449,0.0173038229376257,0.0064,0.008,0.002,0.0082815734989648,0.0,0.0127490039840637,0.0,0.017378163959199,0.0022667170381564
2025-04-11,0.025287356321839,0.0262257696693272,0.082978291742747,0.0711,0.0253521126760563,0.0124,0.028,0.018,0.0331262939958592,0.0186335403726708,0.0233306516492357,0.0080450522928399,0.0198776758409785,0.0049694189602446
2025-04-12,0.0137931034482758,0.0136830102622576,0.0835606749520056,0.0712857428514297,0.0241545893719806,0.012,0.0100200400801603,0.004,0.0125,0.0,0.0152855993563958,0.0008045052292839,0.0160611854684512,0.0026768642447418
2025-04-13,0.0195177956371986,0.0148232611174458,0.1130513778136671,0.0873825234953009,0.0454362685967028,0.0184,0.032,0.004,0.0306748466257668,0.0020449897750511,0.0314769975786924,0.0024213075060532,0.0357007216103304,0.0056969236612229
2025-04-14,0.0378874856486796,0.0364880273660205,0.1685325264750378,0.1526847315268473,0.0747889022919179,0.0544,0.05,0.024,0.0449897750511247,0.0143149284253578,0.0548054011119936,0.0301826846703733,0.0720482836665409,0.0445115050924179
2025-04-15,0.0160734787600459,0.0125284738041002,0.0765501918804281,0.0576942305769423,0.0345937248592115,0.0136,0.018,0.0,0.0205761316872428,0.0,0.0197316495659037,0.0,0.0267218667670304,0.0030109145652992
2025-04-16,0.0148741418764302,0.0136518771331058,0.1041896915502863,0.0772922707729227,0.0616740088105726,0.0216,0.016,0.002,0.0205338809034907,0.0,0.0423861852433281,0.0070643642072213,0.0635514018691588,0.0186915887850467
2025-04-17,0.0137142857142857,0.0136363636363636,0.0841713596138375,0.0431913617276544,0.0492591109331197,0.0048,0.02,0.002,0.0144329896907216,0.0,0.0390625,0.00078125,0.0559492726594554,0.0014919806042521
2025-04-18,0.0125427594070695,0.0136054421768707,0.0885222814606176,0.0587764894042383,0.0488195278111244,0.0136,0.018,0.002,0.0162932790224032,0.0,0.0390015600624025,0.0039001560062402,0.0561338289962825,0.0144981412639405
2025-04-19,0.0159635119726339,0.0135900339750849,0.1215113350125944,0.0883823235352929,0.0632759311173408,0.0152,0.028,0.006,0.0224489795918367,0.0,0.0515781370284834,0.0053887605850654,0.0639491398653702,0.0164547494390426
2025-04-20,0.0262257696693272,0.014722536806342,0.1447594068395036,0.1032793441311737,0.0817635270541082,0.0268,0.042,0.004,0.032719836400818,0.0,0.0587326120556414,0.0154559505409582,0.0773563650018775,0.0202778820878708
2025-04-22,0.0125427594070695,0.0124575311438278,0.0853880355699272,0.0538784486205517,0.0437048917401764,0.0108,0.022,0.004,0.0184049079754601,0.0,0.0298273155416012,0.0023547880690737,0.0446696696696696,0.0078828828828828
2025-04-23,0.0501138952164009,0.0486976217440543,0.1202742211916523,0.0939718084574627,0.0713712910986367,0.0372,0.092,0.072,0.0898203592814371,0.0678642714570858,0.0505130228887134,0.0299921073401736,0.0616541353383458,0.0289473684210526
2025-04-24,0.0511945392491467,0.0509626274065685,0.0756124609335618,0.0634,0.053012048192771,0.0316,0.09,0.072,0.0931174089068826,0.0708502024291498,0.0430622009569378,0.0287081339712918,0.0314318975552968,0.0162980209545983
2025-04-25,0.0113636363636363,0.0113250283125707,0.088111044055522,0.0701,0.0396952686447473,0.0184,0.026,0.006,0.022,0.0,0.0205533596837944,0.000790513833992,0.0265998457979953,0.002698535080956
2025-04-26,0.0396825396825396,0.014722536806342,0.0856855851330989,0.0706858628274345,0.041299117882919,0.0144,0.022,0.002,0.0260521042084168,0.002004008016032,0.0392464678178963,0.0015698587127158,0.0324074074074074,0.001929012345679
2025-04-27,0.0396375990939977,0.0373725934314835,0.134470647265429,0.1067466266866566,0.0632759311173408,0.0332,0.064,0.038,0.0612244897959183,0.036734693877551,0.0472440944881889,0.0157480314960629,0.048337200309358,0.0131477184841453
2025-04-28,0.0226500566251415,0.0169875424688561,0.1115014050582095,0.0886,0.0456547857428914,0.016,0.018,0.0,0.0164948453608247,0.0,0.0270916334661354,0.0,0.036144578313253,0.0042751651768363
2025-04-29,0.029445073612684,0.0286028602860286,0.0763566673391164,0.0598880223955208,0.0248397435897435,0.0096,0.032,0.024,0.0372670807453416,0.0269151138716356,0.0277337559429477,0.0118858954041204,0.0244091437427353,0.0069740410693529
2025-04-30,0.0169875424688561,0.0164473684210526,0.0684019370460048,0.0534732633683158,0.0277219766974688,0.01,0.016,0.01,0.0261044176706827,0.0120481927710843,0.021875,0.0046875,0.0217060167555217,0.0041888804265041
2025-05-01,0.0249150622876557,0.0262869660460021,0.1080234438156831,0.0821,0.0427591770875352,0.0236,0.04,0.028,0.0490196078431372,0.0294117647058823,0.033179012345679,0.0146604938271604,0.0368975903614457,0.0165662650602409
2025-05-02,0.0271800679501698,0.0261723009814612,0.1497320796683854,0.1248,0.0622222222222222,0.036,0.028,0.012,0.037109375,0.013671875,0.0343511450381679,0.0114503816793893,0.0427544457056375,0.0166477487703367
2025-05-03,0.406568516421291,0.2671755725190839,0.6745173354897402,0.5441,0.5046464646464647,0.3376,0.344,0.184,0.3210831721470019,0.1779497098646034,0.402938901778809,0.2219644238205723,0.4752704791344668,0.2967542503863987
2025-05-04,0.2253680634201585,0.0207197382769901,0.4485688277536158,0.2453,0.3020622725434694,0.0588,0.22,0.006,0.1935483870967742,0.002016129032258,0.2377902321857486,0.0096076861489191,0.2785571142284569,0.0196392785571142
2025-05-05,0.0215175537938844,0.0174482006543075,0.1624000809470808,0.1323206076354187,0.065560501821125,0.0316,0.028,0.0,0.0193965517241379,0.0,0.0354785478547854,0.0033003300330033,0.0398848684210526,0.0082236842105263
2025-05-06,0.0132013201320132,0.015233949945593,0.0682666128869617,0.0619876024795041,0.0196314102564102,0.016,0.004,0.002,0.0043668122270742,0.0,0.0049301561216105,0.0,0.0049160180253994,0.0016386726751331
2025-05-08,0.0131578947368421,0.013029315960912,0.053666902047816,0.043,0.0188755020080321,0.012,0.008,0.002,0.0063157894736842,0.0,0.011093502377179,0.0,0.0079302141157811,0.0
2025-05-09,0.0438116100766703,0.0445168295331161,0.1415786827551533,0.1315868413158684,0.0746388443017656,0.0616,0.042,0.032,0.0383064516129032,0.0282258064516129,0.0496508921644685,0.0325833979829325,0.0732274312282061,0.0573421154591243
2025-05-10,0.0218102508178844,0.022801302931596,0.0802531137002812,0.0690861827634473,0.0332932210188527,0.0196,0.032,0.016,0.032719836400818,0.016359918200409,0.0228346456692913,0.0078740157480314,0.0200550530869052,0.0051120723554856
2025-05-11,0.0272628135223555,0.017372421281216,0.1023709061683745,0.0824,0.0541299117882919,0.0232,0.024,0.002,0.0264227642276422,0.0040650406504065,0.0307086614173228,0.0047244094488188,0.0384313725490196,0.0054901960784313
2025-05-12,0.0261723009814612,0.0151843817787418,0.0968163101335743,0.0794761571528541,0.0512409927942353,0.0184,0.03,0.0,0.0250521920668058,0.0,0.0336,0.0024,0.0379848060775689,0.0055977608956417
2025-05-13,0.0141766630316248,0.0151187904967602,0.0667605067363764,0.0600819754073777,0.0228273928714457,0.0112,0.02,0.002,0.0176817288801571,0.0019646365422396,0.0134600158353127,0.0015835312747426,0.0152121697357886,0.0016012810248198
2025-05-14,0.058759521218716,0.0334773218142548,0.0635431329177558,0.0562831150654803,0.0360432519022827,0.0188,0.048,0.03,0.0872093023255814,0.0310077519379844,0.0404040404040404,0.0139860139860139,0.0276695245518316,0.0093530787217459
2025-05-15,0.0521172638436482,0.050755939524838,0.0607189608297251,0.0561887622475504,0.033226581265012,0.0244,0.076,0.062,0.0747474747474747,0.0626262626262626,0.0373250388802488,0.0287713841368584,0.0244091437427353,0.0158853157690817
2025-05-16,0.0249728555917481,0.0259179265658747,0.0751055700784234,0.0643806857942617,0.0276110444177671,0.0132,0.034,0.02,0.034412955465587,0.0182186234817813,0.0253261703760552,0.0084420567920184,0.0177606177606177,0.0046332046332046
2025-05-17,0.0293159609120521,0.029157667386609,0.0690174804098854,0.0601759296281487,0.03,0.0136,0.042,0.022,0.0371900826446281,0.0227272727272727,0.026840490797546,0.0099693251533742,0.0219263899765074,0.0062646828504306
2025-05-18,0.0314875135722041,0.0172786177105831,0.092999899568143,0.0744776567029891,0.0392156862745098,0.0124,0.024,0.0,0.0219123505976095,0.0,0.032983508245877,0.0022488755622188,0.0276157137300661,0.0019447685725398
2025-05-19,0.3177874186550976,0.019438444924406,0.4045011554305234,0.0603818854343696,0.2961184473789516,0.0132,0.18,0.004,0.2475633528265107,0.0,0.2992647058823529,0.0014705882352941,0.3339709257842387,0.0019127773527161
2025-05-20,0.6965442764578834,0.0161987041036717,0.5643057784911717,0.0183963207358528,0.6416,0.004,0.762,0.006,0.7784200385356455,0.0057803468208092,0.723388848660391,0.002172338884866,0.6842700867597133,0.0011316484345529
2025-05-21,0.029157667386609,0.029126213592233,0.018778871259289,0.0180963807238552,0.0080032012805122,0.0076,0.032,0.03,0.0283553875236294,0.0283553875236294,0.0128755364806866,0.0121602288984263,0.0070084839542604,0.0066396163777203
2025-05-22,0.0248380129589632,0.0248112189859762,0.0574124259761116,0.0458954104589541,0.0296355626752102,0.0076,0.032064128256513,0.022,0.046816479400749,0.0224719101123595,0.0324629498941425,0.0084685956245589,0.0278078728782954,0.0061394005055976
2025-05-23,0.0140388768898488,0.0129449838187702,0.0526104417670682,0.0416958304169583,0.0224448897795591,0.0044,0.0180360721442885,0.0,0.0313111545988258,0.0,0.022463768115942,0.0007246376811594,0.0202280250091945,0.0029422581831555
2025-05-24,0.0140388768898488,0.0129449838187702,0.0350401606425702,0.0066993300669933,0.0244391025641025,0.0032,0.0180360721442885,0.004,0.0254901960784313,0.0,0.0252343186733958,0.0,0.0227272727272727,0.000366568914956
2025-05-25,0.0161987041036717,0.0107874865156418,0.1181964249849367,0.0784764570628811,0.061748195669607,0.0204,0.034068136272545,0.004,0.0310077519379844,0.0,0.0448950036205648,0.002172338884866,0.0443295160694495,0.0059106021425932
2025-05-26,0.0183585313174946,0.0151024811218985,0.0970629651981492,0.0637,0.0513231756214915,0.0128,0.0240480961923847,0.002,0.0327552986512524,0.0038535645472061,0.0415451895043731,0.0029154518950437,0.0393093313739897,0.0055106539309331
2025-05-27,0.0172786177105831,0.0151024811218985,0.0721535524067932,0.054489102179564,0.0368737474949899,0.0124,0.0280561122244488,0.004,0.0287907869481765,0.0,0.0341818181818181,0.0036363636363636,0.0272259013980868,0.0033112582781456
2025-05-28,0.0151024811218985,0.0150862068965517,0.0403736065079843,0.0315,0.0232558139534883,0.0096,0.0160320641282565,0.002,0.022944550669216,0.0,0.0196793002915451,0.0021865889212827,0.0162182086251382,0.0025801695539992
2025-05-29,0.0161812297734627,0.0161290322580645,0.0350471982325768,0.0271,0.0240384615384615,0.0072,0.016,0.0,0.0213592233009708,0.0,0.025,0.000735294117647,0.0179618768328445,0.00183284457478
2025-05-30,0.0129449838187702,0.0139186295503211,0.0343442458324964,0.0261947610477904,0.0252606255012028,0.0108,0.016,0.004,0.0097276264591439,0.0,0.0192307692307692,0.0022189349112426,0.0169992609016999,0.0022172949002217
2025-05-31,0.0140237324703344,0.013903743315508,0.0363599839292888,0.0256974302569743,0.0200883889112093,0.0056,0.0120240480961923,0.0,0.017578125,0.0,0.0177514792899408,0.0,0.0162122328666175,0.0003684598378776
2025-06-01,0.0248112189859762,0.016025641025641,0.0690485748695303,0.0433869839048285,0.036144578313253,0.0032,0.0260521042084168,0.0,0.0334645669291338,0.0,0.0327380952380952,0.0,0.0318098720292504,0.0007312614259597
2025-06-02,0.0194174757281553,0.0149572649572649,0.0586345381526104,0.0396,0.038152610441767,0.0132,0.0260521042084168,0.004,0.0278884462151394,0.0,0.0304154302670623,0.0037091988130563,0.03006967363403,0.0029336266960029
2025-06-03,0.0140237324703344,0.0149413020277481,0.031133875665361,0.0224977502249775,0.0245176848874598,0.0096,0.0120240480961923,0.004,0.0118811881188118,0.0,0.0176600441501103,0.0014716703458425,0.016453382084095,0.0021937842778793
2025-07-09,0.011853448275862,0.009594882729211,0.000912408759124,0.0,0.0004027386226339,0.0,0.0,0.0,0.0099009900990099,0.0,0.0117302052785923,0.0,0.0105994152046783,0.0
2025-07-10,0.0451612903225806,0.0165289256198347,0.0326987200172098,0.0221977802219778,0.033167495854063,0.0076,0.0122699386503067,0.0,0.0323232323232323,0.0,0.0616541353383458,0.0037593984962406,0.0434944237918215,0.004089219330855
2025-07-11,0.0160599571734475,0.0165289256198347,0.0284513417394115,0.0137724550898203,0.0248036378668871,0.006,0.0202839756592292,0.0,0.0425963488843813,0.0,0.0508982035928143,0.0037425149700598,0.0419450631031922,0.0048255382331106
2025-07-12,0.013903743315508,0.015495867768595,0.0405639913232104,0.0287769784172661,0.0244711737868104,0.0076,0.0202020202020202,0.002,0.0470347648261758,0.0,0.0451127819548872,0.0030075187969924,0.0422114307060141,0.0037355248412401
2025-07-13,0.0309829059829059,0.0185758513931888,0.0883503586176918,0.0496950304969503,0.0541441066222407,0.0136,0.0404040404040404,0.002,0.0681818181818181,0.0,0.0690172543135784,0.0037509377344336,0.0769519519519519,0.0063813813813813
2025-07-14,0.0309829059829059,0.0175438596491228,0.0790475154941828,0.0451909618076384,0.0533333333333333,0.0124,0.0343434343434343,0.002,0.0663900414937759,0.0,0.0614101592115238,0.0007581501137225,0.0708364732479276,0.0071590052750565
2025-07-15,0.0149413020277481,0.0134020618556701,0.0382644718194701,0.0310875649740103,0.0175219023779724,0.0076,0.0141414141414141,0.0,0.0294117647058823,0.0,0.0281582952815829,0.002283105022831,0.0303490136570561,0.003793626707132
2025-07-16,0.4051172707889126,0.4195876288659794,0.5536938309215537,0.5833,0.4491242702251876,0.4652,0.3366935483870967,0.336,0.3138075313807531,0.303347280334728,0.4036009002250563,0.3893473368342086,0.4565217391304347,0.4434032983508246
2025-07-17,0.012396694214876,0.0133882595262615,0.0232086753825884,0.0146,0.0132530120481927,0.0044,0.0080160320641282,0.0,0.0084566596194503,0.0,0.009789156626506,0.0007530120481927,0.0104166666666666,0.0007440476190476
2025-07-18,0.1053719008264462,0.1467661691542288,0.144921677614957,0.1374725054989002,0.1013268998793727,0.0904,0.0761523046092184,0.068,0.0714285714285714,0.0609243697478991,0.0913140311804008,0.0831477357089829,0.0965951147298297,0.0866025166543301
2025-07-19,0.0134297520661157,0.011783189316575,0.0658241179568193,0.0566943305669433,0.015267175572519,0.0068,0.0040080160320641,0.0,0.0082987551867219,0.0020746887966804,0.0087976539589442,0.000733137829912,0.0092592592592592,0.0011111111111111
2025-07-20,0.0216718266253869,0.0133542812254516,0.0370526315789473,0.0112,0.0279488394126006,0.0012,0.0160642570281124,0.002,0.0145833333333333,0.0020833333333333,0.0204230488694383,0.0007293946024799,0.0217944061024337,0.0003632401017072
2025-07-21,0.0185758513931888,0.0109976433621366,0.075084245998315,0.0483,0.0298719772403982,0.0016,0.0080321285140562,0.0,0.0122699386503067,0.0,0.0203340595497458,0.0007262164124909,0.0255195041924899,0.0007291286912139
2025-07-22,0.0134020618556701,0.0102120974076983,0.0583105694473628,0.0478,0.0118539592223802,0.0008,0.0080160320641282,0.0,0.0100603621730382,0.0,0.0115523465703971,0.0,0.0079222182211019,0.0
2025-07-23,0.356701030927835,0.5113547376664056,0.5431052521448002,0.5607317804658603,0.3821022727272727,0.474,0.2725450901803607,0.272,0.2924901185770751,0.2885375494071146,0.3421052631578947,0.3378378378378378,0.3946808510638298,0.3911347517730496
2025-07-24,0.0133882595262615,0.0101641907740422,0.0473093464806461,0.0402919416116776,0.0113690194220748,0.0028,0.002004008016032,0.0,0.01,0.0,0.0122832369942196,0.0,0.0091074681238615,0.0003642987249544
2025-07-25,0.0132669983416252,0.0117279124315871,0.0822043394112254,0.0751,0.0149688149688149,0.0044,0.0140280561122244,0.002,0.0087281795511221,0.0,0.013095238095238,0.0,0.0120796604635977,0.0016323865491348
2025-07-26,0.04241948153967,0.0117279124315871,0.0725252525252525,0.0614938506149385,0.0333333333333333,0.0051979208316673,0.0100200400801603,0.0,0.0078212290502793,0.0,0.0345022624434389,0.001131221719457,0.0250234594932749,0.0015639662183296
2025-07-27,0.0384917517674784,0.01171875,0.0994854202401372,0.0796840631873625,0.0389558232931726,0.0044,0.018,0.002,0.0123456790123456,0.0011223344556677,0.0370578326782706,0.0005614823133071,0.0328988206083178,0.0015518311607697
2025-07-28,0.2702278083267871,0.01484375,0.1210961112230505,0.0624,0.1892326235435918,0.0032,0.016,0.0,0.4290502793296089,0.0,0.2401129943502825,0.0005649717514124,0.151879235982748,0.0018484288354898
2025-07-29,0.249018067556952,0.1671850699844479,0.0919551832037953,0.0708929107089291,0.177016129032258,0.1108,0.0401606425702811,0.0,0.4371523915461624,0.289210233592881,0.2389580973952434,0.1506228765571914,0.1381840415774992,0.0825435646591256
2025-07-30,0.2607674236491777,0.0977501939487975,0.1230831315577078,0.0883,0.1852597664115988,0.0704,0.0441767068273092,0.0,0.4356984478935698,0.1773835920177383,0.2408140192198982,0.0927077444884115,0.1492767005232379,0.0526315789473684
2025-07-31,0.2642689601250977,0.0999225406661502,0.1005242992538818,0.0607,0.1900926298832058,0.058,0.0441767068273092,0.008,0.4302963776070252,0.1405049396267837,0.2409240924092409,0.0742574257425742,0.1462974111980734,0.0418422636965683
2025-08-01,0.2587959343236903,0.0843653250773993,0.0770940689097706,0.0403959604039596,0.1857373086220789,0.0576,0.0421686746987951,0.0,0.4412094064949608,0.1444568868980963,0.2424749163879598,0.0752508361204013,0.148599269183922,0.0481120584652862
2025-08-02,0.2509773260359656,0.0115562403697996,0.1215369059656218,0.0705,0.1876513317191283,0.0072,0.0422535211267605,0.0,0.4384017758046615,0.0033296337402885,0.2447397563676633,0.0060908084163898,0.1513579493439121,0.0100701861458651
2025-08-03,0.25078125,0.23094688221709,0.143347812910395,0.1131,0.2031502423263328,0.1572,0.0543259557344064,0.02,0.0523364485981308,0.0186915887850467,0.2544345898004435,0.2111973392461197,0.1621123733497083,0.1209702179920172
2025-08-04,0.03515625,0.0153964588144726,0.1211290486343791,0.0964,0.0574201374848362,0.0116,0.0523138832997987,0.0,0.0523364485981308,0.0,0.0548523206751054,0.0063291139240506,0.0492884415133634,0.007289135716765
2025-08-05,0.2045101088646967,0.1993841416474211,0.1343993522922781,0.1232,0.1587429492344883,0.1344,0.036,0.01,0.0171428571428571,0.0,0.0218772053634438,0.0007057163020465,0.0259208731241473,0.0054570259208731
2025-08-06,0.0038789759503491,0.0030745580322828,0.0551396195872116,0.0481,0.0181086519114688,0.0064,0.014,0.002,0.0095602294455066,0.0,0.0153738644304682,0.0,0.0168096054888507,0.0010291595197255
2025-08-07,0.1920991479473276,0.1871657754010695,0.1121098878901121,0.1009,0.1495967741935484,0.134,0.0120240480961923,0.004,0.0148698884758364,0.0,0.014945652173913,0.0,0.0218832891246684,0.0019893899204244
2025-08-08,0.196594427244582,0.1931558935361216,0.1050441489901552,0.0948,0.1516740621218233,0.1368,0.0140562248995983,0.004,0.0148975791433892,0.0018621973929236,0.017943409247757,0.0020703933747412,0.0251846877098723,0.0030221625251846
2025-08-09,0.0708782742681047,0.0692015209125475,0.0572270786745273,0.0443911217756448,0.0639581657280772,0.0492,0.0120481927710843,0.004,0.0167286245353159,0.0018587360594795,0.0144032921810699,0.0006858710562414,0.0241610738255033,0.0003355704697986
2025-08-10,0.2186297151655119,0.2106463878326996,0.1427553202321556,0.119952019192323,0.1814159292035398,0.1532,0.0301810865191146,0.01,0.0254545454545454,0.0018181818181818,0.0248447204968944,0.0027605244996549,0.0462776659959758,0.005365526492287
2025-08-11,0.2386451116243264,0.2165653495440729,0.1491487409521867,0.128987101289871,0.1904186795491143,0.1548,0.0302419354838709,0.008,0.0275229357798165,0.0036697247706422,0.0256055363321799,0.002076124567474,0.0453042328042328,0.0082671957671957
2025-08-12,0.2040030792917629,0.1876899696048632,0.1128933387821822,0.1026794641071785,0.1566653242045912,0.134,0.0100806451612903,0.004,0.0144665461121157,0.0,0.0186851211072664,0.0013840830449826,0.0319709953856295,0.005273566249176
2025-08-13,0.7724827056110684,0.7743161094224924,0.8497705252422234,0.8512,0.7856855649376759,0.7844,0.6673387096774194,0.668,0.6762589928057554,0.6726618705035972,0.7263374485596708,0.7229080932784636,0.7679738562091504,0.765686274509804
2025-08-14,0.1688311688311688,0.1671732522796352,0.0652285042429199,0.0609878024395121,0.1271560369033293,0.1184,0.002,0.0,0.0073126142595978,0.0,0.011142061281337,0.0,0.0092961487383798,0.0003320053120849
2025-08-15,0.185551330798479,0.1838905775075988,0.103616912888436,0.0958904109589041,0.1441730076091309,0.13,0.008,0.002,0.0124777183600713,0.0,0.0192307692307692,0.0006631299734748,0.0172245693857653,0.0006499837504062
2025-08-16,1.0,1.0,1.0,1.0,1.0,1.0,1.0,1.0,1.0,1.0,1.0,1.0,1.0,0.9970491803278688
2025-08-17,1.0,1.0,0.9998987956684546,0.9999,0.999599679743795,0.9996,1.0,1.0,1.0,1.0,1.0,1.0,1.0,0.99898717083052
2025-08-18,0.135258358662614,0.1293494704992435,0.1005989239671099,0.0874,0.1104441776710684,0.092,0.024,0.002,0.02868068833652,0.0,0.0300489168413696,0.0027952480782669,0.0238095238095238,0.002415458937198
2025-08-19,1.0,1.0,0.9994922826969944,0.998300509847046,1.0,1.0,1.0,1.0,1.0,1.0,1.0,1.0,0.99896408839779,0.9972375690607734
2025-08-20,0.567629179331307,0.5690566037735849,0.5917357041826632,0.595,0.552,0.5508,0.358,0.358,0.3658051689860835,0.3638170974155069,0.4441930618401206,0.4419306184012066,0.5047169811320755,0.5014513788098693
2025-08-21,0.0037993920972644,0.002262443438914,0.0270958541305897,0.0226,0.00882470918572,0.0012,0.004,0.0,0.0142857142857142,0.0,0.0167197452229299,0.000796178343949,0.0092307692307692,0.0003846153846153
2025-08-22,0.0091185410334346,0.0090361445783132,0.0407041823547369,0.0359,0.0200481154771451,0.008,0.004,0.0,0.0123711340206185,0.0,0.0183908045977011,0.0,0.0131826741996233,0.0003766478342749
2025-08-23,0.0272727272727272,0.003012048192771,0.0428658289420348,0.0325,0.0296474358974358,0.0007996801279488,0.006,0.0,0.0062893081761006,0.0,0.0465477114041892,0.0007757951900698,0.0277355623100303,0.0003799392097264
2025-08-24,0.2216338880484115,0.2183734939759036,0.0852462331883911,0.0744,0.0308493589743589,0.0132,0.0100200400801603,0.0,0.0107758620689655,0.0,0.0186234817813765,0.0032388663967611,0.0182241178751454,0.0019387359441644
2025-08-25,0.2291981845688351,0.226656626506024,0.0640080767289247,0.0567829651104668,0.0284569138276553,0.0176,0.0140280561122244,0.004,0.0108695652173913,0.0,0.0089358245329,0.0016246953696181,0.0102402520677432,0.0019692792437967
2025-08-26,0.1770045385779122,0.1754518072289156,0.0403632694248234,0.0383,0.0136327185244587,0.0088,0.0120240480961923,0.002,0.008714596949891,0.0,0.0066061106523534,0.0,0.0051628276409849,0.0007942811755361
2025-08-27,0.2143396226415094,0.2120300751879699,0.0445091932080779,0.040983606557377,0.010808646917534,0.0068,0.008,0.0,0.0085470085470085,0.0,0.0056726094003241,0.0,0.0065840433772269,0.0003872966692486
2025-08-28,0.2104072398190045,0.2079579579579579,0.0402576489533011,0.0364963503649635,0.0152121697357886,0.0076,0.014,0.002,0.010204081632653,0.0020408163265306,0.0109090909090909,0.0014545454545454,0.010178117048346,0.0010905125408942
2025-08-29,0.1859939759036144,0.1839339339339339,0.043381982888777,0.038992201559688,0.0168404170008019,0.008,0.012,0.002,0.0081967213114754,0.0,0.013909224011713,0.0021961932650073,0.0103016924208977,0.0018395879323031
2025-08-30,0.2115963855421686,0.2094594594594594,0.0311965381906007,0.025,0.0148654077942948,0.0052,0.016,0.002,0.0122199592668024,0.0,0.0131004366812227,0.0,0.0106422018348623,0.0007339449541284
2025-08-31,0.0504518072289156,0.0239880059970015,0.067472306143001,0.045490901819636,0.0470257234726688,0.0112,0.024,0.0,0.0175438596491228,0.0,0.046984572230014,0.002805049088359,0.0394922425952045,0.0024682651622002
2025-09-01,0.2221385542168674,0.2112359550561797,0.0640354409987917,0.0466,0.0401767778224186,0.0108,0.038,0.004,0.0268199233716475,0.0019157088122605,0.0377747252747252,0.0006868131868131,0.0289655172413793,0.0013793103448275
2025-09-02,0.0015060240963855,0.0014981273408239,0.0494461228600201,0.04087956021989,0.0188830855765367,0.0068,0.02,0.0,0.0171755725190839,0.0,0.0151098901098901,0.0,0.0137504297009281,0.0003437607425232
2025-09-03,0.212781954887218,0.2095808383233532,0.0471346560580118,0.0380961903809619,0.015267175572519,0.004,0.024,0.0,0.0204841713221601,0.0,0.0146179401993355,0.0,0.0133244503664223,0.0003331112591605
2025-09-04,0.0172672672672672,0.0142215568862275,0.0379913104981307,0.0277,0.0112314480545527,0.0,0.024,0.0,0.0186915887850467,0.0,0.013671875,0.0,0.0141961043248596,0.0006602839220864
2025-09-05,0.0990990990990991,0.0958083832335329,0.0231683771974392,0.0107989201079892,0.0152365677626303,0.0008,0.026,0.0,0.0227703984819734,0.0,0.0172413793103448,0.0,0.0182300298309579,0.0
2025-09-06,0.1358858858858858,0.1337817638266068,0.0495968976426165,0.0386,0.0240096038415366,0.0092,0.02,0.002,0.0247148288973384,0.0,0.0191040843214756,0.0013175230566534,0.0179940019993335,0.0033322225924691
2025-09-07,0.2188905547226386,0.2159940209267563,0.0643640463257148,0.0458954104589541,0.0356285028022417,0.0096,0.028,0.004,0.0302457466918714,0.0018903591682419,0.0274064171122994,0.0020053475935828,0.0311774461028192,0.0039800995024875
2025-09-08,0.247940074906367,0.2189835575485799,0.0703125,0.0506949305069493,0.0540865384615384,0.0136,0.024,0.002,0.0283553875236294,0.0,0.0527027027027027,0.0027027027027027,0.0441176470588235,0.0043449197860962
2025-09-09,0.0269662921348314,0.0014947683109118,0.0399007649369443,0.028,0.0360576923076923,0.0072,0.012,0.0,0.01707779886148,0.0,0.0403225806451612,0.0,0.0267201068804275,0.0016700066800267
2025-09-10,0.8196107784431138,0.8200149365197908,0.8793139078321968,0.8825352394281716,0.8118494795836669,0.8096,0.756,0.754,0.7584905660377359,0.7547169811320755,0.7846153846153846,0.7819397993311037,0.8131059846205283,0.8104312938816449
2025-09-11,0.1872659176029962,0.186846038863976,0.0145409223099293,0.0066979906028191,0.0112179487179487,0.0,0.006,0.0,0.0113851992409867,0.0,0.0124052377670572,0.0,0.0106822880771881,0.0
2025-09-12,0.2342814371257485,0.2091112770724421,0.0399166232412714,0.028,0.0348697394789579,0.0044,0.018,0.0,0.0168539325842696,0.0,0.0429740791268758,0.0013642564802182,0.0289509536784741,0.0020435967302452
2025-09-13,0.0291479820627802,0.0052238805970149,0.0392546843923374,0.0253974602539746,0.0356713426853707,0.0076,0.018,0.0,0.0169491525423728,0.0,0.0413223140495867,0.0034435261707988,0.0273463875759621,0.0027008777852802
2025-09-14,0.0276532137518684,0.0014925373134328,0.0634038985537623,0.0476809276289484,0.0501202886928628,0.0132,0.024,0.006,0.0229007633587786,0.0038167938931297,0.0310077519379844,0.0021141649048625,0.0393806799057556,0.0030292830696735
2025-09-15,0.0298953662182361,0.003731343283582,0.0526094718051034,0.0361,0.0400962309542902,0.0064,0.032,0.0,0.0228136882129277,0.0,0.0285913528591352,0.00139470013947,0.0457734714333444,0.0023387905111927
2025-09-16,0.0104633781763826,0.003731343283582,0.0329463445246313,0.0288884446221511,0.0184738955823293,0.004,0.018,0.0,0.017208413001912,0.0,0.0175685172171468,0.0,0.015274949083503,0.0003394433129667
2025-09-17,0.3637042569081404,0.3628912071535022,0.3461378737541528,0.367,0.2386682711592458,0.2344,0.14,0.134,0.130188679245283,0.1264150943396226,0.2067539627842867,0.1998621640248104,0.2474123539232053,0.2390651085141903
2025-09-18,0.0029873039581777,0.0022354694485842,0.0284882511956747,0.0245,0.0144346431435445,0.0056,0.0060120240480961,0.0,0.0113421550094517,0.0,0.0112359550561797,0.0007022471910112,0.0093614175860916,0.0013373453694416
2025-09-19,0.1904406273338312,0.1861504095309009,0.0693509988614015,0.0577826652004398,0.0272763738467709,0.0136,0.0200400801603206,0.0,0.0132575757575757,0.0,0.0174337517433751,0.0,0.0185369083085071,0.0023171135385633
2025-09-20,0.1708955223880597,0.1682799702159344,0.0668103448275862,0.0560831750474857,0.0312876052948255,0.0168,0.024,0.0,0.0227703984819734,0.0,0.0195667365478686,0.0,0.0199607329842931,0.0016361256544502
2025-09-21,0.2119402985074626,0.2062546537602382,0.0899643402954661,0.0686,0.0525260625501202,0.0224,0.034,0.002,0.0305927342256214,0.0,0.0315284441398217,0.0006854009595613,0.0346178967994774,0.0029392553886348
2025-09-22,0.1776119402985074,0.1638123603871928,0.0867186708540168,0.0659,0.050501002004008,0.018,0.04,0.004,0.0382409177820267,0.0019120458891013,0.0425531914893617,0.004118050789293,0.0365893498856582,0.0032669062397909
2025-09-23,0.1992537313432835,0.1952487008166295,0.0697061803444782,0.058994100589941,0.0316633266533066,0.0156,0.024,0.0,0.019193857965451,0.0,0.0172176308539944,0.0006887052341597,0.0170827858081471,0.0009855453350854
2025-09-24,0.2205663189269746,0.2066666666666666,0.0569089255028808,0.0476952304769523,0.0336808340016038,0.0156,0.022,0.002,0.019193857965451,0.0,0.0116279069767441,0.0,0.0172526041666666,0.0003255208333333
2025-09-25,0.2160953800298062,0.2137573964497041,0.0727455919395466,0.0581,0.0313001605136436,0.0148,0.018,0.0,0.0188323917137476,0.0,0.0140374331550802,0.0006684491978609,0.0212226797592651,0.0009502692429521
2025-09-26,0.2323157110945644,0.2167159763313609,0.0944684268647726,0.0742702918832467,0.041750301083902,0.0188,0.016,0.0,0.0151228733459357,0.0,0.0171115674195756,0.000684462696783,0.0243348475016223,0.0016223231667748
2025-09-27,0.22933730454207,0.2152366863905325,0.1227172386112783,0.0951809638072385,0.045691382765531,0.0216,0.02,0.0,0.0150659133709981,0.0,0.0163043478260869,0.0006793478260869,0.022764764104256,0.0016496205872649
2025-09-28,0.0513775130305286,0.0273668639053254,0.1012137626642592,0.045490901819636,0.049318364073777,0.0056,0.034,0.0,0.0379506641366223,0.0,0.0345542501727712,0.0,0.042703429724277,0.0010087424344317
2025-09-29,0.0275502606105733,0.0088757396449704,0.12064988466553,0.0770768769369189,0.0509222133119486,0.008,0.036,0.0,0.0359168241965973,0.0,0.0379310344827586,0.0,0.040595399188092,0.0013531799729364
2025-09-30,0.0066815144766146,0.0036954915003695,0.0863107185869128,0.062481255623313,0.0308493589743589,0.0084,0.026,0.0,0.0283553875236294,0.0,0.0270083102493074,0.0034626038781163,0.0216289286921257,0.0023656640757012
2025-10-01,0.5511111111111111,0.5521064301552107,0.6114732724902217,0.6065,0.4929915899078895,0.4852,0.384,0.38,0.3822975517890772,0.3747645951035782,0.4447572132301196,0.4356087262491203,0.4808338937457969,0.4720914593140551
2025-10-02,0.003698224852071,0.0029542097488921,0.0608617053329316,0.0401959804019598,0.0188150520416333,0.004,0.018,0.0,0.0226843100189035,0.0,0.0197461212976022,0.0,0.0143051771117166,0.0003405994550408
2025-10-03,0.2204142011834319,0.2171344165435746,0.1255654971348145,0.1052,0.0408326661329063,0.022,0.02,0.0,0.0281425891181988,0.0,0.0218309859154929,0.002112676056338,0.0200135685210312,0.0023744911804613
2025-10-04,0.2374260355029585,0.2186115214180206,0.1239561324076869,0.0927907209279072,0.052863436123348,0.0232,0.024,0.002,0.0282485875706214,0.0018832391713747,0.030474840538625,0.0028348688873139,0.0333219993199591,0.0044202652159129
2025-10-05,0.2226331360946745,0.2187039764359352,0.1545198308838333,0.1227,0.0581162324649298,0.0296,0.028,0.002,0.0279850746268656,0.003731343283582,0.0320970042796005,0.0057061340941512,0.0328947368421052,0.0048476454293628
2025-10-06,0.2196745562130177,0.2135493372606774,0.1632262612022958,0.131960411876437,0.0625250501002004,0.0324,0.03,0.01,0.033271719038817,0.0036968576709796,0.0342124019957234,0.0035637918745545,0.0329861111111111,0.0059027777777777
2025-10-07,0.2261640798226164,0.2187039764359352,0.1331185177726311,0.1199760047990401,0.0425190533493782,0.026,0.012,0.006,0.0146520146520146,0.0054945054945054,0.0213523131672597,0.0042704626334519,0.0232477446217904,0.0065926439972241
2025-10-08,0.7257945306725795,0.7260677466863034,0.8064743138634765,0.8049780087964814,0.6991576413959085,0.6968,0.624,0.62,0.6114180478821363,0.6077348066298343,0.6515804597701149,0.6479885057471264,0.6879858657243816,0.6833922261484099
2025-10-09,0.086410635155096,0.0846833578792341,0.0854235922232295,0.0774922507749225,0.0224538893344025,0.0108,0.0160320641282565,0.002,0.0191204588910133,0.0,0.0192878338278931,0.0007418397626112,0.0172540381791483,0.0018355359765051
2025-10-10,0.2127031019202363,0.2106038291605302,0.128156121114576,0.1188881111888811,0.0385078219013237,0.0244,0.0120724346076458,0.002,0.0209125475285171,0.0038022813688212,0.0176991150442477,0.0029498525073746,0.0199709513435003,0.0054466230936819
2025-10-11,0.2097488921713441,0.2083946980854197,0.1117357695010541,0.1032896710328967,0.0364875701684041,0.0236,0.0060240963855421,0.002,0.0149532710280373,0.0037383177570093,0.0169867060561299,0.0022156573116691,0.0185050798258345,0.0050798258345428
2025-10-12,0.2430044182621502,0.2128129602356406,0.152426795026073,0.1288613415975207,0.0728874649579495,0.0352,0.0240480961923847,0.006,0.0333951762523191,0.0074211502782931,0.0322344322344322,0.0065934065934065,0.041159627773801,0.0085898353614889
2025-10-13,0.2253313696612665,0.2157584683357879,0.132851695765603,0.1095671298610416,0.0636509207365892,0.0388,0.0220440881763527,0.004,0.0352504638218923,0.0055658627087198,0.0343818580833942,0.0058522311631309,0.0479797979797979,0.0093795093795093
2025-10-14,0.0346097201767304,0.0316642120765832,0.0609498945677276,0.051994800519948,0.0188075230092036,0.0064,0.0120240480961923,0.0,0.0240295748613678,0.0,0.0185449358059914,0.0007132667617689,0.0131099781500364,0.0007283321194464
2025-10-15,1.0,1.0,1.0,1.0,1.0,1.0,1.0,1.0,1.0,1.0,1.0,1.0,1.0,1.0
2025-10-16,0.198821796759941,0.1969365426695842,0.0411717334407086,0.0385884234729581,0.0104,0.0056,0.0,0.0,0.0094876660341555,0.0,0.0065312046444121,0.0,0.0048399106478034,0.0007446016381236
2025-10-17,0.2025036818851252,0.1982507288629737,0.0391919191919191,0.0298940211957608,0.0188301282051282,0.0056,0.018,0.002,0.0241187384044526,0.0,0.0180115273775216,0.0,0.0132596685082872,0.0003683241252302
2025-10-18,0.2135493372606774,0.2084548104956268,0.0627082702211451,0.0541,0.0208500400962309,0.0096,0.016,0.002,0.0163934426229508,0.0,0.0163236337828246,0.0014194464158978,0.0134203844758795,0.0018135654697134
2025-10-19,0.024300441826215,0.0036443148688046,0.0931689571544058,0.0686931306869313,0.0465116279069767,0.0152,0.024,0.0,0.0289855072463768,0.0,0.0454545454545454,0.0034965034965034,0.0356628242074927,0.0054034582132564
2025-10-21,0.0051546391752577,0.0014577259475218,0.03129100635914,0.0213,0.0152426795026073,0.0044,0.02,0.002,0.025089605734767,0.0,0.0161290322580645,0.0,0.0154066642780365,0.0007165890361877
2025-10-22,0.0206185567010309,0.0035893754486719,0.0437020589422688,0.028494301139772,0.0289272800321414,0.0052,0.014,0.0,0.0246478873239436,0.0,0.0392832529290144,0.0034458993797381,0.0287114845938375,0.0028011204481792
2025-10-23,0.0066225165562913,0.0028591851322373,0.0388270980788675,0.0272918124562631,0.0185036202735317,0.0052,0.02,0.002,0.0244755244755244,0.0,0.0211893369788106,0.0013670539986329,0.0183900069396252,0.0017349063150589
2025-10-24,0.0080233406272793,0.0021443888491779,0.0418985932597915,0.0267946410717856,0.0252302763315979,0.0048,0.032064128256513,0.002,0.0337837837837837,0.0,0.0297029702970297,0.0019801980198019,0.0224756793022475,0.0023482053002348
2025-10-25,0.0065597667638483,0.0028591851322373,0.0545491553022593,0.0403,0.0304487179487179,0.012,0.0200400801603206,0.0,0.0224137931034482,0.0,0.0235849056603773,0.002021563342318,0.0237610319076714,0.0033944331296673
2025-10-26,0.0087463556851311,0.0021443888491779,0.0879109658974882,0.0645,0.0436698717948717,0.018,0.0380761523046092,0.004,0.0363321799307958,0.0017301038062283,0.0358835477318889,0.0040622884224779,0.035958904109589,0.0078767123287671
2025-10-27,0.0167638483965014,0.0028591851322373,0.085690856908569,0.0626,0.0517034068136272,0.0196,0.0420841683366733,0.004,0.0418118466898954,0.0017421602787456,0.0354041416165664,0.002004008016032,0.0392156862745098,0.0057471264367816
2025-10-28,0.0240524781341107,0.0035688793718772,0.0452679121330322,0.0278,0.0368737474949899,0.0076,0.0360721442885771,0.004,0.0296052631578947,0.0016447368421052,0.0275952693823915,0.0013140604467805,0.0278211941231634,0.0018755861206627
2025-10-29,0.0028715003589375,0.0028551034975017,0.0532807602871297,0.0324967503249675,0.0240288346015218,0.0108,0.02,0.006,0.0129870129870129,0.0,0.0210862619808306,0.0038338658146964,0.0147710487444608,0.0029542097488921
2025-10-30,0.0042887776983559,0.0028510334996436,0.0641673403395311,0.0525947405259474,0.0256718812675491,0.0104,0.0220883534136546,0.002,0.0145867098865478,0.0,0.019695044472681,0.0006353240152477,0.0171091445427728,0.003244837758112
2025-10-31,0.0050035739814152,0.0028510334996436,0.0685111989459815,0.0556,0.0236662655435218,0.0064,0.0301810865191146,0.002,0.0189573459715639,0.0,0.0197287299630086,0.0,0.0203847258110824,0.0043066322136089
2025-11-01,0.0042887776983559,0.0028469750889679,0.076860677347394,0.0658868226354729,0.0313127258129265,0.0152,0.028169014084507,0.004,0.0207336523125996,0.0,0.0224438902743142,0.0056109725685785,0.0209424083769633,0.0075625363583478
2025-11-02,0.0135811293781272,0.003556187766714,0.1038684130368565,0.0741,0.055800883179446,0.0196,0.0422535211267605,0.006,0.0354267310789049,0.001610305958132,0.0497512437810945,0.0080845771144278,0.0459467369037167,0.0102429031314018
2025-11-03,0.0142959256611865,0.003556187766714,0.0972956486376575,0.07,0.0598393574297188,0.0204,0.0462776659959758,0.004,0.0422077922077922,0.0032467532467532,0.0453686200378071,0.0088216761184625,0.0448377581120943,0.0094395280235988
2025-11-04,0.006423982869379,0.003556187766714,0.0653721024806832,0.0516896620675864,0.0317141710156563,0.0108,0.0240480961923847,0.002,0.0287081339712918,0.0,0.0227133210558624,0.0006138735420503,0.0222353987548176,0.0050400237177586
2025-11-05,0.4154175588865096,0.4153627311522048,0.4114837398373984,0.415,0.3227619429947812,0.3128,0.2104208416833667,0.198,0.2695374800637958,0.2503987240829346,0.3117040630685264,0.2953305033353547,0.3966893289979308,0.3869346733668342
2025-11-06,0.0199572344975053,0.0028429282160625,0.0414418083698197,0.0298,0.0300842358604091,0.0044,0.0180360721442885,0.0,0.0292207792207792,0.0016233766233766,0.0395858708891595,0.0018270401948842,0.0250737463126843,0.0014749262536873
2025-11-07,0.0057020669992872,0.0028388928317956,0.0733991652244731,0.0620937906209379,0.034068136272545,0.0136,0.0200803212851405,0.0,0.0306946688206785,0.0016155088852988,0.02999400119976,0.0041991601679664,0.0221833041447752,0.0061295971978984
2025-11-08,0.0056939501779359,0.0028368794326241,0.0589967506092607,0.043,0.0376602564102564,0.008,0.0160320641282565,0.002,0.0276422764227642,0.0016260162601626,0.0357359176256814,0.0030284675953967,0.027485380116959,0.0038011695906432
2025-11-09,0.0433854907539118,0.0035435861091424,0.0881218274111675,0.0495950404959504,0.0729751403368083,0.0128,0.0300601202404809,0.002,0.0375203915171288,0.0016313213703099,0.0773480662983425,0.007366482504604,0.0581979320531757,0.0047267355982274
2025-11-10,0.0412517780938833,0.0035435861091424,0.0607410406964972,0.0314905528341497,0.0637274549098196,0.0092,0.0280561122244488,0.002,0.033003300330033,0.0,0.0727048675292667,0.0030807147258163,0.0499702558001189,0.0032718619869125
2025-11-11,0.0064011379800853,0.0028348688873139,0.0322090549984807,0.0217,0.0288577154308617,0.0056,0.0180360721442885,0.002,0.020033388981636,0.0,0.0303405572755417,0.0018575851393188,0.0214669051878354,0.0017889087656529
2025-11-12,0.0049786628733997,0.0028348688873139,0.0328880793361667,0.0237,0.0232464929859719,0.0052,0.0200400801603206,0.002,0.0165016501650165,0.0,0.0227972889710412,0.0012322858903265,0.0150466445982545,0.0012037315678603
2025-11-13,0.029140014214641,0.0028348688873139,0.0375681680468592,0.0251924422673198,0.0392313851080864,0.0092,0.012,0.0,0.014827018121911,0.0,0.0394984326018808,0.0018808777429467,0.0258180726508556,0.0024016811768237
2025-11-14,0.0298083747338537,0.0028348688873139,0.0453306410903584,0.0308969103089691,0.0380304243394715,0.0092,0.012,0.0,0.0115131578947368,0.0016447368421052,0.0388714733542319,0.0018808777429467,0.0261339741664163,0.0021027335536197
2025-11-15,0.0035460992907801,0.0021231422505307,0.0399354578459056,0.0291970802919708,0.0280112044817927,0.0112,0.018,0.002,0.0147783251231527,0.0,0.019193857965451,0.00127959053103,0.017406962785114,0.003001200480192
2025-11-16,0.030474840538625,0.002830856334041,0.0632745591939546,0.0391,0.0496198479391756,0.0124,0.018,0.002,0.0196399345335515,0.0,0.0282413350449293,0.0019255455712451,0.0330727600721587,0.0024052916416115
2025-11-17,0.0255138199858256,0.0035385704175513,0.0833752894975329,0.0627874425114977,0.0480192076830732,0.0156,0.024,0.0,0.0257234726688102,0.0016077170418006,0.0254614894971355,0.0019096117122851,0.0316323485526708,0.0023873470605789
2025-11-18,0.0170092133238837,0.0035385704175513,0.0359444220700765,0.0267,0.025610244097639,0.0072,0.008,0.0,0.0158730158730158,0.0,0.0163419233186675,0.0018856065367693,0.0167414050822122,0.0017937219730941
2025-11-19,0.0049610205527994,0.0035360678925035,0.0334475115857344,0.0252949410117976,0.0172275641025641,0.0048,0.012,0.0,0.0173228346456692,0.0,0.0194846008799497,0.0012570710245128,0.0134288272157564,0.0011936735302894
2025-11-20,0.0028368794326241,0.0021231422505307,0.0325309698861919,0.0223977602239776,0.0228365384615384,0.004,0.016,0.0,0.0232558139534883,0.0,0.0240443896424167,0.000616522811344,0.0177325581395348,0.0011627906976744
2025-11-21,0.0042523033309709,0.0021186440677966,0.03565313727465,0.0241,0.0244391025641025,0.006,0.012,0.0,0.0186046511627906,0.0,0.0240295748613678,0.0012322858903265,0.0177946324387397,0.0017502917152858
2025-11-22,0.0042462845010615,0.0021141649048625,0.0399596367305751,0.0231,0.0232464929859719,0.002,0.016,0.0,0.0274390243902439,0.0,0.0274893097128894,0.0018326206475259,0.0222672064777327,0.0020242914979757
2025-11-23,0.0084925690021231,0.0028188865398167,0.0633410907619144,0.0358928214357128,0.0404647435897435,0.0084,0.03,0.0,0.0451127819548872,0.0015037593984962,0.041970802919708,0.0024330900243309,0.0375896700143472,0.0028694404591104
2025-11-24,0.0142180094786729,0.0023557126030624,0.0484214800527865,0.0305,0.0377510040160642,0.0072,0.038,0.002,0.0473484848484848,0.0018939393939393,0.0443686006825938,0.0025597269624573,0.0339640950994662,0.0019408054342552
2025-11-25,0.0070771408351026,0.002112676056338,0.0306101763632677,0.0159,0.0284455128205128,0.0012,0.03,0.0,0.0430906389301634,0.0,0.0382281553398058,0.0006067961165048,0.0260744985673352,0.0014326647564469
2025-11-26,0.7722772277227723,0.7698803659394793,0.8262013151239251,0.825,0.7574059247397918,0.7488,0.65,0.634,0.6751117734724292,0.6572280178837556,0.7300060132291041,0.7179795550210463,0.7869084726551431,0.7806744120147351
2025-11-27,0.0042432814710042,0.0021082220660576,0.0167410714285714,0.0088,0.016426282051282,0.0012,0.016,0.0,0.0243531202435312,0.0,0.0209617755856966,0.0,0.0149297423887587,0.0002927400468384
2025-11-28,0.0042402826855123,0.0014035087719298,0.0326969943135662,0.015496900619876,0.0268537074148296,0.0048,0.016,0.0,0.0304878048780487,0.0,0.0274557657107992,0.0012202562538133,0.0206896551724137,0.0014367816091954
2025-11-29,0.0042283298097251,0.0021052631578947,0.0256618318287858,0.0132,0.0248496993987975,0.0024,0.0240480961923847,0.0,0.0385208012326656,0.0,0.028169014084507,0.0,0.0189818809318377,0.0005752085130859
2025-11-30,0.0162085976039464,0.0021023125437981,0.0447413705840672,0.0167,0.041299117882919,0.004,0.0261044176706827,0.0,0.0417956656346749,0.0,0.0417177914110429,0.0006134969325153,0.0326911850554582,0.0005837711617046
2025-12-01,0.2100070472163495,0.1646811492641906,0.0809798562607551,0.0530946905309469,0.0810268752507019,0.0436,0.07429718875502,0.042,0.0946372239747634,0.0441640378548895,0.0711610486891385,0.0299625468164794,0.127540500736377,0.0845360824742268
2025-12-02,0.0021141649048625,0.0020993701889433,0.0212529096245319,0.0130986901309869,0.0164526484751203,0.0016,0.0120481927710843,0.0,0.0272,0.0032,0.0208717004297114,0.0012277470841006,0.0127031019202363,0.0008862629246676
2025-12-03,0.1887323943661971,0.0097902097902097,0.0563309061488673,0.0136986301369863,0.0502209722780233,0.0028,0.0543259557344064,0.014,0.0690208667736757,0.0112359550561797,0.0514839491217444,0.0042398546335554,0.1044036162146398,0.0034995625546806
2025-12-05,0.2143359100491918,0.1785216178521617,0.08,0.0543,0.0706543556804496,0.0392,0.0642570281124498,0.036,0.0747217806041335,0.0429252782193958,0.0659868026394721,0.0311937612477504,0.1290229051899101,0.0948100898811249
2025-12-09,0.2126315789473684,0.0006968641114982,0.0489174836601307,0.0016993202718912,0.0419185812172511,0.0004,0.0480961923847695,0.0,0.0716612377850162,0.0,0.0564071122011036,0.0,0.1189220855301698,0.0002929115407147
2025-12-10,0.2141853932584269,0.0187891440501043,0.092094455852156,0.0394,0.0581818181818181,0.0064,0.0561122244488977,0.002,0.0726978998384491,0.0048465266558966,0.0613873542050337,0.0030693677102516,0.1224970553592461,0.0103062426383981
2025-12-11,0.3118430273300631,0.2162726008344923,0.2216521292970754,0.185981401859814,0.1862903225806451,0.1444,0.186,0.144,0.1580756013745704,0.1391752577319587,0.1781502172563625,0.132836747361887,0.2294787297783103,0.1713600958657879
2025-12-12,0.2102312543798178,0.0062543432939541,0.0781330317672458,0.0255,0.0564743848325937,0.0028,0.03,0.0,0.0241796200345423,0.0,0.0282776349614395,0.0012853470437017,0.0497925311203319,0.0019150973507819
2025-12-13,0.1336599020293911,0.0820013898540653,0.0626414318041555,0.037996200379962,0.0556900726392251,0.0096,0.024,0.0,0.0238500851788756,0.0,0.0498084291187739,0.0006385696040868,0.0425394779245891,0.0029004189494038
2025-12-14,0.2043386983904828,0.1969486823855755,0.1260020554984584,0.0889,0.0686314089624545,0.034,0.0380761523046092,0.01,0.0357142857142857,0.0,0.0354430379746835,0.000632911392405,0.0405535886707434,0.00418410041841
2025-12-15,0.0216329378925331,0.0090152565880721,0.0728686930713335,0.0451,0.0462404503417772,0.0072,0.032064128256513,0.004,0.0374149659863945,0.0034013605442176,0.0384138785625774,0.0012391573729863,0.042708003796267,0.0034799114204365
2025-12-16,0.00139470013947,0.0006934812760055,0.053029528966997,0.0425,0.0208835341365461,0.004,0.0140280561122244,0.0,0.0210526315789473,0.0,0.0196451204055766,0.0,0.0169879124469127,0.0013067624959163
2025-12-17,0.7627000695894224,0.7638504155124654,0.8233147491130258,0.8239352129574086,0.7416900280336404,0.7376,0.652,0.646,0.6683937823834197,0.6649395509499136,0.7174185463659147,0.7124060150375939,0.7559638942617666,0.7527401676337847
2025-12-18,0.0013908205841446,0.0006920415224913,0.0469478807544108,0.0387,0.022017614091273,0.0044,0.018,0.0,0.014388489208633,0.0,0.0186136071887034,0.0,0.017212843429328,0.0006620324395895
2025-12-19,0.0006949270326615,0.0006920415224913,0.0170385395537525,0.0136986301369863,0.0040176777822418,0.0016,0.0,0.0,0.0,0.0,0.0,0.0,0.0016302575806977,0.0
2025-12-20,0.0027797081306462,0.0006920415224913,0.0591811917308471,0.0426,0.0273202089192446,0.006,0.022,0.002,0.0237691001697792,0.0016977928692699,0.025735294117647,0.0012254901960784,0.021875,0.0015625
2025-12-21,0.0062413314840499,0.0006910850034554,0.081982164572355,0.0536,0.0429373996789727,0.0052,0.032,0.002,0.0435510887772194,0.0,0.0430239704978488,0.0018438844499078,0.0385587863463969,0.0031605562579013
2025-12-22,0.036754507628294,0.0006910850034554,0.080922516690269,0.0460907818436312,0.064684612294094,0.0064,0.038,0.0,0.0442176870748299,0.0,0.0745420088439671,0.0025268477574226,0.0591085271317829,0.003875968992248
2025-12-23,0.0034674063800277,0.0006896551724137,0.0567951318458417,0.03999600039996,0.0266129032258064,0.0032,0.02,0.002,0.025,0.0016666666666666,0.0333123821495914,0.0025141420490257,0.0277688085243784,0.0025831449790119
2025-12-24,0.0034626038781163,0.0006891798759476,0.0577215189873417,0.0430870738778366,0.0281803542673107,0.0048,0.024,0.0,0.033500837520938,0.0,0.0323785803237858,0.0024906600249066,0.0256859311150029,0.0040863981319322
2025-12-25,0.0076124567474048,0.0006877579092159,0.081578947368421,0.0591881623675265,0.0418174507438681,0.0084,0.03,0.0,0.0372250423011844,0.0,0.0383806519453207,0.0026288117770767,0.0337662337662337,0.0046176046176046
2025-12-26,0.0096885813148788,0.0013755158184319,0.0904486984705763,0.063,0.0482509047044632,0.0092,0.038,0.0,0.0485762144053601,0.0,0.0436170212765957,0.0042553191489361,0.0381008206330597,0.0041031652989449
2025-12-27,0.0048442906574394,0.0013755158184319,0.0664034821338192,0.04999500049995,0.0361736334405144,0.0096,0.028,0.0,0.0326460481099656,0.0,0.0303194369247428,0.0037899296155928,0.0264661654135338,0.0042105263157894
2025-12-28,0.0082930200414651,0.0006877579092159,0.0776846146075361,0.0523790483806477,0.0385852090032154,0.0072,0.038,0.0,0.0368421052631578,0.0,0.0330578512396694,0.0033057851239669,0.0323269289417505,0.0030497102775236
2025-12-29,0.0435383552176917,0.0013755158184319,0.0904137235116044,0.0601879624075184,0.0667470848411741,0.0112,0.034,0.002,0.039426523297491,0.0017921146953405,0.0570637119113573,0.0033240997229916,0.0509046304814474,0.0039865072063784
2025-12-30,0.0020689655172413,0.0006877579092159,0.0572434607645875,0.0469,0.0220352564102564,0.0052,0.016,0.0,0.0219378427787934,0.0,0.0162829870859067,0.0016844469399213,0.0171073094867807,0.0015552099533437
2025-12-31,0.0013783597518952,0.0006877579092159,0.0594268476621417,0.0492,0.0224269122947537,0.006,0.012,0.0,0.018348623853211,0.0,0.0175836642087351,0.0022688598979013,0.0197430272641805,0.00219366969602
2026-01-01,0.0020632737276478,0.0006877579092159,0.0644707772645109,0.04999500049995,0.025610244097639,0.0052,0.02,0.006,0.0248667850799289,0.0017761989342806,0.0217270194986072,0.0016713091922005,0.0254083484573502,0.0024198427102238
2026-01-02,0.0061898211829436,0.0013745704467353,0.0767532858432828,0.056,0.0332132853141256,0.0092,0.024,0.004,0.0319148936170212,0.0,0.0297251822770611,0.002804262478968,0.0331782945736434,0.0049612403100775
2026-01-03,0.0027510316368638,0.0013745704467353,0.0497492477432296,0.0346930613877224,0.023609443777511,0.0032,0.016,0.0,0.0311355311355311,0.0,0.0214617169373549,0.0,0.0230843218980442,0.0012824623276691
2026-01-04,0.0398899587345254,0.002061855670103,0.0657696555879104,0.0404959504049595,0.0700280112044818,0.018,0.058,0.008,0.0574506283662477,0.0035906642728904,0.0725388601036269,0.0086355785837651,0.0530035335689045,0.0073883713459685
2026-01-05,0.0392022008253094,0.0013745704467353,0.0585929648241206,0.0348895331400579,0.0696278511404561,0.014,0.064,0.006,0.0597826086956521,0.0018115942028985,0.07439446366782,0.0057670126874279,0.0560443141088302,0.006516780710329
2026-01-06,0.0337001375515818,0.0013745704467353,0.0604141535987133,0.0456954304569543,0.0544435548438751,0.014,0.04,0.006,0.0366300366300366,0.0018315018315018,0.0596755504055619,0.0069524913093858,0.0411899313501144,0.0055573716900948
2026-01-07,0.0289057123193392,0.0013717421124828,0.0469001610305958,0.0302,0.0492591109331197,0.0052,0.034,0.002,0.0279850746268656,0.001865671641791,0.0558755760368663,0.0023041474654377,0.042796471741261,0.0013067624959163
2026-01-08,0.0357634112792297,0.0006854009595613,0.0571716155007549,0.0389,0.0632506004803843,0.012,0.046,0.006,0.0335820895522388,0.003731343283582,0.0691823899371069,0.006861063464837,0.0498371335504886,0.0045602605863192
2026-01-09,0.00893470790378,0.0013679890560875,0.0563224181360201,0.0422873138058582,0.0428171268507402,0.01,0.062,0.008,0.0450281425891182,0.0056285178236397,0.0470183486238532,0.0074541284403669,0.0339093576785132,0.0045647212259537
2026-01-10,0.0068728522336769,0.0,0.0409356725146198,0.0274972502749725,0.0408653846153846,0.0112,0.0501002004008016,0.008,0.0418250950570342,0.0038022813688212,0.0427350427350427,0.0074074074074074,0.0320284697508896,0.0058233581365253
2026-01-11,0.0130584192439862,0.0006825938566552,0.0628715365239294,0.0441955804419558,0.047676282051282,0.0168,0.0601202404809619,0.012,0.0464684014869888,0.0092936802973977,0.0446579988694177,0.00847936687394,0.0349135169762972,0.0067264573991031
2026-01-12,0.0061855670103092,0.0,0.0633689300826113,0.0440779610194902,0.0384923817161186,0.0152,0.0280561122244488,0.008,0.02868068833652,0.0076481835564053,0.0297482837528604,0.0034324942791762,0.0269662921348314,0.0044943820224719
2026-01-13,0.002061855670103,0.0013642564802182,0.0313129279097865,0.0213,0.0220529270248596,0.0088,0.0160320641282565,0.006,0.0113636363636363,0.0037878787878787,0.0176638176638176,0.0028490028490028,0.0149872448979591,0.0019132653061224
2026-01-14,0.0006854009595613,0.0,0.0392393600965891,0.0318936212757448,0.0188452285485164,0.0076,0.014,0.0,0.0149253731343283,0.0,0.0147895335608646,0.0005688282138794,0.0116608887488181,0.0006303183107469
2026-01-15,0.0006854009595613,0.0,0.024861600402617,0.0156,0.0216867469879518,0.0108,0.016,0.008,0.0130597014925373,0.001865671641791,0.0163564579808234,0.0033840947546531,0.0152079453755431,0.0027932960893854
2026-01-16,0.0006839945280437,0.0006807351940095,0.0464249748237663,0.0355,0.0236567762630312,0.0108,0.016,0.008,0.0145985401459854,0.0,0.0153592978606692,0.002194185408667,0.014173703256936,0.0015078407720144
2026-01-17,0.0013651877133105,0.0013531799729364,0.044631110211517,0.0313968603139686,0.0224358974358974,0.0016,0.026,0.0,0.0247787610619469,0.0,0.0193236714975845,0.0,0.018978102189781,0.0002919708029197
2026-01-18,0.004778156996587,0.0027063599458728,0.0413835074551171,0.0155,0.0372745490981963,0.0148,0.036,0.01,0.0295138888888888,0.0,0.0240256273358248,0.0021356113187399,0.0278495549813379,0.0031581969566465
2026-01-19,0.0347885402455661,0.003382949932341,0.0728913219789132,0.0470905818836232,0.0580464371497197,0.0156,0.036,0.012,0.0292096219931271,0.0017182130584192,0.0492584745762711,0.0021186440677966,0.0426689576174112,0.0031500572737686
2026-01-20,0.0320600272851296,0.0027063599458728,0.0474256118614806,0.03,0.0412329863891112,0.0088,0.022,0.002,0.0276816608996539,0.0,0.036036036036036,0.0,0.0304335343095033,0.0011484352569623
2026-01-21,0.0047716428084526,0.0013486176668914,0.0408827417878572,0.0278,0.0224448897795591,0.0056,0.02,0.002,0.0308219178082191,0.0,0.0179041600842548,0.0010531858873091,0.0223239839725243,0.001717229536348
2026-01-22,0.0034059945504087,0.002021563342318,0.0336494340776996,0.0263,0.0152549177037334,0.0024,0.016,0.0,0.023728813559322,0.0,0.0156168662155127,0.0010411244143675,0.0147392290249433,0.0011337868480725
2026-01-23,0.0027229407760381,0.0013413816230717,0.0344616639477977,0.025,0.0160707111289674,0.0028,0.02,0.004,0.0264900662251655,0.0016556291390728,0.0173469387755102,0.0010204081632653,0.0161021654636313,0.0005552470849528
2026-01-24,0.0020297699594046,0.0013413816230717,0.0320942514726792,0.0226,0.0136601044596223,0.0008,0.014,0.0,0.022875816993464,0.0,0.0154459392127553,0.0,0.0152796725784447,0.0002728512960436
2026-01-25,0.0087956698240866,0.0026827632461435,0.058489033306255,0.0394,0.0317524115755627,0.0116,0.024,0.006,0.0228384991843393,0.0016313213703099,0.0218579234972677,0.0014903129657228,0.0266811870405662,0.0049006261911244
2026-01-26,0.006765899864682,0.0013413816230717,0.0557586837294332,0.0328,0.0253521126760563,0.0028,0.0100200400801603,0.0,0.0229132569558101,0.0,0.0238213399503722,0.001985111662531,0.0255296034763715,0.0016295491580662
2026-01-27,0.002710027100271,0.0013431833445265,0.0325987610439727,0.01999600079984,0.0152917505030181,0.0028,0.0100200400801603,0.0,0.0161290322580645,0.0,0.014807502467917,0.0009871668311944,0.0132791327913279,0.0005420054200542
2026-01-28,0.4939271255060729,0.4963161419959812,0.5313481211384584,0.5303,0.4807228915662651,0.4752,0.276,0.266,0.3146964856230032,0.3067092651757188,0.5105340519353259,0.5036746692797648,0.519796682718031,0.5133761369716426
2026-01-29,0.0040431266846361,0.0006684491978609,0.0491107518189167,0.0337966203379662,0.029718875502008,0.0124,0.018,0.002,0.0227642276422764,0.0,0.019047619047619,0.000501253132832,0.0174863387978142,0.0005464480874316
2026-01-30,0.0040241448692152,0.0019973368841544,0.0746419205164413,0.0551944805519448,0.0360576923076923,0.0144,0.02,0.0,0.0314569536423841,0.0,0.0248857287963433,0.0040629761300152,0.0253025302530253,0.0038503850385038
2026-02-01,0.0013413816230717,0.0006657789613848,0.0460778382738455,0.0285,0.0280673616680032,0.0072,0.016,0.002,0.0303030303030303,0.0,0.0225366876310272,0.0010482180293501,0.0228426395939086,0.0011280315848843
2026-02-02,0.0087189805499664,0.0013306719893546,0.0633461305314204,0.0371,0.0324909747292418,0.0076,0.018,0.0,0.0347222222222222,0.0,0.0288,0.0021333333333333,0.0305739832708393,0.0031727718488606
2026-02-03,0.0040241448692152,0.0039893617021276,0.0499747091552857,0.0398,0.0240577385725741,0.0108,0.01,0.006,0.0189003436426116,0.0051546391752577,0.0169581346051934,0.003709591944886,0.0185343598517251,0.0039920159680638
2026-02-04,0.0006706908115358,0.0006644518272425,0.0430728691598256,0.0316,0.0196629213483146,0.006,0.0100200400801603,0.0,0.015126050420168,0.0,0.0161374284226965,0.0015616866215512,0.0152735351291307,0.0016662038322688
2026-02-05,0.0006715916722632,0.0006631299734748,0.045358330813426,0.0321935612877424,0.0224809313528703,0.0056,0.0140280561122244,0.0,0.0212765957446808,0.0,0.0195372750642673,0.0015424164524421,0.0173267326732673,0.0011001100110011
2026-02-06,0.0013360053440213,0.0019788918205804,0.0427584806012594,0.0318904328701389,0.0204654895666131,0.0072,0.008,0.0,0.0115321252059308,0.0,0.0118009235505387,0.0010261672652642,0.0146085997794928,0.0008269018743109
2026-02-07,0.0019973368841544,0.0013201320132013,0.0397883382517553,0.0306969303069693,0.0216693418940609,0.0076,0.012,0.0,0.0083056478405315,0.0,0.0131512392513909,0.0010116337885685,0.0124069478908188,0.0008271298593879
2026-02-08,0.0019973368841544,0.0013201320132013,0.0540788267644362,0.0387961203879612,0.0248896025692492,0.0048,0.022,0.0,0.0130505709624796,0.0,0.0170854271356783,0.0010050251256281,0.0221606648199446,0.002770083102493
2026-02-09,0.0279441117764471,0.0013201320132013,0.0527280130293159,0.0349,0.0409145607701564,0.0063974410235905,0.024,0.002,0.0115321252059308,0.0,0.0353302611367127,0.0005120327700972,0.0303541315345699,0.0016863406408094
2026-02-10,0.0272606382978723,0.0013201320132013,0.0402071276271702,0.0297970202979702,0.0288808664259927,0.0016,0.012,0.0,0.0065466448445171,0.0,0.0289340101522842,0.0,0.0229756234239282,0.0008405715886803
2026-02-11,0.654485049833887,0.6567656765676567,0.713039951328331,0.7146285371462854,0.6435445068163592,0.6416,0.476,0.472,0.5231259968102073,0.5199362041467305,0.6557377049180327,0.65424739195231,0.6778872468527641,0.6748768472906403
2026-02-12,0.0158730158730158,0.0013201320132013,0.0249924112111706,0.0166,0.0212,0.0028,0.004,0.0,0.0048076923076923,0.0,0.0200400801603206,0.0,0.0167317345231455,0.0005577244841048
2026-02-13,0.0244385733157199,0.0013192612137203,0.0505418819001316,0.038,0.0344275420336269,0.006,0.012,0.0,0.0152905198776758,0.0,0.0303468208092485,0.0014450867052023,0.0240963855421686,0.0016064257028112
2026-02-14,0.0290620871862615,0.0013192612137203,0.049772382397572,0.0354964503549645,0.0392628205128205,0.0052,0.014,0.0,0.0207715133531157,0.0,0.0350877192982456,0.0004741583688952,0.0278736395009291,0.0007963897000265
2026-02-15,0.0264200792602377,0.001318391562294,0.0755596070090144,0.0520947905209479,0.0484775641025641,0.01,0.02,0.0,0.0274170274170274,0.0,0.0413953488372093,0.001860465116279,0.0365058670143415,0.0023468057366362
2026-02-16,0.0310435931307793,0.002636783124588,0.0725904839365595,0.0486,0.0528846153846153,0.0088,0.028,0.002,0.0314285714285714,0.0014285714285714,0.0395294117647058,0.0018823529411764,0.0407098121085595,0.0031315240083507
2026-02-17,0.0059445178335535,0.0013166556945358,0.0507076672436615,0.0392,0.0244391025641025,0.004,0.014,0.0,0.0227272727272727,0.0,0.0216368767638758,0.0,0.0208004212743549,0.0005265929436545
2026-02-18,0.0019815059445178,0.0013166556945358,0.050122249388753,0.0422,0.0180288461538461,0.0048,0.01,0.0,0.0158959537572254,0.0,0.0141843971631205,0.0004728132387706,0.0142030510257759,0.0010520778537611
2026-02-19,0.0013201320132013,0.0013131976362442,0.046587658357172,0.0398840463814474,0.0160449257922182,0.004,0.008,0.0,0.0086580086580086,0.0,0.0131332082551594,0.0,0.0146943059564418,0.0002623983206507
2026-02-20,0.0013192612137203,0.0013123359580052,0.0472239295226388,0.0387961203879612,0.0236567762630312,0.0028,0.018,0.0,0.0127298444130127,0.0,0.0144186046511627,0.0004651162790697,0.0186190845616757,0.0012929919834497
2026-02-21,0.0026385224274406,0.0013123359580052,0.0403771264603402,0.0299,0.0244783306581059,0.0036,0.016,0.002,0.0182584269662921,0.0,0.0145335208626347,0.0009376465072667,0.0206451612903225,0.0030967741935483
2026-02-22,0.001977587343441,0.001311475409836,0.0634255949341231,0.0466953304669533,0.020440881763527,0.0016,0.01,0.0,0.0279329608938547,0.0,0.0182072829131652,0.0,0.0215384615384615,0.0017948717948717
2026-02-23,0.003295978905735,0.001311475409836,0.0611162126313641,0.0411835265893642,0.0392785571142284,0.0068,0.028,0.002,0.0382513661202185,0.0013661202185792,0.0346420323325635,0.0041570438799076,0.031814711122423,0.0048358360906082
2026-02-24,0.0013166556945358,0.001311475409836,0.0263050570962479,0.0156984301569843,0.0108173076923076,0.0,0.004,0.0,0.0095890410958904,0.0,0.0124481327800829,0.0,0.012210633426609,0.0005087763927753
2026-02-25,0.0026333113890717,0.001967213114754,0.049979641693811,0.0394,0.0328657314629258,0.014,0.01,0.0,0.0138312586445366,0.0,0.0303030303030303,0.0114784205693296,0.023273463192512,0.008095117632178
2026-02-26,0.0013131976362442,0.0013029315960912,0.0585549015628171,0.0463,0.0406111781262565,0.0164,0.016,0.004,0.0217391304347826,0.0013586956521739,0.0371376811594202,0.0131340579710144,0.0304455445544554,0.0106435643564356
2026-02-27,0.0124671916010498,0.0012995451591942,0.056986412492395,0.0406,0.0450522928399034,0.0052,0.02,0.0,0.0244565217391304,0.0,0.0390554041780199,0.0054495912806539,0.033292231812577,0.0041923551171393
2026-02-28,0.0045901639344262,0.001296176279974,0.0484737856201196,0.0298940211957608,0.0410958904109589,0.0036,0.026,0.0,0.0256756756756756,0.0,0.041553748870822,0.002710027100271,0.0300492610837438,0.0029556650246305
2026-03-01,0.0190039318479685,0.001296176279974,0.0746799431009957,0.0454,0.0559806685461135,0.0052,0.028,0.002,0.0304709141274238,0.002770083102493,0.0459090909090909,0.0027272727272727,0.0436274509803921,0.0031862745098039
2026-03-02,0.019659239842726,0.001296176279974,0.0493890020366598,0.0264973502649735,0.0487903225806451,0.0172,0.028,0.004,0.0315934065934065,0.0027472527472527,0.0429281518300948,0.0140081337550835,0.0381116301942463,0.0098352594049668
2026-03-03,0.0039318479685452,0.0012845215157353,0.0522662311147407,0.0413,0.0278450363196125,0.0116,0.0160320641282565,0.0,0.0191518467852257,0.0,0.026660641662901,0.0081337550835969,0.0216110019646365,0.0071218074656188
2026-03-04,0.0052424639580602,0.0012746972594008,0.0380590890439064,0.0245975402459754,0.0198139911039223,0.0004,0.0220883534136546,0.0,0.019047619047619,0.0,0.0170022371364653,0.0,0.0226608187134502,0.0004873294346978
2026-03-05,0.0032552083333333,0.0012722646310432,0.0480670893843321,0.0374850059976009,0.0169014084507042,0.0016,0.014,0.0,0.0174029451137884,0.0,0.0158590308370044,0.0004405286343612,0.0145172997822405,0.000725864989112
2026-03-06,0.0032467532467532,0.0012714558169103,0.0415983606557377,0.0291941611677664,0.0140675241157556,0.0008,0.016,0.0,0.0158940397350993,0.0,0.0129118432769367,0.0004452359750667,0.0139995172580255,0.0009654839488293
2026-03-07,0.0032404406999351,0.0012682308180088,0.0460640802538642,0.0360891732480255,0.0168946098149637,0.0056,0.0120240480961923,0.0,0.0170380078636959,0.0,0.0123456790123456,0.0008818342151675,0.0141929275920134,0.0007216742843396
2026-03-08,0.0045366169799092,0.0012674271229404,0.0715970868807057,0.047,0.0273752012882447,0.0024,0.0220440881763527,0.002,0.0247718383311603,0.0,0.0250323694432455,0.0004315925766076,0.0286875448242887,0.0028687544824288
2026-03-09,0.0362929358392741,0.003168567807351,0.0708055413032324,0.0456,0.0487117552334943,0.0088,0.0260521042084168,0.004,0.0272020725388601,0.0,0.0475984422327996,0.001730852444829,0.0408895265423242,0.0028694404591104
2026-03-10,0.0025690430314707,0.0012674271229404,0.049292887886862,0.0396,0.0168742466854158,0.004,0.01,0.002,0.0205128205128205,0.0,0.0170827858081471,0.0026281208935611,0.0159942707089997,0.0023872045834328
2026-03-11,0.0025493945188017,0.0012674271229404,0.0487605834948485,0.0387961203879612,0.0204572803850782,0.0044,0.016,0.002,0.0215462610899873,0.0,0.0186227804244261,0.0008661758336942,0.0188184849928537,0.0014292520247737
2026-03-12,0.0019083969465648,0.0012650221378874,0.0479305058763413,0.0381923615276944,0.0172344689378757,0.0032,0.016,0.002,0.0226130653266331,0.0,0.0178041543026706,0.0016956337431114,0.016780902859844,0.0011817537225242
2026-03-13,0.0019071837253655,0.0012650221378874,0.0469819221734245,0.037996200379962,0.0200400801603206,0.006,0.016,0.0,0.0211706102117061,0.0,0.016934801016088,0.0016934801016088,0.0162238419938866,0.0021161533035504
2026-03-14,0.0031705770450221,0.0012650221378874,0.0478136493665713,0.0365963403659634,0.0240096038415366,0.0056,0.018,0.002,0.0198511166253101,0.0,0.019723038187159,0.0016785564414603,0.0197275716298731,0.0021136683889149
2026-03-15,0.0038022813688212,0.0018975332068311,0.0605905793399407,0.0347860855657736,0.0300240192153723,0.0032,0.026,0.004,0.0283600493218249,0.0,0.0265263157894736,0.0004210526315789,0.0290874970677926,0.0009383063570255
2026-03-16,0.0133079847908745,0.0012650221378874,0.0671428571428571,0.0445955404459554,0.0408490188225871,0.0068,0.03,0.004,0.0378510378510378,0.0,0.0366315789473684,0.0016842105263157,0.0331374853113983,0.0025851938895417
2026-03-18,0.0247148288973384,0.0012642225031605,0.0475219253518254,0.028,0.0372894947874899,0.0032,0.026,0.002,0.0315533980582524,0.0,0.0345699831365935,0.0,0.0265320497769429,0.0009391876027236
2026-03-19,0.0164765525982256,0.0012626262626262,0.019895928986838,0.0099,0.0196471531676022,0.0004,0.014,0.0,0.0199004975124378,0.0,0.0241935483870967,0.0,0.0172495274102079,0.0002362948960302
2026-03-20,0.0253004427577482,0.0012618296529968,0.0265594789864658,0.0113988601139886,0.0284341209451341,0.0012,0.012,0.0,0.0208588957055214,0.0,0.0325814536340852,0.0004177109440267,0.0240317312179188,0.0002333177788147
2026-03-21,0.0050600885515496,0.0012610340479192,0.0400487904045537,0.0265,0.0216346153846153,0.0024,0.016,0.002,0.0232558139534883,0.0,0.0225752508361204,0.0008361204013377,0.0183507549361207,0.0009291521486643
2026-03-22,0.0031625553447185,0.0012610340479192,0.0500912593794362,0.0247975202479752,0.0260416666666666,0.0048,0.024,0.002,0.0284301606922126,0.0,0.0260067114093959,0.0020973154362416,0.0271650801021592,0.0025539818899465
2026-03-23,0.0082226438962681,0.0012602394454946,0.0489361702127659,0.0230976902309769,0.0308493589743589,0.0048,0.03,0.004,0.0278481012658227,0.0,0.0319420783645655,0.002129471890971,0.0322204062572962,0.0025682932523931
2026-03-24,0.0025300442757748,0.0012602394454946,0.0243358345163252,0.0143,0.015625,0.0036,0.014,0.004,0.0116129032258064,0.0,0.0154373927958833,0.0004288164665523,0.0152653828088304,0.0004697040864255
2026-03-25,0.0025284450063211,0.0012594458438287,0.0265450861195542,0.0125987401259874,0.013616339607529,0.0016,0.012,0.0,0.0125786163522012,0.0,0.0131746706332341,0.0,0.0143551748089835,0.0004630701551285
2026-03-26,0.0328282828282828,0.0012594458438287,0.039769859695165,0.018,0.032826261008807,0.0012,0.012,0.0,0.0125628140703517,0.0,0.0370682392586352,0.0,0.0300872760679834,0.0004593477262287
2026-03-27,0.0018927444794952,0.0012594458438287,0.0362114181964898,0.0208,0.0192230676812174,0.0056,0.012,0.002,0.0140306122448979,0.0,0.0169779286926994,0.0004244482173174,0.021564579031888,0.0011470520761642
2026-03-28,0.0018915510718789,0.0012578616352201,0.0311711893473216,0.0171,0.0144115292233787,0.0008,0.012,0.0,0.0179487179487179,0.0,0.0157379838366652,0.0,0.0232611699677567,0.0002303086135421
2026-03-29,0.0025220680958385,0.0012578616352201,0.0435441503334006,0.0211978802119788,0.0196078431372549,0.0028,0.014,0.002,0.0178799489144316,0.0,0.0217113665389527,0.0004257130693912,0.0301634814644255,0.0009210223347916
2026-03-30,0.0037807183364839,0.0012578616352201,0.0485289657264179,0.0249,0.021617293835068,0.0024,0.014,0.0,0.0180878552971576,0.0,0.0197424892703862,0.0004291845493562,0.0263522884882108,0.0018492834026814
2026-03-31,0.0012602394454946,0.0012554927809165,0.035176387344587,0.0181,0.0184221065278334,0.0004,0.012,0.0,0.0153649167733674,0.0,0.0232952138924184,0.0,0.0245638200183654,0.0004591368227731
2026-04-01,0.0761485210824417,0.0119196988707653,0.1510958489041511,0.0740925907409259,0.1076,0.0192,0.07,0.006,0.0657395701643489,0.0025284450063211,0.096571906354515,0.0137959866220735,0.1007716749886518,0.0154334997730367
2026-04-18,0.0012594458438287,0.0006273525721455,0.0083767494126059,0.0005999400059994,0.0140505820955439,0.0,0.004,0.0,0.0177890724269377,0.0,0.0185341196293176,0.0,0.0149425287356321,0.0
2026-04-19,0.0050377833753148,0.0,0.0474412475291016,0.0171,0.044776119402985,0.0032,0.0267489711934156,0.0,0.0535714285714285,0.0,0.0503171247357293,0.002536997885835,0.0473537604456824,0.0037140204271123
2026-04-20,0.0062893081761006,0.0005991611743559,0.0538698328935796,0.0181945416375087,0.050207468879668,0.0048,0.0432098765432098,0.004,0.0631443298969072,0.0012886597938144,0.0569727891156462,0.0042517006802721,0.0474178403755868,0.0030516431924882
2026-04-21,0.0062893081761006,0.0005991611743559,0.0346344145134689,0.0106,0.038637307852098,0.0004,0.0329896907216494,0.0,0.0486842105263157,0.0,0.0462328767123287,0.0,0.03671245855045,0.0007105637138796
2026-04-22,0.0194968553459119,0.0005977286312014,0.0336707746478873,0.0123987601239876,0.0445462114904246,0.0024,0.0371134020618556,0.0,0.0479274611398963,0.0012953367875647,0.0513582342954159,0.0025466893039049,0.0360824742268041,0.0021087160262417
2026-04-24,0.002510985561833,0.0,0.0255559243279123,0.0090990900909909,0.0275689223057644,0.0,0.031055900621118,0.0,0.0442477876106194,0.0,0.0326906957250628,0.0004191114836546,0.0258019525801952,0.000697350069735
2026-04-25,0.0188323917137476,0.0,0.0357979257276681,0.0157952614215735,0.0352201257861635,0.002,0.0290456431535269,0.0,0.0415094339622641,0.0,0.0451667370198395,0.0021105951878429,0.0357060585118636,0.0020732550103662
2026-04-26,0.0037641154328732,0.0,0.0459962133867914,0.0269,0.0310663308144416,0.006,0.0124481327800829,0.0,0.0227848101265822,0.0,0.0237691001697792,0.0008488964346349,0.0254893035958124,0.002730996813837
2026-04-27,0.0047961630695443,0.0,0.0383832213398493,0.0145,0.0253215434083601,0.0016,0.028,0.0,0.0217129071170084,0.0,0.0232179226069246,0.0008146639511201,0.024994518745889,0.0006577504933128
2026-04-28,0.0011976047904191,0.0005910165484633,0.0285161421733374,0.0168966206758648,0.0152855993563958,0.0007996801279488,0.0200803212851405,0.0,0.0120481927710843,0.0,0.0140321914981427,0.0008254230293025,0.0134198165958398,0.0006709908297919
2026-04-29,0.5314559616536848,0.5372340425531915,0.5682581696019546,0.573,0.49798873692679,0.4972,0.3694779116465863,0.368,0.3975903614457831,0.3927710843373494,0.5045379537953796,0.5020627062706271,0.5354824266845758,0.5312290127602418
2026-04-30,0.0005980861244019,0.0,0.0145858833129334,0.0089,0.0096579476861167,0.0,0.0100603621730382,0.0,0.0095808383233532,0.0,0.008285004142502,0.0,0.0076611086074808,0.0004506534474988
2026-05-01,0.0029886431560071,0.0,0.0228384991843393,0.0133973205358928,0.014486921529175,0.0008,0.0160965794768611,0.0,0.0136830102622576,0.0,0.0120870265914585,0.0004029008863819,0.0129870129870129,0.0004402377283733
2026-05-02,0.0023710729104919,0.0,0.0304619729675206,0.01499700059988,0.0192307692307692,0.0032,0.012,0.004,0.0174863387978142,0.0010928961748633,0.0167575993764614,0.0015588464536243,0.0150214592274678,0.001931330472103
2026-05-03,0.0071090047393364,0.0005851375073142,0.0411954765751211,0.0177,0.0252403846153846,0.002,0.02,0.0,0.0311827956989247,0.0,0.0244274809160305,0.0011450381679389,0.0213847131060766,0.0012703789964005
2026-05-04,0.0183323477232406,0.0005847953216374,0.0484799515200484,0.0235,0.0304609218436873,0.006,0.02,0.004,0.0292207792207792,0.0,0.0356595092024539,0.0011503067484662,0.0318444111989741,0.0025646505663603
2026-05-05,0.0023654642223536,0.0005847953216374,0.0268578352180937,0.0145,0.0224448897795591,0.0048,0.016,0.004,0.0207423580786026,0.0010917030567685,0.0189335394126738,0.0003863987635239,0.0144148020654044,0.0012908777969018
2026-05-06,0.0011820330969267,0.0,0.0171543895055499,0.0075,0.0156375300721732,0.0024,0.008,0.002,0.0183585313174946,0.0010799136069114,0.0149139579349904,0.0007648183556405,0.0122881355932203,0.0008474576271186
2026-05-07,0.0011792452830188,0.0,0.0189688225204318,0.0091,0.0160192230676812,0.002,0.008,0.004,0.0224839400428265,0.0021413276231263,0.0145315487571701,0.0007648183556405,0.0119396732299958,0.0008378718056137
2026-05-08,0.0005865102639296,0.0,0.0203752269517853,0.008999100089991,0.016826923076923,0.0008,0.008,0.002,0.0204741379310344,0.0010775862068965,0.0179252479023646,0.0007627765064836,0.0131469115191986,0.0008347245409015
2026-05-09,0.0005858230814294,0.0005830903790087,0.0256384374684566,0.0141985801419858,0.0200240288346015,0.004,0.01,0.002,0.021551724137931,0.0021551724137931,0.0173650434126085,0.001132502831257,0.0156641604010025,0.0014619883040935
2026-05-10,0.0087770626097132,0.0,0.03118691966088,0.0139,0.0224269122947537,0.0024,0.012,0.002,0.023479188900747,0.0021344717182497,0.0254076602199469,0.0015168752370117,0.0219711236660389,0.0016739903745553
2026-05-11,0.0228070175438596,0.0,0.0466336933481376,0.021,0.0280224179343474,0.0056,0.012,0.002,0.0286320254506892,0.0010604453870625,0.0357958872810358,0.0011424219345011,0.0287875604118512,0.0023114099600756
2026-05-12,0.5210526315789473,0.5224489795918368,0.5437676482452601,0.5429457054294571,0.4823859087269815,0.4748,0.342,0.34,0.3848614072494669,0.3752665245202559,0.490709139173303,0.4816078877512325,0.5165896682066359,0.5102897942041159
2026-05-13,0.0005847953216374,0.0,0.013540824575586,0.0069,0.0136327185244587,0.002,0.012,0.0,0.0130718954248366,0.0010893246187363,0.0134719014626635,0.0011547344110854,0.0103397341211226,0.0006330449461911
2026-05-14,0.0005837711617046,0.0,0.0199010001010203,0.0108,0.0128205128205128,0.0004,0.01,0.0,0.0126984126984126,0.0,0.013397841458876,0.0007443245254931,0.0111133978184811,0.0008232146532208
2026-05-15,0.0023323615160349,0.0005813953488372,0.0261194029850746,0.0118,0.0180216259511413,0.002,0.01,0.0,0.0190274841437632,0.0,0.0180654873917952,0.0011290929619872,0.0192466887417218,0.002069536423841
2026-05-19,0.0011661807580174,0.0,0.0127427184466019,0.0022995400919816,0.0148237179487179,0.0004,0.018,0.0,0.023479188900747,0.0,0.016936394429808,0.0,0.013732833957553,0.0
2026-05-20,0.0023323615160349,0.0,0.0242890395708936,0.0108,0.0224538893344025,0.0024,0.016,0.0,0.0268240343347639,0.0,0.0217309853877856,0.0007493443237167,0.0186451211932877,0.0014501760928112
2026-05-21,0.0034965034965034,0.0005787037037037,0.0249290636400486,0.0118,0.0228640192539109,0.0036,0.014,0.0,0.0252897787144362,0.0010537407797681,0.0219412420974339,0.0014875418371141,0.0180586907449209,0.0018469115534578
2026-05-22,0.0023323615160349,0.0,0.013185921493052,0.0015,0.0180577849117174,0.0008,0.008,0.0,0.0187304890738813,0.0,0.0169741697416974,0.0003690036900369,0.015625,0.000202922077922
2026-05-23,0.0040721349621873,0.0011567379988432,0.02920892494929,0.0139,0.0260521042084168,0.0056,0.016,0.002,0.0247678018575851,0.002063983488132,0.0216196408941004,0.0018321729571271,0.0204660587639311,0.0020263424518743
2026-06-11,0.0052295177222545,0.0005773672055427,0.027076923076923,0.0008998200359928,0.0238095238095238,0.0,0.0080160320641282,0.0,0.0196687370600414,0.0,0.0225175341454411,0.0003691399040236,0.0239837398373983,0.0002032520325203
2026-06-12,0.0354651162790697,0.0005561735261401,0.0631923198649646,0.0031,0.048026048026048,0.0012,0.0481927710843373,0.0,0.0717299578059071,0.0021097046413502,0.0546816479400749,0.0011235955056179,0.0610827374872318,0.0010214504596527
2026-06-13,0.9488669378268448,0.0,0.9146171195360326,0.0052,0.922919229192292,0.0,0.903420523138833,0.0,0.9385416666666668,0.0,0.956698741672835,0.0003700962250185,0.9475396502643352,0.0004066693777958
2026-06-14,0.0011587485515643,0.0,0.0264255910987482,0.0091,0.0225133033155955,0.002,0.0080645161290322,0.0,0.0290322580645161,0.0,0.0276096822995461,0.0007564296520423,0.0244813278008298,0.0016597510373443
2026-06-15,0.0011580775911986,0.0005524861878453,0.0286753691418788,0.0068,0.0217569786535303,0.0016,0.0080645161290322,0.0,0.0295983086680761,0.0010570824524312,0.0262270513300861,0.0007493443237167,0.026625386996904,0.0016511867905056
2026-06-16,0.0034702139965297,0.0016565433462175,0.0295750587230407,0.0100989901009899,0.0242598684210526,0.002,0.0100806451612903,0.0,0.034446764091858,0.0,0.0280857354028085,0.0018477457501847,0.0263319044703,0.0016329863237395
2026-06-17,0.0005780346820809,0.0011031439602868,0.005065963060686,0.0024,0.003282724661469,0.0004,0.0020120724346076,0.0,0.0041407867494824,0.0010351966873706,0.0029218407596785,0.0003652300949598,0.003248071457572,0.0002030044660982
2026-06-18,0.0265742345465049,0.0253303964757709,0.0130912162162162,0.0125,0.0246305418719211,0.024,0.0484848484848484,0.048,0.0377936670071501,0.0377936670071501,0.0217779364512674,0.0217779364512674,0.0165239896476209,0.0165239896476209
2026-06-19,0.0,0.0,0.0017133642410804,0.0015,0.001201923076923,0.0004,0.0,0.0,0.0,0.0,0.0009904258831297,0.0003301419610432,0.000552995391705,0.000184331797235
2026-06-20,0.028317601332593,0.0263591433278418,0.0465444287729196,0.0181,0.0597194388777555,0.0244,0.06,0.048,0.0785837651122625,0.0345423143350604,0.0534423137378183,0.0201194592895315,0.0480565371024735,0.0159010600706713
2026-06-21,0.0265339966832504,0.0263302249040043,0.0267632558607505,0.0164983501649835,0.0376451742090508,0.0264,0.054,0.05,0.0400340715502555,0.0340715502555366,0.0302552789158525,0.0204853450992751,0.0255912460289445,0.0157077303212142
2026-06-22,0.0038674033149171,0.0016456390565002,0.0301780504979378,0.0071,0.0308370044052863,0.002,0.004,0.0,0.0204255319148936,0.0008510638297872,0.026431718061674,0.0015733165512901,0.0276993648553281,0.0026464361326746
2026-06-23,0.0011043622308117,0.0010964912280701,0.0303761818547575,0.0073,0.027232679215058,0.0004,0.006,0.0,0.0172117039586919,0.0,0.0237116661397407,0.0003161555485298,0.0248984637118135,0.0017658484901995
2026-06-24,0.0005518763796909,0.0005473453749315,0.0136724640595154,0.0038996100389961,0.010008006405124,0.0,0.0,0.0,0.0060816681146828,0.0,0.0079617834394904,0.0003184713375796,0.0087111111111111,0.0001777777777777
2026-06-25,0.0379955947136563,0.0289775833788955,0.0575301204819277,0.0235,0.0612489991993594,0.0248,0.076,0.052,0.0618729096989966,0.0351170568561872,0.0506683245259558,0.0214485545539322,0.0444444444444444,0.0157986111111111
2026-06-26,0.0115448048378229,0.0005458515283842,0.0331425128050617,0.0083,0.0452543051661994,0.0028,0.07,0.004,0.0627090301003344,0.0025083612040133,0.036944270507201,0.0012523481527864,0.0311784393165404,0.0019376431213669
2026-06-27,0.0054914881933003,0.0005443658138268,0.0226472068444891,0.0078,0.0216432865731462,0.0,0.014,0.0,0.0181503889369057,0.0,0.0175943698016634,0.0,0.0172351885098743,0.000718132854578
2026-06-28,0.0115194733955019,0.001088139281828,0.037775763070414,0.0103989601039896,0.047275641025641,0.0032,0.066,0.0,0.0611205432937181,0.0025466893039049,0.036300505050505,0.0025252525252525,0.0314543205513341,0.0033574836543558
2026-06-29,0.0137136588041689,0.0016322089227421,0.0462701612903225,0.0121,0.0545308740978348,0.002,0.074,0.002,0.0639585133967156,0.0025929127052722,0.0408033152693656,0.0019126554032515,0.0359313550232391,0.00232391848409
2026-06-30,0.0197368421052631,0.0,0.0568663036902601,0.0136,0.0557784911717496,0.0016,0.08,0.0,0.0630550621669627,0.0,0.0471391417425227,0.0006501950585175,0.0457028404952658,0.0025491624180626
2026-07-01,0.0251641137855579,0.0005390835579514,0.0251337438175027,0.003999200159968,0.0461847389558232,0.0004,0.048,0.0,0.028310502283105,0.0,0.037618580307491,0.0003271180896303,0.0286600949251551,0.0003650967506389
2026-07-02,0.0240568616730453,0.000539374325782,0.0234343434343434,0.0046,0.0341502611490558,0.0004,0.024,0.0,0.0094161958568738,0.0,0.029029029029029,0.0003336670003336,0.0228922389726409,0.0005583472920156
2026-07-03,0.0223799126637554,0.0010775862068965,0.0268551236749116,0.0057,0.0329185066238458,0.0,0.014,0.0,0.0038872691933916,0.0,0.0257278266756939,0.0,0.0251764257104711,0.0007629219912263
2026-07-04,0.0206859009254218,0.0005382131324004,0.0239774330042313,0.0069,0.0284455128205128,0.0016,0.01,0.0,0.0049751243781094,0.0,0.0224370037970314,0.0,0.022581273116605,0.0007786645902277
2026-07-05,0.0179542981501632,0.0010758472296933,0.0243681401671533,0.0077,0.0268537074148296,0.0016,0.004,0.0,0.0129740518962075,0.0,0.0221453287197231,0.0003460207612456,0.0213924542979385,0.0013613380007779
2026-07-06,0.0108813928182807,0.0005379236148466,0.0275257108287961,0.0105,0.0252808988764044,0.0024,0.004,0.002,0.0170340681362725,0.0,0.0212617636807249,0.0006971070059254,0.0215897939156035,0.0017664376840039
2026-07-07,0.0054436581382689,0.0043057050592034,0.0323849878934624,0.015,0.0260730044123545,0.0088,0.006,0.0,0.0277502477700693,0.0059464816650148,0.0243817485196795,0.0083594566353187,0.0273622047244094,0.0098425196850393
2026-07-08,0.6168375607123583,0.6180742334588488,0.6318327974276527,0.631036896310369,0.5732586068855084,0.5716,0.456,0.456,0.537109375,0.53515625,0.6089810017271157,0.606908462867012,0.6230979321108077,0.6209520093640265
2026-07-09,0.0032362459546925,0.0,0.0099717969379532,0.0018,0.0128102481985588,0.0008,0.002,0.0,0.0109890109890109,0.0,0.0098904980572235,0.0,0.0093235469152945,0.0
2026-07-10,0.0010775862068965,0.0005373455131649,0.0234689766317485,0.0072,0.0224089635854341,0.0024,0.004,0.0,0.0203488372093023,0.0,0.0215502259297879,0.0003475842891901,0.0214132762312633,0.0017519953280124
2026-07-15,0.0010758472296933,0.0,0.0152417482588069,0.0007,0.0184294871794871,0.0,0.004,0.0,0.0185004868549172,0.0,0.0209277990931287,0.0,0.0175953079178885,0.0
2026-07-16,0.0032275416890801,0.0,0.0282999797857287,0.0073,0.0284911717495987,0.004,0.0080321285140562,0.0,0.0245821042281219,0.0,0.0252720252720252,0.001053001053001,0.0248080330773774,0.0013782240598543
2026-07-17,0.0005379236148466,0.0005302226935312,0.0186291384023488,0.004,0.01727601446364,0.0004,0.0040241448692152,0.002,0.0158102766798418,0.0009881422924901,0.0182969739619985,0.0003518648838845,0.0193927522037218,0.0013712047012732
2026-07-18,0.00161377084454,0.0005288207297726,0.0279182682581428,0.0088982203559288,0.0225261464199517,0.002,0.0060483870967741,0.002,0.0200190657769304,0.0019065776930409,0.0221223643276875,0.0017283097131005,0.0251439539347408,0.0023032629558541
2026-07-19,0.0139860139860139,0.0005288207297726,0.0915428917853895,0.0278,0.0538585209003215,0.0036,0.0362173038229376,0.002,0.0502325581395348,0.001860465116279,0.0554225111187136,0.003079028395484,0.0617378048780487,0.0060975609756097
2026-07-20,1.0,1.0,0.9998990408884402,0.9999,1.0,1.0,1.0,1.0,1.0,1.0,1.0,1.0,1.0,1.0
2026-07-21,0.0059108006448146,0.0052798310454065,0.0257445734477536,0.0101,0.0216867469879518,0.0056,0.0140562248995983,0.008,0.0278606965174129,0.0079601990049751,0.0213923132704858,0.0050761421319796,0.0207535764658472,0.00402982067298
2026-07-22,0.522837184309511,0.5318924617817606,0.4954655380894801,0.4968,0.4363198071514664,0.4356,0.3554216867469879,0.356,0.4093161546085233,0.4053518334985134,0.4790996784565916,0.4755269739192568,0.482203901065755,0.479388698974462
2026-07-23,0.0010621348911311,0.0010520778537611,0.0098522167487684,0.0044,0.0064179703168872,0.0,0.004,0.0,0.0059055118110236,0.0,0.0064841498559077,0.0003602305475504,0.0074521651560926,0.0006042296072507
2026-07-24,0.0005302226935312,0.000524934383202,0.01729860203158,0.0091,0.0100200400801603,0.0004,0.006,0.0,0.0096711798839458,0.0,0.008837044892188,0.0003534817956875,0.0094451003541912,0.0005903187721369
2026-07-25,0.0015864621893178,0.0005243838489774,0.0184924623115577,0.0081,0.0144288577154308,0.0004,0.008,0.0,0.0133971291866028,0.0,0.01301442138586,0.0003517411185367,0.012526913290272,0.001174398120963
2026-07-26,0.0031729243786356,0.0005232862375719,0.0270188830855765,0.0117,0.0216519647153167,0.002,0.012,0.002,0.0172744721689059,0.0,0.0166371681415929,0.0003539823008849,0.0179547228727556,0.0021467603434816
2026-07-27,0.0132345156167284,0.0110005238344683,0.0489447236180904,0.029,0.0461106655974338,0.0168,0.022,0.008,0.0325670498084291,0.0134099616858237,0.0351741118536756,0.0116074569117129,0.0378053509112059,0.0166731291198138
2026-07-28,0.0015839493136219,0.0005232862375719,0.0171945701357466,0.0073,0.0192693697310317,0.0008,0.0120240480961923,0.002,0.0128458498023715,0.0,0.0146953405017921,0.0003584229390681,0.0116577751432523,0.0005927682276229
2026-07-29,0.7792413066385669,0.7806788511749347,0.8175607795860961,0.8175,0.748896911351785,0.7488,0.7114228456913828,0.71,0.7387836490528414,0.7377866400797607,0.7682357168523176,0.7675170679123249,0.7854895792371215,0.7847031065670468
2026-07-30,0.0010515247108307,0.0005216484089723,0.0063361158604043,0.0023,0.0108216432865731,0.0008,0.0080160320641282,0.002,0.0060544904137235,0.0,0.0069241982507288,0.0,0.0062012402480496,0.0002000400080016
2026-07-31,0.0005252100840336,0.0,0.017094017094017,0.0067993200679932,0.0132264529058116,0.0016,0.006,0.002,0.009930486593843,0.0,0.0111150950161348,0.0003585514521333,0.0110214524699862,0.0001968116512497
2026-08-01,0.0325117986366019,0.000520020800832,0.0566663317592685,0.0258948210357928,0.034068136272545,0.0056,0.006,0.002,0.0232088799192734,0.0,0.0411449016100178,0.0010733452593917,0.0313609467455621,0.0019723865877712
2026-08-02,0.0183150183150183,0.0,0.013282350573556,0.002999400119976,0.0100401606425702,0.0004,0.0,0.0,0.0072992700729927,0.0,0.0207650273224043,0.0,0.0159242088288651,0.0
2026-08-03,0.0020931449502878,0.0,0.0277833702436078,0.0065993400659934,0.0284911717495987,0.0004,0.0080160320641282,0.0,0.014910536779324,0.0,0.0228150228150228,0.0,0.0225694444444444,0.0001929012345679
2026-08-04,0.0015698587127158,0.0010351966873706,0.0193645990922844,0.0060993900609939,0.0216780409474106,0.0004,0.002004008016032,0.0,0.008729388942774,0.0,0.0158402203856749,0.0,0.0138257575757575,0.0001893939393939
2026-08-05,0.7237597911227154,0.725530813050233,0.7555152614082804,0.752,0.6912590216519647,0.682,0.612,0.61,0.640655105973025,0.6377649325626205,0.7052161976664378,0.6990391214824982,0.7191690273843249,0.713314447592068
2026-08-06,0.0031298904538341,0.0,0.0334846192637418,0.0115,0.0285944422070076,0.0,0.0060728744939271,0.0,0.0157790927021696,0.0,0.0184283727399165,0.0,0.0201380897583429,0.0003835826620636
2026-08-07,0.0031282586027111,0.0030785017957927,0.0355017650025214,0.0201,0.0237903225806451,0.0032,0.0060728744939271,0.0,0.0179640718562874,0.0,0.014799154334038,0.000352360817477,0.0133850630455868,0.0001939864209505
2026-08-08,0.0041580041580041,0.0030753459764223,0.0296161982472045,0.0158984101589841,0.0197262479871175,0.0044,0.0080971659919028,0.0,0.0176348547717842,0.0010373443983402,0.0136298421807747,0.0003586800573888,0.0140343941490413,0.0003953350464518
2026-08-11,0.001038961038961,0.0020470829068577,0.0084728666532176,0.0022,0.0100725221595487,0.0,0.006060606060606,0.0,0.0149572649572649,0.0,0.0095063985374771,0.0,0.0096424266773804,0.000200883889112
2026-08-12,0.7824506749740394,0.7865511971472237,0.8189698619090817,0.8197,0.7627869512686266,0.764,0.7171717171717171,0.72,0.720348204570185,0.720348204570185,0.7721100917431193,0.7717431192660551,0.788057876502955,0.7872427144895048
2026-08-13,0.0,0.0020356234096692,0.0048519154958051,0.0039,0.0028214429665457,0.0,0.0,0.0,0.0022701475595913,0.0,0.0033695245226506,0.0,0.0023017367650136,0.0
2026-08-14,0.0,0.0015251652262328,0.0080979856260755,0.0028997100289971,0.0100928542591844,0.0,0.0,0.0,0.0055741360089186,0.0,0.0055066079295154,0.0,0.0059328968903436,0.0
2026-08-15,0.0020576131687242,0.0030410542321338,0.0156613115085379,0.0075992400759924,0.0120627261761158,0.0008,0.006,0.002,0.0092879256965944,0.002063983488132,0.0137174211248285,0.0010288065843621,0.0112595419847328,0.0007633587786259
2026-08-16,0.0051334702258726,0.0025025025025025,0.035384771367738,0.0136986301369863,0.0273972602739726,0.0028,0.0120240480961923,0.0,0.0153688524590163,0.0010245901639344,0.0245165745856353,0.0010359116022099,0.0267153565250816,0.0009609840476648
2026-08-17,0.0030753459764223,0.0009990009990009,0.0315008637333604,0.0146,0.0250100847115772,0.0016,0.0080160320641282,0.0,0.0155440414507772,0.0,0.0228230337078651,0.001755617977528,0.0223310479921645,0.0023506366307541
2026-08-18,0.0025588536335721,0.0004982561036372,0.0234923217736194,0.0107,0.0258481421647819,0.0032,0.0040160642570281,0.0,0.0121827411167512,0.0,0.0173973556019485,0.0017397355601948,0.0144871547228124,0.0013521344407958
2026-08-19,0.0015282730514518,0.0004972650422675,0.0202050969641587,0.0088991100889911,0.0153349475383373,0.002,0.0040322580645161,0.0,0.0081549439347604,0.0,0.0130973451327433,0.0,0.0133150577638535,0.0003916193459956
2026-08-20,0.026972010178117,0.0054563492063492,0.0245909968499136,0.0084,0.0379797979797979,0.0072,0.0121457489878542,0.008,0.0225490196078431,0.0078431372549019,0.0336221837088388,0.0045060658578856,0.0274078363250337,0.0050183362285273
2026-08-21,0.0020335536349771,0.0004894762604013,0.0224844846881676,0.0104989501049895,0.0186536901865369,0.0004,0.0040650406504065,0.0,0.0136186770428015,0.0,0.016551724137931,0.0,0.0148734788487541,0.0001931620629708
2026-08-22,0.0035514967021816,0.0,0.0248396620177135,0.0117,0.0218889339278475,0.002,0.0061349693251533,0.0,0.0156682027649769,0.0,0.0190444370197126,0.0,0.0151713804083161,0.0001873009926952
2026-08-23,0.0050025012506253,0.0004887585532746,0.0249822999898857,0.0046,0.0273202089192446,0.0012,0.0140562248995983,0.0,0.019538188277087,0.0,0.0253790375741595,0.0,0.0244485294117647,0.0
2026-08-24,0.0074925074925074,0.0004885197850512,0.0310195008588461,0.011,0.0393574297188755,0.0023990403838464,0.0241935483870967,0.002,0.0186005314437555,0.0008857395925597,0.0279146141215106,0.0006568144499178,0.0282537367845424,0.0016405395552314
2026-08-25,0.001993024414549,0.00048828125,0.0200827530527803,0.0075992400759924,0.0213108162444712,0.0024,0.0040160642570281,0.0,0.0131694468832309,0.0,0.018694653984913,0.0003279763857002,0.0149226569608735,0.000181983621474
2026-08-27,0.0024863252113376,0.0,0.0178679588128407,0.0051,0.0193236714975845,0.0012,0.0040241448692152,0.0,0.0127118644067796,0.0,0.0191062176165803,0.0,0.0153651482284887,0.0003615328994938
2026-08-28,1.0,1.0,0.9995967335416877,0.9996,1.0,1.0,1.0,1.0,1.0,1.0,1.0,1.0,1.0,1.0
2026-08-29,0.0009789525208027,0.0009643201542912,0.0064451158106747,0.0027,0.0064051240992794,0.0008,0.002,0.0,0.0071301247771836,0.0,0.0060362173038229,0.0,0.0048291233283803,0.0
2026-08-30,0.0004887585532746,0.0009615384615384,0.0086807307964065,0.0028,0.0104124949939927,0.0,0.002,0.0,0.0105913503971756,0.0,0.0089970009996667,0.0,0.0072142064372918,0.0
2026-08-31,0.0249266862170087,0.0014416146083613,0.0372501514233797,0.0057,0.0460921843687374,0.0012,0.012,0.0,0.0198376916140667,0.0009017132551848,0.0400935516204477,0.0013364517206815,0.0346296296296296,0.0007407407407407
2026-09-01,0.0014655593551538,0.0019212295869356,0.0114187550525464,0.0032996700329967,0.0140505820955439,0.0012,0.0,0.0,0.011722272317403,0.0009017132551848,0.0134318334452652,0.0010073875083948,0.0108309990662931,0.0005602240896358
2026-09-02,0.5869140625,0.5916506717850288,0.562859739472887,0.5585,0.5182657567242072,0.5112,0.436,0.428,0.5180299032541776,0.5074758135444152,0.5558147284238587,0.5438187270909697,0.5517817371937639,0.5423162583518931
2026-09-03,0.0014619883040935,0.0014381591562799,0.0157496214033316,0.0032,0.0172968624296057,0.0008,0.0040080160320641,0.0,0.0181323662737987,0.0009066183136899,0.018261751775448,0.0010145417653026,0.0141750141750141,0.0005670005670005
2026-09-04,0.0014485755673587,0.0014381591562799,0.0043307483130224,0.0017,0.0076213397513036,0.0016,0.0,0.0,0.0072398190045248,0.0009049773755656,0.0081053698074974,0.0010131712259371,0.0047196526335661,0.0005663583160279
2026-09-05,0.0033751205400192,0.0,0.0156925862589276,0.0038,0.0248696349779382,0.0004,0.0160320641282565,0.0,0.0194518125552608,0.0,0.0218760357971494,0.0003314550878355,0.0168144863266814,0.0003695491500369
2026-09-06,0.0033653846153846,0.0004786979415988,0.0229168760679465,0.0031,0.0324389267120544,0.002,0.0140280561122244,0.0,0.0209973753280839,0.0008748906386701,0.0244305051172003,0.0003301419610432,0.023735050597976,0.0007359705611775
2026-09-07,0.0048053820278712,0.0009555661729574,0.0201126307320997,0.0041,0.0332532051282051,0.0008,0.0300601202404809,0.0,0.0252707581227436,0.0,0.0256756756756756,0.0,0.0228172732415613,0.0
2026-09-08,0.0023992322456813,0.0019093078758949,0.0092518101367658,0.0028,0.0152243589743589,0.002,0.0060120240480961,0.0,0.012891344383057,0.0,0.0116001364721937,0.0006823609689525,0.0100894726822767,0.0005711022272986
2026-09-09,0.8838771593090211,0.8845970433953266,0.9032258064516128,0.9035,0.8717948717948718,0.8712,0.8316633266533067,0.83,0.8887876025524157,0.8878760255241568,0.8804820890525611,0.879812520924004,0.8898225957049486,0.8894491129785247
2026-09-10,0.0,0.0,0.0036231884057971,0.0021997800219978,0.0060048038430744,0.0008,0.004,0.0,0.0066539923954372,0.0009505703422053,0.0051903114186851,0.0006920415224913,0.0036793183578621,0.0007745933384972
2026-09-11,0.0009583133684714,0.0,0.0092527406215427,0.0036,0.0096038415366146,0.0003998400639744,0.012,0.0,0.0133689839572192,0.0,0.0093645484949832,0.0,0.0087639218550301,0.0001825817053131
2026-09-12,0.0014367816091954,0.0,0.0117729925538337,0.002,0.016025641025641,0.0012,0.014,0.0,0.0195578231292517,0.0,0.0131960090119085,0.0,0.0131325512169497,0.0003502013657853
2026-09-13,0.0043082814743896,0.0,0.0179345088161209,0.0028,0.0232651423987164,0.0016,0.018,0.0,0.0296943231441048,0.0008733624454148,0.0206354405502784,0.0003275466754012,0.0204227875313507,0.0003582945180938
2026-09-14,0.0052556139512661,0.0004746084480303,0.0191377921031426,0.0036,0.0264635124298315,0.002,0.016,0.0,0.0273224043715847,0.0018214936247723,0.0252525252525252,0.0006734006734006,0.0219476208041313,0.00055330136481
2026-09-15,0.0047755491881566,0.0004741583688952,0.0121926642482869,0.003,0.0208500400962309,0.0016,0.012,0.0,0.0218778486782133,0.0009115770282588,0.0207914151576123,0.0010060362173038,0.0152070355441553,0.0007328691828508
2026-09-16,0.0,0.0,0.0041301500956986,0.0027,0.0032064128256513,0.0004,0.002,0.0,0.0018214936247723,0.0,0.0023466309084813,0.0,0.0021969974368363,0.0001830831197363
2026-09-17,0.0042877560743211,0.0,0.0150829562594268,0.0031,0.0208333333333333,0.0008,0.008,0.0,0.0225498699045967,0.0008673026886383,0.0227418321588725,0.0006406149903907,0.0167627029858564,0.000523834468308
2026-09-18,0.002855782960495,0.0004730368968779,0.0120554550934297,0.0016,0.0184294871794871,0.0004,0.008,0.0,0.0190311418685121,0.0,0.0179372197309417,0.0,0.0141460006985679,0.0
2026-09-19,0.0052331113225499,0.0004721435316336,0.0124610591900311,0.0027997200279972,0.0172413793103448,0.0012,0.0140280561122244,0.0,0.0223413762287756,0.0,0.0147251308900523,0.00032722513089,0.0127343473646975,0.0005305978068623
2026-09-20,0.0066476733143399,0.0,0.0174909529553679,0.0041,0.0224179343474779,0.0008,0.0140280561122244,0.0,0.0227066303360581,0.0,0.0218181818181818,0.0,0.01953125,0.0010653409090909
2026-09-21,0.0071191267204556,0.0,0.013975467524633,0.0022,0.0192307692307692,0.0008,0.0180360721442885,0.0,0.0235294117647058,0.0,0.0191735537190082,0.0,0.0173114290761349,0.0001766472354707
2026-09-22,0.0128266033254156,0.0,0.0115694164989939,0.0021,0.0216259511413696,0.0008,0.0180722891566265,0.0,0.0288028802880288,0.0,0.0204552952820851,0.0,0.0151248680970805,0.0005276116778051
2026-09-23,0.0033206831119544,0.000469263256687,0.0123692679002413,0.0037,0.0140224358974358,0.0012,0.0080321285140562,0.0,0.0173357664233576,0.0,0.0144167758846657,0.0,0.0117874736101337,0.0005277973258268
2026-09-24,0.0061523899668717,0.000468603561387,0.0145948666331152,0.003,0.0164328657314629,0.0004,0.0160642570281124,0.0,0.0214094558429973,0.0,0.0194825934206323,0.0012775471095496,0.016106685140284,0.0008659508139937
2026-09-25,0.0089919545669663,0.0004681647940074,0.0206486704270749,0.0047,0.0188376753507014,0.0008,0.0160642570281124,0.0,0.0226449275362318,0.0,0.0230071289695398,0.001296176279974,0.0211044671122054,0.0010552233556102
2026-09-26,0.006137865911237,0.0,0.0142051178722546,0.0022,0.0148296593186372,0.0004,0.0160642570281124,0.0,0.0201649862511457,0.0,0.0161716171617161,0.0,0.0153601694915254,0.0001765536723163
2026-09-27,0.0108541764983482,0.0,0.0231924977311687,0.0032,0.0232464929859719,0.0008,0.0180722891566265,0.0,0.0294659300184162,0.0,0.0260296540362438,0.000329489291598,0.0262647629120394,0.0003525471531817
2026-09-28,0.0061262959472196,0.0,0.0173597093257973,0.0029,0.020440881763527,0.0008,0.0140280561122244,0.0,0.0295748613678373,0.0,0.0222222222222222,0.0,0.0207079646017699,0.0
2026-09-29,0.007522331922896,0.0013986013986013,0.0132096400121004,0.0034,0.020440881763527,0.002,0.0120240480961923,0.0,0.032139577594123,0.0009182736455463,0.020682862770847,0.0019697964543663,0.013896218117854,0.0012313104661389
2026-09-30,0.0107879924953095,0.0004662004662004,0.0137000100735368,0.0032996700329967,0.0252302763315979,0.0012,0.0100200400801603,0.0,0.033271719038817,0.0,0.0222513089005235,0.00032722513089,0.0163876651982378,0.0010572687224669
2026-10-01,0.0225035161744022,0.0004664179104477,0.018628536904642,0.004,0.0308493589743589,0.0008,0.008,0.0,0.0272556390977443,0.0,0.029450694904037,0.000330906684315,0.0212007838945305,0.0001781578478531
2026-10-02,0.0322882545624707,0.0,0.0189249043688343,0.002,0.0404809619238476,0.0008,0.008,0.0,0.031578947368421,0.0,0.037122969837587,0.0,0.0266808964781216,0.0001778726431874
2026-10-03,0.0336134453781512,0.0004659832246039,0.0231318515538569,0.0034996500349965,0.043634907926341,0.0008,0.01,0.0,0.0252427184466019,0.0,0.0397482610135806,0.0003312355084465,0.0295011621669944,0.0010727695333452
2026-10-04,0.0102707749766573,0.0004657661853749,0.0240297607078222,0.0037996200379962,0.0256410256410256,0.0008,0.01,0.0,0.0245338567222767,0.0,0.023131076097888,0.0003352329869259,0.025286944045911,0.0005380200860832
