sha,created_at,title
15a46f549dcdff44a5fb38c9c9a7bf37d4cda202,2026-10-04T13:59:36+00:00,Upload posts.parquet with huggingface_hub
a82c6b0fd2ca411798a43ddac02cd713a316f66f,2026-10-04T13:59:34+00:00,Upload datasets.parquet with huggingface_hub
39856c37025cb26bb7cbba0f347ce313b95c244e,2026-10-04T13:54:49+00:00,Upload spaces.parquet with huggingface_hub
c8a6260701d570692d48754252de213db5bfc9e0,2026-10-04T13:49:31+00:00,Upload models.parquet with huggingface_hub
befc425865e8c46266e2a272eaad00877e310436,2026-10-04T13:30:43+00:00,Upload arxiv_papers.parquet with huggingface_hub
544570bedb6e0b724ec3b6210950fdd27ed475c3,2026-10-04T13:30:20+00:00,Upload daily_papers.parquet with huggingface_hub
4c7bcad769f5bcdebb4562e4dacd7654a8f6d00c,2026-10-03T13:33:33+00:00,Upload posts.parquet with huggingface_hub
fa4db42f071918b9b2414ec4243d4623441db108,2026-10-03T13:33:32+00:00,Upload datasets.parquet with huggingface_hub
7669fe0a4e267775906dc6844f5d5f9ff0913c22,2026-10-03T13:31:12+00:00,Upload spaces.parquet with huggingface_hub
015c6d25ebb5b3c6775a1374f252d3a4a8ae2f6a,2026-10-03T13:28:34+00:00,Upload models.parquet with huggingface_hub
e721706637daf703475f51da0372601af042c444,2026-10-03T13:19:33+00:00,Upload arxiv_papers.parquet with huggingface_hub
e4246d7a31627b7ec4e3fb8edf10ef01b6b8dfa2,2026-10-03T13:19:23+00:00,Upload daily_papers.parquet with huggingface_hub
2c01f7f9c69adb1b4e922eb4d97518489cbb6fed,2026-10-02T13:33:18+00:00,Upload posts.parquet with huggingface_hub
7093e94088bea0c883eb9e6006dc7fd535c84d0d,2026-10-02T13:33:17+00:00,Upload datasets.parquet with huggingface_hub
42254871abde2afaf90073e88429046ebd2f2645,2026-10-02T13:30:46+00:00,Upload spaces.parquet with huggingface_hub
8f3d3bb501fb255a273d02fe4d8cd1025945bb69,2026-10-02T13:28:09+00:00,Upload models.parquet with huggingface_hub
f74fcddc5fb93eddec216fd77a4ad2e6605a78ff,2026-10-02T13:19:25+00:00,Upload arxiv_papers.parquet with huggingface_hub
c426fe5c4ddcdededa55b7b79aaaf4183b97d925,2026-10-02T13:19:15+00:00,Upload daily_papers.parquet with huggingface_hub
bc39f7ab338cd5a3e0fc58555825fffbfc1f6736,2026-10-01T13:47:09+00:00,Upload posts.parquet with huggingface_hub
0a9c461e6f4c938a59148e7cdd7c097cff5e8179,2026-10-01T13:47:08+00:00,Upload datasets.parquet with huggingface_hub
53b96b9556eb42e174c67bb335ddf9e3bedf35b0,2026-10-01T13:43:48+00:00,Upload spaces.parquet with huggingface_hub
d342bd5c3c06d430eb53104f6c86666bc88de687,2026-10-01T13:38:41+00:00,Upload models.parquet with huggingface_hub
ffe54160f7fa306c25668151c6760f291e2e1c47,2026-10-01T13:21:14+00:00,Upload arxiv_papers.parquet with huggingface_hub
1d35529194d910404f005f8fd69b6a412ad4d834,2026-10-01T13:20:52+00:00,Upload daily_papers.parquet with huggingface_hub
00f6de8299d9eb20596ba29d272ceee442294c3e,2026-09-30T13:35:55+00:00,Upload posts.parquet with huggingface_hub
f05b196203afabcbfff603e945612e3328094059,2026-09-30T13:35:54+00:00,Upload datasets.parquet with huggingface_hub
518846cbb0b94c2cbed51c2493aca262b3c818da,2026-09-30T13:33:08+00:00,Upload spaces.parquet with huggingface_hub
ee5e63f9a463f3bde7e2e6c29a98bae23790c386,2026-09-30T13:29:53+00:00,Upload models.parquet with huggingface_hub
f219059faed54a526a29e229fcb64361ef53f8f4,2026-09-30T13:18:49+00:00,Upload arxiv_papers.parquet with huggingface_hub
9252933e800830c3da7e814389b3b93b25343e2a,2026-09-30T13:18:37+00:00,Upload daily_papers.parquet with huggingface_hub
9d3bd8bcbed0584765d21d1bd0ac8ada265fd55d,2026-09-29T14:10:24+00:00,Upload posts.parquet with huggingface_hub
70b9e56013688f819369c59125d667152ba76f06,2026-09-29T14:10:23+00:00,Upload datasets.parquet with huggingface_hub
f40ccc96899e84714b7e83ffee035e359ba54d02,2026-09-29T14:07:57+00:00,Upload spaces.parquet with huggingface_hub
19a4bf0f49f064934e43567eedeb8bbaa8af0480,2026-09-29T14:04:47+00:00,Upload models.parquet with huggingface_hub
5cdaeffaff51ad7b7544b25afc45a44d3845f062,2026-09-29T13:43:28+00:00,Upload arxiv_papers.parquet with huggingface_hub
67b66d93d1132f3712880580f3c0ed0651df9964,2026-09-29T13:42:55+00:00,Upload daily_papers.parquet with huggingface_hub
e7b6edf225e320ec9b5bbea0eb9866dbc71860d7,2026-09-28T13:34:32+00:00,Upload posts.parquet with huggingface_hub
cb380f9687994fd0bb5b011255d433407cd16f03,2026-09-28T13:34:31+00:00,Upload datasets.parquet with huggingface_hub
f310670bda6a91b28b8ea7473750a5b6511b1fb0,2026-09-28T13:31:30+00:00,Upload spaces.parquet with huggingface_hub
26c58cc2270857d731839136651256abd9e72810,2026-09-28T13:28:46+00:00,Upload models.parquet with huggingface_hub
54877f365ef0a90a22024d808f96e7b078aafa35,2026-09-28T13:19:11+00:00,Upload arxiv_papers.parquet with huggingface_hub
69a79d328157b1ac5efe7175e7bddaf83dcff425,2026-09-28T13:18:59+00:00,Upload daily_papers.parquet with huggingface_hub
ee8fae647a74f90e4aa4786fc6fe3f12f2190230,2026-09-27T13:36:18+00:00,Upload posts.parquet with huggingface_hub
4d7af2d237dad57d7b4a67b2dae6ded9e1804fb4,2026-09-27T13:36:17+00:00,Upload datasets.parquet with huggingface_hub
bb07ccecca58678939d2be01b0fc83a6cb3fc936,2026-09-27T13:33:31+00:00,Upload spaces.parquet with huggingface_hub
a2ad875acd0c39c8a15bafeb7ff2b042090cbf46,2026-09-27T13:30:19+00:00,Upload models.parquet with huggingface_hub
90fed254663923b047bc9c3a2490e72269985c0b,2026-09-27T13:19:53+00:00,Upload arxiv_papers.parquet with huggingface_hub
cd86d8f41027178c9db02f9dbf44647341d4e392,2026-09-27T13:19:41+00:00,Upload daily_papers.parquet with huggingface_hub
d02fbe92538661341dd63bd7690367f27fe06fa2,2026-09-26T13:42:22+00:00,Upload posts.parquet with huggingface_hub
fd8abb7d8be915aa8139a434e910e90ae84ce9e9,2026-09-26T13:42:21+00:00,Upload datasets.parquet with huggingface_hub
35a18f669cdad7672993e05e500aceacc05b5836,2026-09-26T13:38:55+00:00,Upload spaces.parquet with huggingface_hub
6c96cb6af2a8be3ec2821cd4eb24fd9160b1c7fe,2026-09-26T13:34:56+00:00,Upload models.parquet with huggingface_hub
4174c1b2c1301dffdbcef28389f44e6f0329f0d6,2026-09-26T13:22:12+00:00,Upload arxiv_papers.parquet with huggingface_hub
9b06df5bb50728e8150dba10276675cc27b3a2d0,2026-09-26T13:21:57+00:00,Upload daily_papers.parquet with huggingface_hub
83cc17a699be7aa18802cf9855f2873d61b8288a,2026-09-25T13:43:48+00:00,Upload posts.parquet with huggingface_hub
ff56bae159cc64f0d03e8aaf7541ec52843ebc19,2026-09-25T13:43:47+00:00,Upload datasets.parquet with huggingface_hub
1c85c0ce65cd28862988e9140bc8acf0a9ba17fc,2026-09-25T13:41:16+00:00,Upload spaces.parquet with huggingface_hub
f7143307fdfe3448d080f56ce251ae6d6cd4470b,2026-09-25T13:37:45+00:00,Upload models.parquet with huggingface_hub
47d7d476f12afd9ec39730a3fa0dc71f2b838369,2026-09-25T13:24:04+00:00,Upload arxiv_papers.parquet with huggingface_hub
4559d9fc58f4bdf3edc89d5e4165d8dad28d5119,2026-09-25T13:23:49+00:00,Upload daily_papers.parquet with huggingface_hub
7cd749a8e4059f4a532941d654ee0f3eeb758a39,2026-09-24T13:41:38+00:00,Upload posts.parquet with huggingface_hub
b75a22294d98cdc33e32455465dbc90a09a9f666,2026-09-24T13:41:36+00:00,Upload datasets.parquet with huggingface_hub
112e3d0cdc3da14697d4dae75b872309201b005a,2026-09-24T13:38:06+00:00,Upload spaces.parquet with huggingface_hub
34128a5e38d42fdfd9699d2cdfbc05ae83937de0,2026-09-24T13:34:21+00:00,Upload models.parquet with huggingface_hub
c039bca284743352da2a86a5908e7ecb2aa79a87,2026-09-24T13:22:36+00:00,Upload arxiv_papers.parquet with huggingface_hub
6bec7f5d2cde2f628c76cb4e575cb218d5a0e50d,2026-09-24T13:22:23+00:00,Upload daily_papers.parquet with huggingface_hub
13b1f9f0164c4faf0c1d2afa6447b11249b49cd6,2026-09-23T13:33:49+00:00,Upload posts.parquet with huggingface_hub
b856ba72fada5a3c7cf8774deac082219eb9f513,2026-09-23T13:33:48+00:00,Upload datasets.parquet with huggingface_hub
c9cef78c5ad5fff67e863100c55c8790981adb6a,2026-09-23T13:31:26+00:00,Upload spaces.parquet with huggingface_hub
00fc1f1f9afd7195af14fddfec1020c0b89325da,2026-09-23T13:28:30+00:00,Upload models.parquet with huggingface_hub
47c4bcb84fc0b826f277323c330f03d2d98c4838,2026-09-23T13:19:40+00:00,Upload arxiv_papers.parquet with huggingface_hub
7b6ff0f04b4f01f4d43f80f6dee3195bca5b8c35,2026-09-23T13:19:29+00:00,Upload daily_papers.parquet with huggingface_hub
a6fbb40ca3c992ee5c7d6d85b79f8ee9c2a9dda6,2026-09-22T13:34:32+00:00,Upload posts.parquet with huggingface_hub
5f855ee8fd20c32686c53760d55a93f62c08f032,2026-09-22T13:34:31+00:00,Upload datasets.parquet with huggingface_hub
b64dcc4375d86e34a20715962653f2bd681eb95a,2026-09-22T13:31:54+00:00,Upload spaces.parquet with huggingface_hub
157ed34eb425f2cb63c7f57606402b1546bd59f2,2026-09-22T13:28:58+00:00,Upload models.parquet with huggingface_hub
b9f7536e01159a2644ac1872f4e175a810d4a64e,2026-09-22T13:19:50+00:00,Upload arxiv_papers.parquet with huggingface_hub
ef789dabb1933dec0fd758763417e1a66f77cc20,2026-09-22T13:19:39+00:00,Upload daily_papers.parquet with huggingface_hub
70e00a47eb11f4c81ab7ea2af9108168853f56c6,2026-09-21T13:59:12+00:00,Upload posts.parquet with huggingface_hub
73a27f78fae3971b7329fb26a34b092426cb626a,2026-09-21T13:59:10+00:00,Upload datasets.parquet with huggingface_hub
ef3bfeeb4a82ebb5e36075bd7c5f2d483c2b57a7,2026-09-21T13:53:21+00:00,Upload spaces.parquet with huggingface_hub
62e4fe9a5af1cfe76539926a4ffa1817d12c485b,2026-09-21T13:45:04+00:00,Upload models.parquet with huggingface_hub
62231fa63f6293a59cf1256c7a94126b7775b14d,2026-09-21T13:26:41+00:00,Upload arxiv_papers.parquet with huggingface_hub
321b130e7478dcae4de978932de081c8fd656a9d,2026-09-21T13:26:21+00:00,Upload daily_papers.parquet with huggingface_hub
4518821d36fc98a610bab225466e2e3482783fc5,2026-09-20T13:32:15+00:00,Upload posts.parquet with huggingface_hub
9d75b51d9e91bf7b12f0c67af52f19001f610c5f,2026-09-20T13:32:14+00:00,Upload datasets.parquet with huggingface_hub
d1f8ce22cce1d490c03300314f5a225a0c997777,2026-09-20T13:29:58+00:00,Upload spaces.parquet with huggingface_hub
aeb827336a124883ada30e13000b72ace63eac45,2026-09-20T13:27:23+00:00,Upload models.parquet with huggingface_hub
01490689135662ff200c7d488287aa7257395043,2026-09-20T13:19:02+00:00,Upload arxiv_papers.parquet with huggingface_hub
2af9e6ae9c14e48513b41327a1b8b3ed0598ca54,2026-09-20T13:18:52+00:00,Upload daily_papers.parquet with huggingface_hub
2111e868b84a0df2d0b4d51edaeb236d641a8609,2026-09-19T13:33:09+00:00,Upload posts.parquet with huggingface_hub
bf1ee6b7cdcddb4401c53df4d2243c0e3d6515fe,2026-09-19T13:33:08+00:00,Upload datasets.parquet with huggingface_hub
0030a1323d90ed7887a94e87b84f379fc7c45b38,2026-09-19T13:30:54+00:00,Upload spaces.parquet with huggingface_hub
531327af8fecc59b1916839277a8e25589dd439e,2026-09-19T13:28:19+00:00,Upload models.parquet with huggingface_hub
cabdd6c73433828444d96371ff355e4b2017f650,2026-09-19T13:18:07+00:00,Upload arxiv_papers.parquet with huggingface_hub
a4d168903f97d2d092d5318b9c8423997e14d4d1,2026-09-19T13:17:56+00:00,Upload daily_papers.parquet with huggingface_hub
4da93d1453e932a6e4a18d012eada7012ec85dd7,2026-09-18T13:31:21+00:00,Upload posts.parquet with huggingface_hub
1d3ce0d7355b4a4d73b65098e7c8f3c08df12467,2026-09-18T13:31:20+00:00,Upload datasets.parquet with huggingface_hub
353e0f926037832694b31f057ca5a06ff1cbaf85,2026-09-18T13:29:05+00:00,Upload spaces.parquet with huggingface_hub
d2c43e756082ee7d95cc98674cb1763c5f292121,2026-09-18T13:26:32+00:00,Upload models.parquet with huggingface_hub
1c8075e2b8dc27bf5bc7ed5b7b0d7f049b35fe26,2026-09-18T13:18:15+00:00,Upload arxiv_papers.parquet with huggingface_hub
fdd2732ee4de9d8d89eef772d44c26d8a6986bb0,2026-09-18T13:18:05+00:00,Upload daily_papers.parquet with huggingface_hub
ffb0104548475a7879469fd1548f2833b627694c,2026-09-17T13:41:10+00:00,Upload posts.parquet with huggingface_hub
475f4cab99e7d63d75896b504d9340ca08c08cb9,2026-09-17T13:41:09+00:00,Upload datasets.parquet with huggingface_hub
b44fc99100b3fa54ef399d4c787f75d096fb887e,2026-09-17T13:37:54+00:00,Upload spaces.parquet with huggingface_hub
d13cf2bf751456a25ad93551a6ae144460714ff8,2026-09-17T13:34:33+00:00,Upload models.parquet with huggingface_hub
cfb0faf2cae4ac776f0a565a7361760496653695,2026-09-17T13:20:03+00:00,Upload arxiv_papers.parquet with huggingface_hub
189c55f87f753a7ae5ee714338951fac9fd55e88,2026-09-17T13:19:51+00:00,Upload daily_papers.parquet with huggingface_hub
8722b34c9017ac3324a67af0cf2d782068bfc09c,2026-09-16T13:44:05+00:00,Upload posts.parquet with huggingface_hub
638cac9ca4917b23f5a52c020326907f2956b8e6,2026-09-16T13:44:04+00:00,Upload datasets.parquet with huggingface_hub
17e46f019d10b557e3563728a6fae708b843d411,2026-09-16T13:41:28+00:00,Upload spaces.parquet with huggingface_hub
41fd3c05734695c68c696044a03be8fbf2002988,2026-09-16T13:38:18+00:00,Upload models.parquet with huggingface_hub
0d3f7118c6488abe4422d897d54dbc9b2951ee20,2026-09-16T13:21:26+00:00,Upload arxiv_papers.parquet with huggingface_hub
a271f5c89377fa5ace294d230b0c264571dc87b0,2026-09-16T13:21:12+00:00,Upload daily_papers.parquet with huggingface_hub
526e80dd89dcd1f93873e89cc6a37d9d7acb2693,2026-09-15T13:37:56+00:00,Upload posts.parquet with huggingface_hub
e7b4b857ecab41df99c11d837b310e0950b17bff,2026-09-15T13:37:55+00:00,Upload datasets.parquet with huggingface_hub
a0c96614b4e48adfaccbb16e24b725dbbef81b40,2026-09-15T13:35:11+00:00,Upload spaces.parquet with huggingface_hub
e0f5d1e6bdeb2c16484995249e44b4e9419a960f,2026-09-15T13:32:10+00:00,Upload models.parquet with huggingface_hub
fd01e84e9c0ba72189ac0be5e5d9faa137952177,2026-09-15T13:21:50+00:00,Upload arxiv_papers.parquet with huggingface_hub
c387a1d65a4324394974bb939fd5a5a2ff81d68f,2026-09-15T13:21:39+00:00,Upload daily_papers.parquet with huggingface_hub
5d0a7c4862474a84beef26fb1493ff4c8d73c263,2026-09-14T13:41:32+00:00,Upload posts.parquet with huggingface_hub
6b339bc4a0dff91a5b07fb4eac063feb24e196da,2026-09-14T13:41:30+00:00,Upload datasets.parquet with huggingface_hub
476ae90d3b2c1bf3fd6d4fa41509d4d8d1843c74,2026-09-14T13:38:09+00:00,Upload spaces.parquet with huggingface_hub
12687708544053e5190fa6955e20dc9dc0b437ae,2026-09-14T13:34:31+00:00,Upload models.parquet with huggingface_hub
c0acb625c808f493381d764e2c7b86a88ff2ea36,2026-09-14T13:22:38+00:00,Upload arxiv_papers.parquet with huggingface_hub
b25f67d6ecd0ca14971c5d89f91b2defc6e4eb8f,2026-09-14T13:22:24+00:00,Upload daily_papers.parquet with huggingface_hub
b699373f60adeaeccd7aac6d36c125837c4bf7f5,2026-09-13T13:35:21+00:00,Upload posts.parquet with huggingface_hub
3efdaede95269c3c7b5394ab5fa66ab6d84df016,2026-09-13T13:35:20+00:00,Upload datasets.parquet with huggingface_hub
a67ce2ddf1077f20fd4ad46804e97899e9190f9b,2026-09-13T13:32:44+00:00,Upload spaces.parquet with huggingface_hub
8202b47b2984691452e929dfe3f77216c3300d8f,2026-09-13T13:29:51+00:00,Upload models.parquet with huggingface_hub
d917b92135f08dc6237283598a158e01aad9ffce,2026-09-13T13:20:22+00:00,Upload arxiv_papers.parquet with huggingface_hub
20af1e40ea2ec6d5c516d5324b8ae8208fbf841f,2026-09-13T13:20:10+00:00,Upload daily_papers.parquet with huggingface_hub
47e55403bbde56fd8a60d9a14aeacd9753969c07,2026-09-12T13:32:59+00:00,Upload posts.parquet with huggingface_hub
ac45fa5b33396b5fd7b6e92a4167e498b709e2c2,2026-09-12T13:32:58+00:00,Upload datasets.parquet with huggingface_hub
676b8bd5594dcf514da1678436e0b4aaef79b123,2026-09-12T13:30:38+00:00,Upload spaces.parquet with huggingface_hub
cdabce886a412f466207873e909494bdcb7365a0,2026-09-12T13:28:03+00:00,Upload models.parquet with huggingface_hub
aab625a7c89e71b899853cd31798480a4e0da124,2026-09-12T13:19:35+00:00,Upload arxiv_papers.parquet with huggingface_hub
34efe32783c5ad274e8fdb93087b53cc29238d4e,2026-09-12T13:19:25+00:00,Upload daily_papers.parquet with huggingface_hub
6e002d2cab9de677828a58dff8bd536d604b02d6,2026-09-11T13:39:26+00:00,Upload posts.parquet with huggingface_hub
d3ec776775230a973ea4fa5d67c321f2d896ae11,2026-09-11T13:39:24+00:00,Upload datasets.parquet with huggingface_hub
014f1c045ebcd2e9bb79e31e30ab93e14c5541a6,2026-09-11T13:35:39+00:00,Upload spaces.parquet with huggingface_hub
61fd065ce9d25c83158e15330e81ef934f5c2be1,2026-09-11T13:31:48+00:00,Upload models.parquet with huggingface_hub
2382a7000204f076e3ff7ca31b78934ae614a357,2026-09-11T13:20:05+00:00,Upload arxiv_papers.parquet with huggingface_hub
101b9177102af857032afa7e53b68d836f38eb4a,2026-09-11T13:19:53+00:00,Upload daily_papers.parquet with huggingface_hub
ffe0483946f451d8cee0d63af9ef424dce047102,2026-09-10T13:34:17+00:00,Upload posts.parquet with huggingface_hub
2bab0265fa5c5e705f4eaec78f938b7a221b2472,2026-09-10T13:34:16+00:00,Upload datasets.parquet with huggingface_hub
0d94bf890617a2d1d40eac1f62d804442da98e57,2026-09-10T13:31:42+00:00,Upload spaces.parquet with huggingface_hub
faafa006b90217ce24b22fe6ab84a7b3d798db09,2026-09-10T13:28:33+00:00,Upload models.parquet with huggingface_hub
cebf2252ba31203d1b0e6df007236debe2406d33,2026-09-10T13:19:15+00:00,Upload arxiv_papers.parquet with huggingface_hub
282c4182e91da9da2bd7318fc35789582f53a866,2026-09-10T13:19:04+00:00,Upload daily_papers.parquet with huggingface_hub
18c9d5d3aa93c430c63e392ca4ddb7356658a97b,2026-09-09T13:48:01+00:00,Upload posts.parquet with huggingface_hub
2913c1e3dec395f7a5eff0df92760b90c8921b31,2026-09-09T13:47:59+00:00,Upload datasets.parquet with huggingface_hub
174bddec96dbbf87ebf281e1d1c59d7790e6c9ba,2026-09-09T13:43:43+00:00,Upload spaces.parquet with huggingface_hub
abb4619108e53a9cbf0d6b54f0297c82c6e7105f,2026-09-09T13:39:02+00:00,Upload models.parquet with huggingface_hub
44b1c2eebadaaee3fe67e9d415c1b7222a8ccb37,2026-09-09T13:23:37+00:00,Upload arxiv_papers.parquet with huggingface_hub
9a94e269cb62c9e819ab34766b6eaac03877675b,2026-09-09T13:23:23+00:00,Upload daily_papers.parquet with huggingface_hub
0f7a687257debdb9a1434b715190d5326232f8ee,2026-09-08T13:33:28+00:00,Upload posts.parquet with huggingface_hub
b2734bd6de8aec780c2faebdd8df0e0011cb7044,2026-09-08T13:33:26+00:00,Upload datasets.parquet with huggingface_hub
31f0d0f8c92530b5f0508bab0eba49e449ab7665,2026-09-08T13:31:02+00:00,Upload spaces.parquet with huggingface_hub
be90b1cc1b50e32c9825e49eb4cecbe5499b3ec8,2026-09-08T13:28:16+00:00,Upload models.parquet with huggingface_hub
8d604cdca5c72a393e1198d42194c1a01a55feac,2026-09-08T13:18:42+00:00,Upload arxiv_papers.parquet with huggingface_hub
cffb995908b19ec9209286d253926172c59dd1e1,2026-09-08T13:18:31+00:00,Upload daily_papers.parquet with huggingface_hub
95fcac24db06708906802e2a4705612ea840b105,2026-09-07T13:34:36+00:00,Upload posts.parquet with huggingface_hub
a6238c9a02558aadee8184fc10da54f8deb5ec49,2026-09-07T13:34:34+00:00,Upload datasets.parquet with huggingface_hub
7efdf4f5f7dfad3c432ff4596aff430bb22dfde4,2026-09-07T13:32:05+00:00,Upload spaces.parquet with huggingface_hub
ab710999baa20177ef277dedc42a45d902deda8b,2026-09-07T13:29:23+00:00,Upload models.parquet with huggingface_hub
1c8b930ddea3c16535e2ce8b4c739c9cd279cc4e,2026-09-07T13:19:25+00:00,Upload arxiv_papers.parquet with huggingface_hub
59cea893c537e460164e77c1df6b7e48669f5aeb,2026-09-07T13:19:14+00:00,Upload daily_papers.parquet with huggingface_hub
02b81c9d66b6748a013565bf793fb2de4929503d,2026-09-06T13:32:28+00:00,Upload posts.parquet with huggingface_hub
39fa52ab59b4eb18b4c33d5cc4bb9a26fc44b982,2026-09-06T13:32:27+00:00,Upload datasets.parquet with huggingface_hub
43e7aa94ac2017541efdf9817a8abeaf5441f7bf,2026-09-06T13:30:03+00:00,Upload spaces.parquet with huggingface_hub
934a9a52b30c797a06ee4521eb3c4f334a619123,2026-09-06T13:27:29+00:00,Upload models.parquet with huggingface_hub
8dc12b7848d8f54ee7a38cef0e2d112189193c1a,2026-09-06T13:18:59+00:00,Upload arxiv_papers.parquet with huggingface_hub
ac6e089478bdca43ff90a33b4a9bac0fcdd6d1f7,2026-09-06T13:18:48+00:00,Upload daily_papers.parquet with huggingface_hub
8229623d0bdf1fb69f460793a8db8eb9aa48382a,2026-09-05T13:45:42+00:00,Upload posts.parquet with huggingface_hub
f724ea9d07b36fefc6e5a1fb9a36713bf11df1ea,2026-09-05T13:45:40+00:00,Upload datasets.parquet with huggingface_hub
d9e598146a50add8bd0527736071c16a172d8c6d,2026-09-05T13:41:58+00:00,Upload spaces.parquet with huggingface_hub
30e44410d922eda5d40cf0e5e3866d11c6b5bbf0,2026-09-05T13:37:58+00:00,Upload models.parquet with huggingface_hub
160fc7ac6bf1d9c64d66d508ce5e56cdfe85c862,2026-09-05T13:24:33+00:00,Upload arxiv_papers.parquet with huggingface_hub
edfb453c37d0708fbf8ba8c76a77a318c57c4c4b,2026-09-05T13:24:16+00:00,Upload daily_papers.parquet with huggingface_hub
38078ccb58db53e0a11fc9d8bb690e2d7c948e63,2026-09-04T13:59:37+00:00,Upload posts.parquet with huggingface_hub
04ff446b055e371388e91484767bac8b71390ada,2026-09-04T13:59:35+00:00,Upload datasets.parquet with huggingface_hub
43edd8451173c3e1a9d92dbe577c84fafa82d996,2026-09-04T13:54:05+00:00,Upload spaces.parquet with huggingface_hub
7978632af42a723a93671163fa41e8cfd923bfef,2026-09-04T13:48:16+00:00,Upload models.parquet with huggingface_hub
02d7077dc69cb33eb614d7b448ebc3249d8f75ce,2026-09-04T13:28:38+00:00,Upload arxiv_papers.parquet with huggingface_hub
52465e9098116871a23e091932491ac1ad2a1f76,2026-09-04T13:28:18+00:00,Upload daily_papers.parquet with huggingface_hub
d86a98ab0602f28d893e08b2789c3785d7e6fffe,2026-09-03T13:34:45+00:00,Upload posts.parquet with huggingface_hub
ed02535a914dfb2d0b4d7b1b94a16db94e93ab14,2026-09-03T13:34:43+00:00,Upload datasets.parquet with huggingface_hub
be7d60f3541befb6804564881cae658894f76272,2026-09-03T13:32:15+00:00,Upload spaces.parquet with huggingface_hub
145351cb0a9421509381f08b89e1b58e3421f4a6,2026-09-03T13:29:30+00:00,Upload models.parquet with huggingface_hub
c1ffbc93522fd2f50c05a2a45804a57d0d668177,2026-09-03T13:20:32+00:00,Upload arxiv_papers.parquet with huggingface_hub
80df8d511e23b50025bdd32cf0412f3d21ca99dd,2026-09-03T13:20:20+00:00,Upload daily_papers.parquet with huggingface_hub
bef3406ca1092c27d5393e9da0f9c00cb303f649,2026-09-02T13:34:26+00:00,Upload posts.parquet with huggingface_hub
addedd40ff3a4b4e3b44a95a439e7cd9cf8bf6bc,2026-09-02T13:34:24+00:00,Upload datasets.parquet with huggingface_hub
c639ff8ce0b0a4267df9a559eefec743639bd115,2026-09-02T13:31:51+00:00,Upload spaces.parquet with huggingface_hub
bdac81e51e958c5f976ac7af4c3a766f25f7b644,2026-09-02T13:28:59+00:00,Upload models.parquet with huggingface_hub
c8542e38ef33db7c1a126acc10fd9fb584621822,2026-09-02T13:19:16+00:00,Upload arxiv_papers.parquet with huggingface_hub
7487a29ab4fe7cc9980f1ac651dd411a007af0a6,2026-09-02T13:19:04+00:00,Upload daily_papers.parquet with huggingface_hub
214f3a4a4f0527e27aee551c826bf3c0cdd58e18,2026-09-01T13:56:12+00:00,Upload posts.parquet with huggingface_hub
03148f040075dcd7533095a05b6cfb0217930d3a,2026-09-01T13:56:09+00:00,Upload datasets.parquet with huggingface_hub
af98d81bb06d8a8fae9e2cd3ed675ba3e973982e,2026-09-01T13:51:51+00:00,Upload spaces.parquet with huggingface_hub
e4056f5241fd6ccdafbcf98e1e4a91ce67a73d26,2026-09-01T13:45:17+00:00,Upload models.parquet with huggingface_hub
d8691c0dd4a1061f184808dfe511535be293ae06,2026-09-01T13:26:06+00:00,Upload arxiv_papers.parquet with huggingface_hub
267d539af535cc006a3de5c88fa19f84325e374f,2026-09-01T13:25:49+00:00,Upload daily_papers.parquet with huggingface_hub
5070906a8ee1400413a3bc72799bfd7d0bf71d8b,2026-08-31T13:32:13+00:00,Upload posts.parquet with huggingface_hub
62de802bcd64be16e228f3d48ef9d4b4db3d79fc,2026-08-31T13:32:11+00:00,Upload datasets.parquet with huggingface_hub
3990bc7773f43d8ca0f4c50042898a69fccc9e85,2026-08-31T13:29:58+00:00,Upload spaces.parquet with huggingface_hub
d2b01c0594522c456febe4212f127a3682f0fbd2,2026-08-31T13:27:30+00:00,Upload models.parquet with huggingface_hub
faee58440938cca726cbab596223dcf4fa6afb08,2026-08-31T13:19:13+00:00,Upload arxiv_papers.parquet with huggingface_hub
63ab3b22279341c0ec45a682fd388bfcf8eff2cf,2026-08-31T13:19:03+00:00,Upload daily_papers.parquet with huggingface_hub
6d1cd5d494ac6b04f8fcd2f2cdc56ec3a729e01e,2026-08-30T13:30:48+00:00,Upload posts.parquet with huggingface_hub
c039996352eb7477a36089077ea7534da818fe2a,2026-08-30T13:30:47+00:00,Upload datasets.parquet with huggingface_hub
af6ee8f00afaf65c841b490ae72986b76783f0d0,2026-08-30T13:28:34+00:00,Upload spaces.parquet with huggingface_hub
cb7b571c5f6c1d577c89e4ac1f2e6be2d1b27162,2026-08-30T13:26:07+00:00,Upload models.parquet with huggingface_hub
7a6e55dfa90e265c605580093f7bf125d46933c4,2026-08-30T13:18:22+00:00,Upload arxiv_papers.parquet with huggingface_hub
c90cb58b0bb0e75f02988b411189b65422cc57c7,2026-08-30T13:18:13+00:00,Upload daily_papers.parquet with huggingface_hub
3b562ea565d9c45e5cf7ea354a12e71f7987bd29,2026-08-29T13:32:08+00:00,Upload posts.parquet with huggingface_hub
8cb20953f108bef047f453afa7831c2dca237cdf,2026-08-29T13:32:07+00:00,Upload datasets.parquet with huggingface_hub
ec334f0e19909e151b68ac867d0408bd9272132d,2026-08-29T13:29:43+00:00,Upload spaces.parquet with huggingface_hub
00eca3b2f68f6cd4fa076fc8bd55ece5eb8fea45,2026-08-29T13:26:58+00:00,Upload models.parquet with huggingface_hub
6f23516861482d1bfefceb13fdeb4e4ba3584e18,2026-08-29T13:18:46+00:00,Upload arxiv_papers.parquet with huggingface_hub
85c105b265287142fa06fffb0bcec491ec577e5a,2026-08-29T13:18:35+00:00,Upload daily_papers.parquet with huggingface_hub
8808055c74648b0a4b5cd4507c6a59bd314032de,2026-08-28T13:49:03+00:00,Upload posts.parquet with huggingface_hub
1b4dc79231cdaad894b921b0dc994b7473bc7d71,2026-08-28T13:49:01+00:00,Upload datasets.parquet with huggingface_hub
20a01376ee0e1841687f3772c112e268230e1e19,2026-08-28T13:46:48+00:00,Upload spaces.parquet with huggingface_hub
21981b844dcd348369ae89ece11f5725df56b196,2026-08-28T13:44:16+00:00,Upload models.parquet with huggingface_hub
3be61dc0d1b98069db77f608148db323a609b584,2026-08-28T13:35:11+00:00,Upload arxiv_papers.parquet with huggingface_hub
5dfcab4c1a766105db3032edface85aceec2c636,2026-08-28T13:34:58+00:00,Upload daily_papers.parquet with huggingface_hub
805e763ad998ee65e12ae7413b379ce7884420b5,2026-08-27T13:32:04+00:00,Upload posts.parquet with huggingface_hub
a5e6a17c04f48c2ced5238e4365ecb77c5d3e9e0,2026-08-27T13:32:03+00:00,Upload datasets.parquet with huggingface_hub
d38173c61cb8e9832eca90d50670f66a773ee0cb,2026-08-27T13:29:47+00:00,Upload spaces.parquet with huggingface_hub
617ca480ff922c657ca46182aa0ada1162cab809,2026-08-27T13:27:14+00:00,Upload models.parquet with huggingface_hub
94113068881d1a8a1fee9a620d4b701f25b282c0,2026-08-27T13:19:05+00:00,Upload arxiv_papers.parquet with huggingface_hub
02206a25d78760ded10db257fb6ef19add789e1e,2026-08-27T13:18:55+00:00,Upload daily_papers.parquet with huggingface_hub
e6a1e1fc7ce16a1c74322b3a48ef7139c47b95f3,2026-08-25T13:31:48+00:00,Upload posts.parquet with huggingface_hub
bd3e14b357cb8bca83977377411de81524b1cb8c,2026-08-25T13:31:46+00:00,Upload datasets.parquet with huggingface_hub
287b7d5c92b8a5f89ab7ca098f48e2eb257e7f33,2026-08-25T13:29:24+00:00,Upload spaces.parquet with huggingface_hub
1b26f140e00919def1af9a95c4951d19ea379eab,2026-08-25T13:26:46+00:00,Upload models.parquet with huggingface_hub
d9b8577ac91c8cca0025929310151c8a95695038,2026-08-25T13:19:03+00:00,Upload arxiv_papers.parquet with huggingface_hub
506286f3b8ef3f592d083d7a9ad35a8c9a28fe68,2026-08-25T13:18:53+00:00,Upload daily_papers.parquet with huggingface_hub
a32909475a4a4cc31679f41264d8bc5259e001ac,2026-08-24T13:33:23+00:00,Upload posts.parquet with huggingface_hub
b4bb516351ef1e3752e24040ed826b0b0c27183f,2026-08-24T13:33:21+00:00,Upload datasets.parquet with huggingface_hub
7c21963bc6cdc5120fc4982ed609427808fb4bf3,2026-08-24T13:30:41+00:00,Upload spaces.parquet with huggingface_hub
b1e570a762abb64e113782ac899dc27bf331058f,2026-08-24T13:27:55+00:00,Upload models.parquet with huggingface_hub
b6cb63ffac105ccaa94c57c9fdb476de8c6e96b8,2026-08-24T13:19:29+00:00,Upload arxiv_papers.parquet with huggingface_hub
c1cb98ad8e113251732ae8a5d4c0b4efadc449c0,2026-08-24T13:19:18+00:00,Upload daily_papers.parquet with huggingface_hub
f51748b8c216570bca0ccc6e5c22dee590ab252f,2026-08-23T13:32:36+00:00,Upload posts.parquet with huggingface_hub
54b0bdec0d46444ac691891e7b98c6a78b144965,2026-08-23T13:32:35+00:00,Upload datasets.parquet with huggingface_hub
6eb73e5fc462f9ae6a9241295265bd39f52c9aff,2026-08-23T13:30:16+00:00,Upload spaces.parquet with huggingface_hub
4fa1ca5d19952677947d0f23f72c0c3edd391f8d,2026-08-23T13:27:39+00:00,Upload models.parquet with huggingface_hub
9dd37e8a08961fbd0b43d358d04e99b79a5f3f05,2026-08-23T13:18:59+00:00,Upload arxiv_papers.parquet with huggingface_hub
cc66e51f03f6e7b89679e6d7a3446996ee5270aa,2026-08-23T13:18:48+00:00,Upload daily_papers.parquet with huggingface_hub
0bd02fcb1c3b5a371cf2b8e969a683f8dd0ee7ec,2026-08-22T13:57:43+00:00,Upload posts.parquet with huggingface_hub
fe80c23a2a67760b827eab000d882f2f40ab833d,2026-08-22T13:57:41+00:00,Upload datasets.parquet with huggingface_hub
acde10c82b132f3a6e1737044ae0028810f33685,2026-08-22T13:55:31+00:00,Upload spaces.parquet with huggingface_hub
bf93df18d6a48977ca6502cdc42a1a15f4edeceb,2026-08-22T13:52:49+00:00,Upload models.parquet with huggingface_hub
adb7e2c490d791928871dddc2bcd456dfdcfc64f,2026-08-22T13:44:29+00:00,Upload arxiv_papers.parquet with huggingface_hub
dd791c1eeb38a7bc9178a96615907397380005ac,2026-08-22T13:44:19+00:00,Upload daily_papers.parquet with huggingface_hub
ef985ac31910358336ad85fca9278861801f78f4,2026-08-22T13:18:15+00:00,Upload arxiv_papers.parquet with huggingface_hub
ca0aa24a61f7c0f21e82995b0a60bd74e06722ec,2026-08-22T13:18:05+00:00,Upload daily_papers.parquet with huggingface_hub
2ef77b3f4b75633382726baccb378a7d6fcf3208,2026-08-21T13:46:57+00:00,Upload posts.parquet with huggingface_hub
f68896b58fe02e180e4f4636a4fcaaacee5953c5,2026-08-21T13:46:55+00:00,Upload datasets.parquet with huggingface_hub
ba72e6b8c7715c822d0335eae2a5dd01ebe89c54,2026-08-21T13:42:17+00:00,Upload spaces.parquet with huggingface_hub
f04edf99e408a58a819ba6a55392addb6b8d0f34,2026-08-21T13:38:04+00:00,Upload models.parquet with huggingface_hub
bee6f47854828e121afa8cc0571e7e8cf41d449c,2026-08-21T13:24:40+00:00,Upload arxiv_papers.parquet with huggingface_hub
2724d6960e9efd82ffcf2c0f73d062268338087d,2026-08-21T13:24:18+00:00,Upload daily_papers.parquet with huggingface_hub
19b67661f04bbda7139c72e1b605d78557ae17f8,2026-08-20T13:34:19+00:00,Upload posts.parquet with huggingface_hub
5e7e5ad0fe00b3fe0ed488da9d6427ac607b7629,2026-08-20T13:34:18+00:00,Upload datasets.parquet with huggingface_hub
84539d3e53832bff8efcc74f709592cace4dd925,2026-08-20T13:31:51+00:00,Upload spaces.parquet with huggingface_hub
354ca0234aa0a8c0579511459a7df05e6440182c,2026-08-20T13:28:50+00:00,Upload models.parquet with huggingface_hub
d9468e26de82a18f90b1e21639053e717234991f,2026-08-20T13:19:19+00:00,Upload arxiv_papers.parquet with huggingface_hub
fc8cc277bf7d5ff08b7ed9be147501314e17aa61,2026-08-20T13:19:07+00:00,Upload daily_papers.parquet with huggingface_hub
1556cd1abe08175915ecde5cfc24e0487299058e,2026-08-19T13:57:33+00:00,Upload posts.parquet with huggingface_hub
47ca3b52c3cc2f8a39bd44e3ed29decab181d60f,2026-08-19T13:57:31+00:00,Upload datasets.parquet with huggingface_hub
8610e3760750cc07a6fd5f7f91466bf07888c7cf,2026-08-19T13:55:19+00:00,Upload spaces.parquet with huggingface_hub
83fcbcf9937ef80fdffe2b7c10cb9d4da87f0fc4,2026-08-19T13:52:51+00:00,Upload models.parquet with huggingface_hub
276dbf1ab8237554fb637737025cf9f1a2bcde08,2026-08-19T13:44:44+00:00,Upload arxiv_papers.parquet with huggingface_hub
79b3739aa9ce85fc504062e99a705ecbc5f882c0,2026-08-19T13:44:34+00:00,Upload daily_papers.parquet with huggingface_hub
81a52390dc411f9ce6aae89c4900fb0455523bf9,2026-08-19T13:18:54+00:00,Upload arxiv_papers.parquet with huggingface_hub
73322d65ed46d83e643642b3af83385457672211,2026-08-19T13:18:45+00:00,Upload daily_papers.parquet with huggingface_hub
739dce25a372626df0776adcc6262e54857d7866,2026-08-18T13:45:36+00:00,Upload posts.parquet with huggingface_hub
22da3d9ed4c8100e65a6a370cf5d0403349f0c93,2026-08-18T13:45:35+00:00,Upload datasets.parquet with huggingface_hub
aeaa0f1880ec464a0cf34201e85e312f8b6fde42,2026-08-18T13:43:17+00:00,Upload spaces.parquet with huggingface_hub
4a6ef6cb9f28174abcdd0024856a9043d91620b6,2026-08-18T13:40:40+00:00,Upload models.parquet with huggingface_hub
1475e2c285216869dd9aea50ef728f9a4f418d04,2026-08-18T13:32:44+00:00,Upload arxiv_papers.parquet with huggingface_hub
d2da20f18f196be86f51a6dea81ef9c7afee7d2e,2026-08-18T13:32:35+00:00,Upload daily_papers.parquet with huggingface_hub
7f5bf57d2f1c0229284636c2018dbcd30e31c0c9,2026-08-17T13:31:52+00:00,Upload posts.parquet with huggingface_hub
c68a7bdaf07101bcb2c802302e2125d133c5df92,2026-08-17T13:31:51+00:00,Upload datasets.parquet with huggingface_hub
6781901d8c5a6090ff4b72a77b0e6add954a8d68,2026-08-17T13:29:41+00:00,Upload spaces.parquet with huggingface_hub
b86a84a60d020027f1e8ce2f930c664f09474b36,2026-08-17T13:27:12+00:00,Upload models.parquet with huggingface_hub
21f04106c7ce3364c64f67345d8045edb899cb50,2026-08-17T13:19:22+00:00,Upload arxiv_papers.parquet with huggingface_hub
fc743605f7cd583482978c91d64acf9756beb731,2026-08-17T13:19:11+00:00,Upload daily_papers.parquet with huggingface_hub
201392d33d5498cddf5754187cae637d57940210,2026-08-16T13:45:30+00:00,Upload posts.parquet with huggingface_hub
87dc1c21727cf614bd1409b669db3d93b1560cfe,2026-08-16T13:45:29+00:00,Upload datasets.parquet with huggingface_hub
370ebe3b0b20afc6bd036be5877c1034da3a52c7,2026-08-16T13:41:48+00:00,Upload spaces.parquet with huggingface_hub
58a191bd2dc08281efdda2abb4b8b52abf32e287,2026-08-16T13:37:13+00:00,Upload models.parquet with huggingface_hub
59bb31c828d62bc6bfd0bdcfd69200226536806f,2026-08-16T13:24:23+00:00,Upload arxiv_papers.parquet with huggingface_hub
eb0ce8c53274c57416827ab7ce5e0b7366437669,2026-08-16T13:24:06+00:00,Upload daily_papers.parquet with huggingface_hub
2b882b76f805148fc11a99a34740f657bf1ad04a,2026-08-15T13:51:17+00:00,Upload posts.parquet with huggingface_hub
52fec509f30f028f2bfaf9bc4b8e8b62086543d4,2026-08-15T13:51:16+00:00,Upload datasets.parquet with huggingface_hub
132462a9e8fcddb245186f64f5f7895a700c6435,2026-08-15T13:47:10+00:00,Upload spaces.parquet with huggingface_hub
384b4f529982ec91b1a55f6c14c22ea16536794c,2026-08-15T13:42:33+00:00,Upload models.parquet with huggingface_hub
f4ab5dd52963b05ff2fb3f34df3876b6ee9248a7,2026-08-15T13:27:55+00:00,Upload arxiv_papers.parquet with huggingface_hub
b5ee4dadedb22c8dfe2d495199648dd609c4b9c0,2026-08-15T13:27:34+00:00,Upload daily_papers.parquet with huggingface_hub
eb6bc3b9411c3d1a9cafcb5587929f24d556d70e,2026-08-14T13:30:10+00:00,Upload posts.parquet with huggingface_hub
635897eedc28c981d406371506d48f55cf140647,2026-08-14T13:30:09+00:00,Upload datasets.parquet with huggingface_hub
bb7160a92c33a9ded04f5205dda42b671362d922,2026-08-14T13:28:05+00:00,Upload spaces.parquet with huggingface_hub
031459f696d2d45f1d114bc453c0cfdc3aa476d1,2026-08-14T13:25:41+00:00,Upload models.parquet with huggingface_hub
76563d5bf9f8644ef3788d884c53528b5a4acf26,2026-08-14T13:18:13+00:00,Upload arxiv_papers.parquet with huggingface_hub
c1f65268e4a42d54ee6ad4275477a7fa371f5c93,2026-08-14T13:18:03+00:00,Upload daily_papers.parquet with huggingface_hub
d112510092932931200275a9b2fe283a9bf416a6,2026-08-13T13:32:35+00:00,Upload posts.parquet with huggingface_hub
b6d41c1ebcfa4ba1d3bd8c3d3e0179636f66c391,2026-08-13T13:32:33+00:00,Upload datasets.parquet with huggingface_hub
b7bef77bd3c8fa9e3c6a5f80347a697a64b094e3,2026-08-13T13:28:45+00:00,Upload spaces.parquet with huggingface_hub
fb9a921dbedd97d3f6792045b2027965f2820bc3,2026-08-13T13:25:42+00:00,Upload models.parquet with huggingface_hub
52715c2acda17bfc4dfc96dc570aa94e46f83fa6,2026-08-13T13:18:11+00:00,Upload arxiv_papers.parquet with huggingface_hub
34b9c6caa7177dcb3712f18809c3c6f1875e7b8d,2026-08-13T13:18:02+00:00,Upload daily_papers.parquet with huggingface_hub
d9309212240e7137bcfd434e78ef5ea17b843b16,2026-08-12T13:31:22+00:00,Upload posts.parquet with huggingface_hub
c28739f9b812d336b824bc252d423828ea30d513,2026-08-12T13:31:21+00:00,Upload datasets.parquet with huggingface_hub
97b56e5ac59282fc3f3c486dcba17e4eeef931a0,2026-08-12T13:29:11+00:00,Upload spaces.parquet with huggingface_hub
cb75c05dc41a72376cedaa31a362fc980b955ac0,2026-08-12T13:26:35+00:00,Upload models.parquet with huggingface_hub
ad4b38403dad5ed0b5f664fb9522548d28263874,2026-08-12T13:19:03+00:00,Upload arxiv_papers.parquet with huggingface_hub
52446bdf5780533590f42ebf2709bda58c77bee8,2026-08-12T13:18:53+00:00,Upload daily_papers.parquet with huggingface_hub
7b992083aeca827574b0fd90fb6cec065b812693,2026-08-11T13:35:13+00:00,Upload posts.parquet with huggingface_hub
8922d2da60a0782bd4bcc64a7793fc4e1da43f82,2026-08-11T13:35:12+00:00,Upload datasets.parquet with huggingface_hub
54c2b23f02182c8a4c0110eca7942bb7574c54b4,2026-08-11T13:31:45+00:00,Upload spaces.parquet with huggingface_hub
aa90ffc9d82f855deadf22327171cebbab3e07d9,2026-08-11T13:27:45+00:00,Upload models.parquet with huggingface_hub
12d8ce286ebe646ee9dbc24424ad4a75e0e69b10,2026-08-11T13:18:59+00:00,Upload arxiv_papers.parquet with huggingface_hub
1b1a95e8c678989128d12e60dee396bfe28637d7,2026-08-11T13:18:49+00:00,Upload daily_papers.parquet with huggingface_hub
70fc232b158f8edd17e0f4c1c337a7056017c497,2026-08-08T14:07:08+00:00,Upload posts.parquet with huggingface_hub
8cfc4d65f0ab4dcacc35f92441e4b71d90263cd0,2026-08-08T14:07:06+00:00,Upload datasets.parquet with huggingface_hub
67f9ade9e5e0a6176f78bdf6e04c1c6e8beecede,2026-08-08T14:03:45+00:00,Upload spaces.parquet with huggingface_hub
3555dbcffba666a26fa0409a595e08fbf94b273b,2026-08-08T14:00:05+00:00,Upload models.parquet with huggingface_hub
37493b0a70cb7cac93b496ba37114f52566ecfff,2026-08-08T13:49:39+00:00,Upload arxiv_papers.parquet with huggingface_hub
3b741f69b2c4b6cba6b3f2c1dbf16d50713ea58c,2026-08-08T13:49:27+00:00,Upload daily_papers.parquet with huggingface_hub
75fac2f201873b40b875f9ed8a4ff5adc344bb62,2026-08-08T13:18:25+00:00,Upload arxiv_papers.parquet with huggingface_hub
01897a5b0ee29e9de6d0762199a78dcb1824579b,2026-08-08T13:18:15+00:00,Upload daily_papers.parquet with huggingface_hub
79f5f30581dac9e0675f6b6a5c595f786d20c59b,2026-08-07T13:30:56+00:00,Upload posts.parquet with huggingface_hub
f848d7de41104ec4a54db971c18c5b773e4383e4,2026-08-07T13:30:55+00:00,Upload datasets.parquet with huggingface_hub
4d4ce3749d4443f8b3d3b22168f1730f1b5402af,2026-08-07T13:28:45+00:00,Upload spaces.parquet with huggingface_hub
88d7abfa8271b0305252d4c0670dd4ab0e561465,2026-08-07T13:26:19+00:00,Upload models.parquet with huggingface_hub
6cf1446feadd1d76c36acea4c520c37b7e44f3fe,2026-08-07T13:18:43+00:00,Upload arxiv_papers.parquet with huggingface_hub
67c1190596e624adce464e5faa55d53cfa9475bd,2026-08-07T13:18:33+00:00,Upload daily_papers.parquet with huggingface_hub
a0ba5ecef10f69b970edf432a927cf1234ee62cf,2026-08-06T14:09:02+00:00,Upload posts.parquet with huggingface_hub
7cbf1c4f87b7669e23767b02d4cba16953a622f1,2026-08-06T14:09:01+00:00,Upload datasets.parquet with huggingface_hub
c236b4b5970894af3d07bae563b78ebbfb4d2fbf,2026-08-06T14:05:45+00:00,Upload spaces.parquet with huggingface_hub
6b81ed64f111f914c6b9652fdc2d1559506dece5,2026-08-06T14:02:18+00:00,Upload models.parquet with huggingface_hub
4d3f90334e32ffa0fd911bc83ddb3568d25b5a32,2026-08-06T13:50:39+00:00,Upload arxiv_papers.parquet with huggingface_hub
029d6013bec979bb958fd4d898e512bf1b89eead,2026-08-06T13:50:24+00:00,Upload daily_papers.parquet with huggingface_hub
47e3f69a826c1b0c136e6728babb757e2f512e97,2026-08-06T13:20:52+00:00,Upload arxiv_papers.parquet with huggingface_hub
5abc6417b9abc8351c98999fe046dc74e9cdad6e,2026-08-06T13:20:42+00:00,Upload daily_papers.parquet with huggingface_hub
cac182d52d7673564c340af5bb738a3a51fc4caa,2026-08-05T13:32:27+00:00,Upload posts.parquet with huggingface_hub
54341019296e0052d323aa9f1a252797ad52189f,2026-08-05T13:32:25+00:00,Upload datasets.parquet with huggingface_hub
348f9c8ec2754a1c1bc050b4ac7e793745a32c47,2026-08-05T13:30:05+00:00,Upload spaces.parquet with huggingface_hub
9a445292a308ddc1d3d9e12ca2a03234b03b804e,2026-08-05T13:27:28+00:00,Upload models.parquet with huggingface_hub
a4c01df882275c70fde134322bdea5ba4ff91fe9,2026-08-05T13:19:13+00:00,Upload arxiv_papers.parquet with huggingface_hub
4d64c09d2c0b957cb8a5bc6c9ccdfb745b466520,2026-08-05T13:19:03+00:00,Upload daily_papers.parquet with huggingface_hub
2bcc29b6b8da82869de10d170e581362835f59be,2026-08-04T13:35:48+00:00,Upload posts.parquet with huggingface_hub
d885fcbda978ab95346745928331fc7181d6ed6d,2026-08-04T13:35:46+00:00,Upload datasets.parquet with huggingface_hub
82af74ca9b603f50e170187af41a006efc225d13,2026-08-04T13:33:15+00:00,Upload spaces.parquet with huggingface_hub
7f1b970fa2d824aedbc3ecd6507727b5c5f96ff7,2026-08-04T13:30:00+00:00,Upload models.parquet with huggingface_hub
4703376fe1bac953b7b4d5048694e0417daa97bb,2026-08-04T13:20:27+00:00,Upload arxiv_papers.parquet with huggingface_hub
39aa0392dde803abe5265c7642ecb2946f0ba4df,2026-08-04T13:20:15+00:00,Upload daily_papers.parquet with huggingface_hub
6d2905afa01b4fb03b32cb73b6de1216d6ae86af,2026-08-03T13:34:18+00:00,Upload posts.parquet with huggingface_hub
41a6147fc5c45d8a592f771715003b3b2d1bbbfb,2026-08-03T13:34:17+00:00,Upload datasets.parquet with huggingface_hub
1ac3025ea5587bc5012616fdd091a347eca98cfa,2026-08-03T13:31:37+00:00,Upload spaces.parquet with huggingface_hub
889e35cf8b9c4e4de8842f48fa5cfbd3f8763623,2026-08-03T13:28:33+00:00,Upload models.parquet with huggingface_hub
63cd7c82edffd4898e0024b3127cc36f1777b43d,2026-08-03T13:19:41+00:00,Upload arxiv_papers.parquet with huggingface_hub
6afab6c7e5226c72fbbcb11ede48f7bc071e5b4f,2026-08-03T13:19:30+00:00,Upload daily_papers.parquet with huggingface_hub
6f696f8b7a8104fa22648f156ec2f3b41872c8a3,2026-08-02T13:44:19+00:00,Upload posts.parquet with huggingface_hub
e4f79326c9cf65036c92ffafb3a4ef125c9f94d5,2026-08-02T13:44:17+00:00,Upload datasets.parquet with huggingface_hub
79850381a9eddc20957ba08e80b6f2c70611ccac,2026-08-02T13:40:36+00:00,Upload spaces.parquet with huggingface_hub
7162e05150261b5fb20032e25b90efe7593aaa10,2026-08-02T13:36:28+00:00,Upload models.parquet with huggingface_hub
ea6c1156972c41f984cc905af906fd6e9cebc72a,2026-08-02T13:23:26+00:00,Upload arxiv_papers.parquet with huggingface_hub
1ee54432031df5115c3340b0e45e4cea206921c2,2026-08-02T13:23:11+00:00,Upload daily_papers.parquet with huggingface_hub
4be2066e3f6c2d7fa596a8b7e350c54608942c30,2026-08-01T13:31:04+00:00,Upload posts.parquet with huggingface_hub
aebb3227f9b34874f25317c4557a53299ac49ccc,2026-08-01T13:31:03+00:00,Upload datasets.parquet with huggingface_hub
5c38b0999823719d03faa40ccc0e373d44093797,2026-08-01T13:28:51+00:00,Upload spaces.parquet with huggingface_hub
cd37cc00ba3978cb9c314e3c3f41f2739b6e1488,2026-08-01T13:26:21+00:00,Upload models.parquet with huggingface_hub
097a0b6a22c23bfd4b14ec0f7ac3febefd8b50b5,2026-08-01T13:18:37+00:00,Upload arxiv_papers.parquet with huggingface_hub
b87fc503636219e654d2eb5162036ba248c42569,2026-08-01T13:18:27+00:00,Upload daily_papers.parquet with huggingface_hub
cba1e056cc79721c42cd0b5d2234503515e9fb9f,2026-07-31T13:40:22+00:00,Upload posts.parquet with huggingface_hub
b692ab251e28422579fd7b6ce91e1455e4d3337b,2026-07-31T13:40:20+00:00,Upload datasets.parquet with huggingface_hub
70d6308a3ee130fa44f9ca5e3b14f43957059fef,2026-07-31T13:37:04+00:00,Upload spaces.parquet with huggingface_hub
0fad9ffd90621c4ba1bfcbbdde39fcdc81861294,2026-07-31T13:33:17+00:00,Upload models.parquet with huggingface_hub
35543418bdcfd33fbbc3275ccd50b122af5ef4ba,2026-07-31T13:21:37+00:00,Upload arxiv_papers.parquet with huggingface_hub
82b7cb8c283be655287c408ad689092729a0cf84,2026-07-31T13:21:22+00:00,Upload daily_papers.parquet with huggingface_hub
acdbd26ecc2223b29922747b388e0ea25525ca09,2026-07-30T13:36:11+00:00,Upload posts.parquet with huggingface_hub
2869347cb9dac8133e506c2caa88e93ebb1759a2,2026-07-30T13:36:10+00:00,Upload datasets.parquet with huggingface_hub
7e3d3ee05b8e8ac2414a0bfc11f769ae8f5fd016,2026-07-30T13:33:48+00:00,Upload spaces.parquet with huggingface_hub
d1d1962e3045ea177650fde559e9f44fbe7a428e,2026-07-30T13:31:06+00:00,Upload models.parquet with huggingface_hub
6876b5c2b22ce4a7603307f2575300927d86911d,2026-07-30T13:22:00+00:00,Upload arxiv_papers.parquet with huggingface_hub
c378b9b97dc20c72c14baf7b4c00d7d3097eed85,2026-07-30T13:21:49+00:00,Upload daily_papers.parquet with huggingface_hub
b88ccc793dbf9418858a3dd451e6c9fa763303a8,2026-07-29T13:40:52+00:00,Upload posts.parquet with huggingface_hub
1b7916515c75ca409e21795e554867f10bb49dff,2026-07-29T13:40:50+00:00,Upload datasets.parquet with huggingface_hub
f5f3af103cfa71196f7a2ca9d7e4774d0b30dc37,2026-07-29T13:37:39+00:00,Upload spaces.parquet with huggingface_hub
209b634270454ffd70fe3d17f0da19829ebe021c,2026-07-29T13:34:06+00:00,Upload models.parquet with huggingface_hub
6ba94dda37645bee5a4cc863fcd9bc99f669883b,2026-07-29T13:22:55+00:00,Upload arxiv_papers.parquet with huggingface_hub
03b1e2e7368c13712f03ca7771c26a9f932b090a,2026-07-29T13:22:42+00:00,Upload daily_papers.parquet with huggingface_hub
bd9f989cf36d7015baa8e2d1c066cdd52b41c9bf,2026-07-28T13:32:23+00:00,Upload posts.parquet with huggingface_hub
9571d4c39e0956b2612db9d05d96c7ecbcd11b43,2026-07-28T13:32:22+00:00,Upload datasets.parquet with huggingface_hub
a5f27a7fd360554da628093b6816fc5ee084e2c8,2026-07-28T13:30:05+00:00,Upload spaces.parquet with huggingface_hub
33e94e91766c45ad563540baa4b1043de879c852,2026-07-28T13:27:27+00:00,Upload models.parquet with huggingface_hub
3755d7872793404e05423bd873bec3b0a6451e47,2026-07-28T13:19:22+00:00,Upload arxiv_papers.parquet with huggingface_hub
e2e657f797508c38e5fc9db1d7bcfd5c022c09d8,2026-07-28T13:19:12+00:00,Upload daily_papers.parquet with huggingface_hub
c8eaba53e9fce7aaa6ab22e2301910167cbd0c84,2026-07-27T13:52:23+00:00,Upload posts.parquet with huggingface_hub
26500d69f1acf2611af380adce459261de979655,2026-07-27T13:52:21+00:00,Upload datasets.parquet with huggingface_hub
4927d79196fb12c3035451818c6ec2136eda6ba5,2026-07-27T13:49:40+00:00,Upload spaces.parquet with huggingface_hub
42cff50bdeceaf18f87f06ec0fe79b37fdd6d967,2026-07-27T13:45:00+00:00,Upload models.parquet with huggingface_hub
4b42779af790a6bb1a323288ebbb5a025b1f1432,2026-07-27T13:28:39+00:00,Upload arxiv_papers.parquet with huggingface_hub
bb09bfda432b8d7bcd72e7bb3100f03b7762aed6,2026-07-27T13:28:18+00:00,Upload daily_papers.parquet with huggingface_hub
d335b7206efa9f3988e240b825b183f375e2ef16,2026-07-26T13:34:29+00:00,Upload posts.parquet with huggingface_hub
b04c64d9db727c8e4b439cc5811b887f5c9f2270,2026-07-26T13:34:27+00:00,Upload datasets.parquet with huggingface_hub
5315e7b4cfb5c2bd8206f795a03da16c1ee45387,2026-07-26T13:31:49+00:00,Upload spaces.parquet with huggingface_hub
592b06ca65780134170e728fbc1082133ed8f72a,2026-07-26T13:28:53+00:00,Upload models.parquet with huggingface_hub
5abeb6fb89a7cdd971549421bf02e0d65d68ae1e,2026-07-26T13:19:35+00:00,Upload arxiv_papers.parquet with huggingface_hub
52321ffebe54218a9a6cb89400f00dc9947a9b66,2026-07-26T13:19:23+00:00,Upload daily_papers.parquet with huggingface_hub
a31cd225f8670cf264e136f69a51d2bbaf8efd93,2026-07-25T13:44:09+00:00,Upload posts.parquet with huggingface_hub
e53224081dab6d69f509e27f806ecde2b91cfe6e,2026-07-25T13:44:08+00:00,Upload datasets.parquet with huggingface_hub
b5e3635c6e94f72fdf11760f9e96b47558de3da4,2026-07-25T13:40:49+00:00,Upload spaces.parquet with huggingface_hub
fc41923314e97f793676c1980ef2f85d5bbcff3b,2026-07-25T13:36:42+00:00,Upload models.parquet with huggingface_hub
c87d3d54f493704e92040bf1689669a41b5c955d,2026-07-25T13:23:09+00:00,Upload arxiv_papers.parquet with huggingface_hub
96b7eba52d78817ff959beee1020a7cbc2bbcc47,2026-07-25T13:22:54+00:00,Upload daily_papers.parquet with huggingface_hub
f5e2a791e724be69257bb68a9a4c07552475c116,2026-07-24T13:45:16+00:00,Upload posts.parquet with huggingface_hub
380f931a5eaf707a378d31f35b6f8c2fe2519faa,2026-07-24T13:45:15+00:00,Upload datasets.parquet with huggingface_hub
27c3490e3c5fb4b69a1f4add88d6b5fd0a634836,2026-07-24T13:41:24+00:00,Upload spaces.parquet with huggingface_hub
28bdc2e1339ad8a3eb6a4e8aff3cc901fac0fb7d,2026-07-24T13:37:05+00:00,Upload models.parquet with huggingface_hub
d8beef963e4d41ae826ff667ec574b73a0be4fdb,2026-07-24T13:23:17+00:00,Upload arxiv_papers.parquet with huggingface_hub
54dd2fe84f358b12c73f123531b7bcb77fda8b50,2026-07-24T13:23:04+00:00,Upload daily_papers.parquet with huggingface_hub
e66d10a6929b2343262724cf9325e8c88985eab0,2026-07-23T13:41:40+00:00,Upload posts.parquet with huggingface_hub
6b7c5a17ba315abaf488c856aa3a71f19619b5d3,2026-07-23T13:41:39+00:00,Upload datasets.parquet with huggingface_hub
51c23b72e9eea2efae9ca56054e017bae6e45ae7,2026-07-23T13:38:15+00:00,Upload spaces.parquet with huggingface_hub
593be465a1ee2947f0cd8c1b5f75d7066124df98,2026-07-23T13:34:29+00:00,Upload models.parquet with huggingface_hub
c86a5ae5b165513539172e86e6acf3476e84bc65,2026-07-23T13:22:55+00:00,Upload arxiv_papers.parquet with huggingface_hub
97aa996b58c8b38290258934c39957cf1cf855c0,2026-07-23T13:22:40+00:00,Upload daily_papers.parquet with huggingface_hub
417a6a11674e553631365b35380605391dd7f607,2026-07-22T14:04:17+00:00,Upload posts.parquet with huggingface_hub
8de100659b99984976d883df222769745b95c4b2,2026-07-22T14:04:15+00:00,Upload datasets.parquet with huggingface_hub
cfb3beafc2161816c62305e37d7ad5037cea3d47,2026-07-22T13:58:34+00:00,Upload spaces.parquet with huggingface_hub
6f080ec09eb3d28b0271dcd843d183c725a6b978,2026-07-22T13:52:15+00:00,Upload models.parquet with huggingface_hub
957ee11194b8815c853a05520fcaa4f4a92a4003,2026-07-22T13:32:13+00:00,Upload arxiv_papers.parquet with huggingface_hub
239435b10308e0febdb5c8afc23b2edfe24944d8,2026-07-22T13:31:49+00:00,Upload daily_papers.parquet with huggingface_hub
6764be6b6428e9bbf3829405271e96dd56fb1471,2026-07-21T13:33:52+00:00,Upload posts.parquet with huggingface_hub
685bb5c2b2a74849b326f0a3f783c030c8acd5df,2026-07-21T13:33:51+00:00,Upload datasets.parquet with huggingface_hub
d6de2a0927518794252c8ba0733decaf9e24f0ae,2026-07-21T13:30:53+00:00,Upload spaces.parquet with huggingface_hub
9c83384d5b76ec9ad7ecc41204c3a7ec00783ff0,2026-07-21T13:27:40+00:00,Upload models.parquet with huggingface_hub
1375e378bb99286034d4baa972265616efe9188a,2026-07-21T13:19:38+00:00,Upload arxiv_papers.parquet with huggingface_hub
3b46031b98ed2a41b8ab1e2b4374d66a37ac6c40,2026-07-21T13:19:26+00:00,Upload daily_papers.parquet with huggingface_hub
4cde00abcd47a4480bf5b776eed1347f3701aa75,2026-07-20T13:47:04+00:00,Upload posts.parquet with huggingface_hub
1b8b0bab044db302d0e374d7dfa41021050e2032,2026-07-20T13:47:01+00:00,Upload datasets.parquet with huggingface_hub
da9773d5e1d85ae577fd2837f59609cbec0b93d5,2026-07-20T13:43:22+00:00,Upload spaces.parquet with huggingface_hub
59d7ea2542d8233d2cca9bd4fa26ad4ee24ab24d,2026-07-20T13:39:04+00:00,Upload models.parquet with huggingface_hub
522448fb516e764bc2ac43b74b23f370ac325d46,2026-07-20T13:25:47+00:00,Upload arxiv_papers.parquet with huggingface_hub
b8fe019f96064fc87fd47e8fbf7e2ec5ad88b851,2026-07-20T13:25:28+00:00,Upload daily_papers.parquet with huggingface_hub
cfd547628281af1b5ef46408a7eb2758ef9a91a2,2026-07-19T13:30:07+00:00,Upload posts.parquet with huggingface_hub
3bdaa62e43c37d15a6b2ec99765f370829640a5e,2026-07-19T13:30:05+00:00,Upload datasets.parquet with huggingface_hub
ed175b2e299d33e013b5af90597440e4d482de0d,2026-07-19T13:28:00+00:00,Upload spaces.parquet with huggingface_hub
e7c0ea6c09272f5b3c3218c8359000189b73aa8f,2026-07-19T13:25:33+00:00,Upload models.parquet with huggingface_hub
06ab0fabe7b1a4e2ad5e0509c12b283a961033ef,2026-07-19T13:17:58+00:00,Upload arxiv_papers.parquet with huggingface_hub
a0619a26b5b17b9dfdcf9dc373827cb73a314571,2026-07-19T13:17:47+00:00,Upload daily_papers.parquet with huggingface_hub
b1d1f67a0f188056a0ef617950181c375dff3389,2026-07-18T13:36:25+00:00,Upload posts.parquet with huggingface_hub
0f787d2ab2f2b50f0cc1ff0d6ee67a36af171d9b,2026-07-18T13:36:23+00:00,Upload datasets.parquet with huggingface_hub
a78db3373abbf1db87404aa7f1a38f9cda30d750,2026-07-18T13:33:41+00:00,Upload spaces.parquet with huggingface_hub
9a574695869379eddc8c01f58087e5632a703c1f,2026-07-18T13:30:23+00:00,Upload models.parquet with huggingface_hub
521c12924dc7ea3af7285176b317ed7f141a0391,2026-07-18T13:20:02+00:00,Upload arxiv_papers.parquet with huggingface_hub
fc5f36da807827892e4c3ab02ce75deeeb4c876b,2026-07-18T13:19:51+00:00,Upload daily_papers.parquet with huggingface_hub
42d947b8a20d8ea6d48dcca623af95a17fd72197,2026-07-17T13:32:22+00:00,Upload posts.parquet with huggingface_hub
317d79c57349cd9fd02709d2c23372ee1f9fd0bb,2026-07-17T13:32:20+00:00,Upload datasets.parquet with huggingface_hub
6d428d6a85f9119850eb9f896b46d7d324d31a9d,2026-07-17T13:30:04+00:00,Upload spaces.parquet with huggingface_hub
b491ce477a21478fc7bb54dda357b3a031485de3,2026-07-17T13:27:30+00:00,Upload models.parquet with huggingface_hub
e8ea3121c25b78899da597b3acd1db8349ea2c50,2026-07-17T13:19:38+00:00,Upload arxiv_papers.parquet with huggingface_hub
7c9028a20f5fb67b267db2253567c62ca2126798,2026-07-17T13:19:27+00:00,Upload daily_papers.parquet with huggingface_hub
578ff88333caf6b65f6b3f1ac302443ddb24f40c,2026-07-16T13:58:59+00:00,Upload posts.parquet with huggingface_hub
2646642a2dd9e796dc84486ecd9eb4363712f821,2026-07-16T13:58:58+00:00,Upload datasets.parquet with huggingface_hub
f2aaba3a1d1a9a2b917c0c7460d2deaf4df09ff9,2026-07-16T13:56:45+00:00,Upload spaces.parquet with huggingface_hub
20f6e26610a9f1413f3cadcfa051a1ba5a935697,2026-07-16T13:54:08+00:00,Upload models.parquet with huggingface_hub
eab478aebd296580d1d0509319496ce4fb6a4fd7,2026-07-16T13:45:47+00:00,Upload arxiv_papers.parquet with huggingface_hub
19e9ab56311199d96ec3a69b8a442c43f408325d,2026-07-16T13:45:35+00:00,Upload daily_papers.parquet with huggingface_hub
f051dab313017a6d3b63364b26357cb048fb230a,2026-07-16T13:19:37+00:00,Upload arxiv_papers.parquet with huggingface_hub
23d7aaea4d65ee21dbae69fa1a591183b6f4965e,2026-07-16T13:19:27+00:00,Upload daily_papers.parquet with huggingface_hub
2509b36102b145e18d200d9cde7fe73c2ea197e0,2026-07-15T13:30:36+00:00,Upload posts.parquet with huggingface_hub
27d3ca343ed081344ba61bca2e0071a03f1d7743,2026-07-15T13:30:34+00:00,Upload datasets.parquet with huggingface_hub
a99de59b0d3875ec05907a8e092910059b83d092,2026-07-15T13:28:31+00:00,Upload spaces.parquet with huggingface_hub
2b9e0d6bee6943abe01236691abe76f350e05a1f,2026-07-15T13:26:08+00:00,Upload models.parquet with huggingface_hub
1585f1a359dc944c7271ae2893d9a8431050ce34,2026-07-15T13:18:59+00:00,Upload arxiv_papers.parquet with huggingface_hub
55ef8e446dcc3415c2e644e6b876e027ecf183c3,2026-07-15T13:18:50+00:00,Upload daily_papers.parquet with huggingface_hub
c099f74c038fb3218925713313322edbbe89be39,2026-07-10T13:29:07+00:00,Upload posts.parquet with huggingface_hub
48f4429a1fe0dabd5be47ebf631ee5d2ac8f6d9f,2026-07-10T13:29:05+00:00,Upload datasets.parquet with huggingface_hub
445ab7fa3a50f831a11715b387a0faca2195f766,2026-07-10T13:27:01+00:00,Upload spaces.parquet with huggingface_hub
58e3fc6147dc9e6cdc001d620cf92b9a7fa8af9b,2026-07-10T13:24:34+00:00,Upload models.parquet with huggingface_hub
26f2a788f255490ffb2ebedc6e41284879503310,2026-07-10T13:17:19+00:00,Upload arxiv_papers.parquet with huggingface_hub
70028dc6ae2e7c93a178646c5ce4639ca01d99f7,2026-07-10T13:17:09+00:00,Upload daily_papers.parquet with huggingface_hub
6729d0bfaa0304a407909f23480df73b463e4e36,2026-07-09T13:31:11+00:00,Upload posts.parquet with huggingface_hub
edbe3d7024747aef2ab1f025cc2dffdfce4330f6,2026-07-09T13:31:10+00:00,Upload datasets.parquet with huggingface_hub
05dc721bb63866fe55b31e6522a4503c55676250,2026-07-09T13:29:00+00:00,Upload spaces.parquet with huggingface_hub
c14f7843d18f138821b5d7d333a6b3f42fec42e3,2026-07-09T13:26:27+00:00,Upload models.parquet with huggingface_hub
f6f761d90fe6baf499c89f05617ceb7c83ccb9f4,2026-07-09T13:18:20+00:00,Upload arxiv_papers.parquet with huggingface_hub
fdcf7e63344533c85576527ec58bdac55f3dcae2,2026-07-09T13:18:08+00:00,Upload daily_papers.parquet with huggingface_hub
86b34fee7ff7b43737e42f7cff6c2197b71edd25,2026-07-08T13:34:19+00:00,Upload posts.parquet with huggingface_hub
4f1e491d9c875c2896a20398a0444adeb3fcfd9b,2026-07-08T13:34:18+00:00,Upload datasets.parquet with huggingface_hub
f0b01fdc9a876768b9917a923fc743f4143eb848,2026-07-08T13:31:42+00:00,Upload spaces.parquet with huggingface_hub
35bd80f4503568669a1a8fc67f5a7762140f2733,2026-07-08T13:28:47+00:00,Upload models.parquet with huggingface_hub
c84e313fd0359ac4be68e65758b89197ad20c510,2026-07-08T13:19:49+00:00,Upload arxiv_papers.parquet with huggingface_hub
ddaf2ca1f586cedb7bb015f4aa50143c8a33484d,2026-07-08T13:19:38+00:00,Upload daily_papers.parquet with huggingface_hub
a7d0118c36d0de07e492144f64578e58e8609dd8,2026-07-07T13:38:07+00:00,Upload posts.parquet with huggingface_hub
b4800241ee2d9227902721e35cfb63dd0921cee5,2026-07-07T13:38:05+00:00,Upload datasets.parquet with huggingface_hub
f59851d9ec88c14427bfe8beee38f58875644092,2026-07-07T13:34:43+00:00,Upload spaces.parquet with huggingface_hub
d3db467a990aa5d57ef369b7ee355e239fcfd2ee,2026-07-07T13:31:10+00:00,Upload models.parquet with huggingface_hub
9201455dae5eae1644dab81cbc2db7bc00a76134,2026-07-07T13:20:49+00:00,Upload arxiv_papers.parquet with huggingface_hub
a2434982c9cd3e94c210f67c18b0ab996b01c0ab,2026-07-07T13:20:37+00:00,Upload daily_papers.parquet with huggingface_hub
ae823e7e5eabcd46fd69af8dda7560bc7374371b,2026-07-06T13:30:32+00:00,Upload posts.parquet with huggingface_hub
b525d5262a805fdba9866ab3ff572381e9ca630f,2026-07-06T13:30:31+00:00,Upload datasets.parquet with huggingface_hub
a528a4d81678f6912d18a9db3a49de2808ad1431,2026-07-06T13:28:25+00:00,Upload spaces.parquet with huggingface_hub
104f4bf425722df4bfe293afd41dc444be268955,2026-07-06T13:26:05+00:00,Upload models.parquet with huggingface_hub
82a327b42ca12ada34dfb1c42ff0c87808039ab3,2026-07-06T13:18:51+00:00,Upload arxiv_papers.parquet with huggingface_hub
778c7835e920f7d278f47d6a295119fdf12aa618,2026-07-06T13:18:41+00:00,Upload daily_papers.parquet with huggingface_hub
ae41fc4ed4694357049a970a7d69ef5b9309edf2,2026-07-05T13:30:12+00:00,Upload posts.parquet with huggingface_hub
e2ae00d8e9eac000a69a2793ee0c7710f3868c86,2026-07-05T13:30:11+00:00,Upload datasets.parquet with huggingface_hub
4e0901a8f6172743c5c433737425f761fbb7ce0d,2026-07-05T13:28:03+00:00,Upload spaces.parquet with huggingface_hub
e0b0a26b162b26f74b09acb49442ac6adbbf4f52,2026-07-05T13:25:39+00:00,Upload models.parquet with huggingface_hub
96c0dcfa56a744eb398afa6d4a0cc37668aee91f,2026-07-05T13:18:05+00:00,Upload arxiv_papers.parquet with huggingface_hub
8b84c382dd03c4a162d6084100e22eca00751611,2026-07-05T13:17:54+00:00,Upload daily_papers.parquet with huggingface_hub
5bbe5d317300eed6342ded046c66c9857ab11725,2026-07-04T13:35:19+00:00,Upload posts.parquet with huggingface_hub
139e1872939e52ccb184ddaff4babc7750e2147c,2026-07-04T13:35:17+00:00,Upload datasets.parquet with huggingface_hub
8567763975c83fa6cd5890269f6dcff3d36856d9,2026-07-04T13:33:16+00:00,Upload spaces.parquet with huggingface_hub
197573ffc41089d0ecc35e3b2d3287404b8b97cb,2026-07-04T13:31:00+00:00,Upload models.parquet with huggingface_hub
0f72e767658d8e1e4ee3389062f752a0d8fce216,2026-07-04T13:24:02+00:00,Upload arxiv_papers.parquet with huggingface_hub
e49d127f9bd2efa3004de954a73e288c06687734,2026-07-04T13:23:52+00:00,Upload daily_papers.parquet with huggingface_hub
c1ed4af918ec9f94653f2e7644dfa9b4dc491147,2026-07-03T13:36:07+00:00,Upload posts.parquet with huggingface_hub
f5826dffda653793a636f1c991ab5d3b9b2ba379,2026-07-03T13:36:06+00:00,Upload datasets.parquet with huggingface_hub
6573ec808406ee43909b92be48a65f4d54182b92,2026-07-03T13:33:57+00:00,Upload spaces.parquet with huggingface_hub
5d155b5d723e6336870491fb5f9d2bbd78928bdc,2026-07-03T13:31:38+00:00,Upload models.parquet with huggingface_hub
c28c02cee93884c52310e43e1d3cea754c353429,2026-07-03T13:24:20+00:00,Upload arxiv_papers.parquet with huggingface_hub
a49c2539abbc24dbbe48725422b134eb48263e5c,2026-07-03T13:24:10+00:00,Upload daily_papers.parquet with huggingface_hub
610d03c21286ceee63f9e054154ae2ee3d6d5fd8,2026-07-02T13:30:03+00:00,Upload posts.parquet with huggingface_hub
a63bbdacae44d330efb4326fd2c31e60f1c23089,2026-07-02T13:30:02+00:00,Upload datasets.parquet with huggingface_hub
eb64dffa546cc3648715c15b725a97fd432c51d2,2026-07-02T13:27:59+00:00,Upload spaces.parquet with huggingface_hub
72438e5b0c902cc4f15aba439bd12aaeaacb6448,2026-07-02T13:25:42+00:00,Upload models.parquet with huggingface_hub
e257b5ece7363b945b5fc47c71688ad438216479,2026-07-02T13:18:35+00:00,Upload arxiv_papers.parquet with huggingface_hub
8be4007b54ed9ec7be72b06e45c28559f875fa2e,2026-07-02T13:18:24+00:00,Upload daily_papers.parquet with huggingface_hub
7d91ebb7a994f4361e5074275275f3a1e1dea413,2026-07-01T13:28:18+00:00,Upload posts.parquet with huggingface_hub
2d35648abef4204209565948fd423132988069be,2026-07-01T13:28:17+00:00,Upload datasets.parquet with huggingface_hub
753a90f679874f9a5a1dd6962ba3725580a03f2c,2026-07-01T13:26:14+00:00,Upload spaces.parquet with huggingface_hub
680ebb02a4af5814f24a2b120127178c16018dde,2026-07-01T13:23:57+00:00,Upload models.parquet with huggingface_hub
4bf84a84e14a3a0604bd4251e5a45d53ef945feb,2026-07-01T13:16:51+00:00,Upload arxiv_papers.parquet with huggingface_hub
46514a3f668b39150eb29b578eeb0261aff4e93f,2026-07-01T13:16:41+00:00,Upload daily_papers.parquet with huggingface_hub
ffa8c2f8808d9189a72c71c4cca84a7bf535fa08,2026-06-30T13:29:44+00:00,Upload posts.parquet with huggingface_hub
f5c2c24cbc6c87552b9c473d0fdb3e08a41be2f2,2026-06-30T13:29:43+00:00,Upload datasets.parquet with huggingface_hub
b3ded430ce5a974848e227f7e7f0b67228788577,2026-06-30T13:27:34+00:00,Upload spaces.parquet with huggingface_hub
759a0f200509ee18630395c5c65fc5c354a4635c,2026-06-30T13:25:13+00:00,Upload models.parquet with huggingface_hub
0dfd603710d73890c60af6cd8d9e72aeb1faf46b,2026-06-30T13:18:02+00:00,Upload arxiv_papers.parquet with huggingface_hub
499c7a6a97bb281f84fe1155e17f0712401487a4,2026-06-30T13:17:52+00:00,Upload daily_papers.parquet with huggingface_hub
b99a770eee134a6d41658ff2a969863d072ec770,2026-06-29T13:37:26+00:00,Upload posts.parquet with huggingface_hub
4a9b69e91951732ffdd47e4cff7f8ce49828b1a9,2026-06-29T13:37:25+00:00,Upload datasets.parquet with huggingface_hub
335c440fef8f0c9562af8d808d7879f1ccc879a7,2026-06-29T13:34:25+00:00,Upload spaces.parquet with huggingface_hub
d31b8ca375e0cdaba28f9f30621814a904b95e1b,2026-06-29T13:30:56+00:00,Upload models.parquet with huggingface_hub
319a625093d624fbf6f7da8715317fd2c3334402,2026-06-29T13:20:06+00:00,Upload arxiv_papers.parquet with huggingface_hub
ba20e7d2600ee5a0b0396fe32fd1c8afc0702ad6,2026-06-29T13:19:52+00:00,Upload daily_papers.parquet with huggingface_hub
79ea547403d2144299fe70ebd7108bb5b9b48ea0,2026-06-28T13:31:37+00:00,Upload posts.parquet with huggingface_hub
f70f83dffa75e96a4859ac53ed60a02fbe23937c,2026-06-28T13:31:36+00:00,Upload datasets.parquet with huggingface_hub
cc3efc02ffa2d9218fdea997c735fa9990c6339f,2026-06-28T13:29:23+00:00,Upload spaces.parquet with huggingface_hub
0611be870ca8f4d8d588a81929733ece4a87b617,2026-06-28T13:26:43+00:00,Upload models.parquet with huggingface_hub
99826fef4c9f796f959a70bc1e2056db16688c57,2026-06-28T13:18:10+00:00,Upload arxiv_papers.parquet with huggingface_hub
a194d32bf4c04ed5b7c125b28a16533442e3e4cc,2026-06-28T13:17:59+00:00,Upload daily_papers.parquet with huggingface_hub
24b088e3d9f89e4959383ab43bc9349f885dd2b4,2026-06-27T13:28:15+00:00,Upload posts.parquet with huggingface_hub
814e20ec799eeb5f97d9a2813d755f8da9aa96c6,2026-06-27T13:28:14+00:00,Upload datasets.parquet with huggingface_hub
4e38b767720e66de91b1fa691f5c5d7b61f15539,2026-06-27T13:26:09+00:00,Upload spaces.parquet with huggingface_hub
7e5d642b3147878ff915a1a1d17f5adc600ee812,2026-06-27T13:23:50+00:00,Upload models.parquet with huggingface_hub
4a84f03c5448093767fca6cf3254ed07ba52ddc6,2026-06-27T13:16:44+00:00,Upload arxiv_papers.parquet with huggingface_hub
ee4b3a934c5143d1457b6226f896dac49a0c5f83,2026-06-27T13:16:34+00:00,Upload daily_papers.parquet with huggingface_hub
640646307cf7629fc69da2fcb122a9a0a58ea77d,2026-06-26T13:28:21+00:00,Upload posts.parquet with huggingface_hub
030c487055c3d807bb188efa8a30dcda6ad47dac,2026-06-26T13:28:19+00:00,Upload datasets.parquet with huggingface_hub
e75d4af596cffa2008b860744373fd62ff86599f,2026-06-26T13:26:21+00:00,Upload spaces.parquet with huggingface_hub
deb315722edfb08f5f71cd9ce4fd6c9691835333,2026-06-26T13:24:05+00:00,Upload models.parquet with huggingface_hub
6af5f5cd6babd7ba34b93a6f8e3b958190ae3c78,2026-06-26T13:17:06+00:00,Upload arxiv_papers.parquet with huggingface_hub
f479b1e5e1efec1fd9694406d9a5993cf88ad722,2026-06-26T13:16:56+00:00,Upload daily_papers.parquet with huggingface_hub
524eb8a4e536bb52f20718572db1aae29ea28904,2026-06-25T13:32:42+00:00,Upload posts.parquet with huggingface_hub
6ca866769bda8d831031ead893079b155fe2fb88,2026-06-25T13:32:41+00:00,Upload datasets.parquet with huggingface_hub
b4475d1e4ee749c918e66a299e96f3889973939e,2026-06-25T13:30:11+00:00,Upload spaces.parquet with huggingface_hub
205ea9ff39fa0b7f0f76f3d080c6f3cfeeb8e1b5,2026-06-25T13:27:23+00:00,Upload models.parquet with huggingface_hub
4c104530a0e5fc540120a542331dfded56ba4ede,2026-06-25T13:18:13+00:00,Upload arxiv_papers.parquet with huggingface_hub
af74c6f592dc5e95976b28f32b7ee8728f348ae0,2026-06-25T13:18:02+00:00,Upload daily_papers.parquet with huggingface_hub
507e38602b99bf68f738cdcc0fe0aa65f6495602,2026-06-24T13:32:57+00:00,Upload posts.parquet with huggingface_hub
f3c20024c4874ac61a162e2888aa98b8dc998968,2026-06-24T13:32:56+00:00,Upload datasets.parquet with huggingface_hub
76cb99ef0f37e474756d5ad560dfcc0c871504cf,2026-06-24T13:30:28+00:00,Upload spaces.parquet with huggingface_hub
c8f665616ca973a82c8d37611457ba584f8a7c11,2026-06-24T13:27:45+00:00,Upload models.parquet with huggingface_hub
46c90aafe69df60e9081f0dd0107b7299e0e3dbb,2026-06-24T13:19:18+00:00,Upload arxiv_papers.parquet with huggingface_hub
bf6da48d07baca535b2b3ec39764d205ee861deb,2026-06-24T13:19:07+00:00,Upload daily_papers.parquet with huggingface_hub
b5f2e05c1e9080a3739f27cb67e96e52283ca282,2026-06-23T13:29:15+00:00,Upload posts.parquet with huggingface_hub
5d012cabd518cc81b4cf3a2c931f2976ffb5c0bb,2026-06-23T13:29:14+00:00,Upload datasets.parquet with huggingface_hub
07e50c6c91db7f9a3d4b13dd0440abd7a308307e,2026-06-23T13:27:07+00:00,Upload spaces.parquet with huggingface_hub
45672aae2b8528b90392cc6aa1dc8b3ec09e8d43,2026-06-23T13:24:46+00:00,Upload models.parquet with huggingface_hub
c6d8ed882176fcacdf926ced06cef57a12fad077,2026-06-23T13:17:36+00:00,Upload arxiv_papers.parquet with huggingface_hub
8867f60204e86d2f21e145d82485cf99d6268bcf,2026-06-23T13:17:25+00:00,Upload daily_papers.parquet with huggingface_hub
e7931430223072016bb1240149a4c3be4550a13b,2026-06-22T13:30:36+00:00,Upload posts.parquet with huggingface_hub
4f6aff97ee02e4ee3d74d5f5195c1210e5b182db,2026-06-22T13:30:35+00:00,Upload datasets.parquet with huggingface_hub
3636546f90804e8489237c9b03c5aaf82c875713,2026-06-22T13:28:27+00:00,Upload spaces.parquet with huggingface_hub
c6ab1ad237e7f3ea59ada683549478ee979856ec,2026-06-22T13:26:02+00:00,Upload models.parquet with huggingface_hub
5cf97473b5206f69c59de4be0e6fd77eaa65a865,2026-06-22T13:18:27+00:00,Upload arxiv_papers.parquet with huggingface_hub
4d7976db38e91238b723773e67e3237e72b6a7a5,2026-06-22T13:18:17+00:00,Upload daily_papers.parquet with huggingface_hub
8960150a1625f15db06bed733d9611bc3423b29e,2026-06-21T13:28:47+00:00,Upload posts.parquet with huggingface_hub
a0efd9eb0dda61acad2b1f814d444d5f9b2ed460,2026-06-21T13:28:47+00:00,Upload datasets.parquet with huggingface_hub
387cc1e9108e9a80800b7c73602c38ca07467877,2026-06-21T13:26:40+00:00,Upload spaces.parquet with huggingface_hub
d0d611b4e18334390cf47f78a5d0f9aef49e9964,2026-06-21T13:24:18+00:00,Upload models.parquet with huggingface_hub
a70eb3a3482666432cfcd3bbea9e6009bf262193,2026-06-21T13:17:02+00:00,Upload arxiv_papers.parquet with huggingface_hub
6b08463a7732ab72883b59d9eb33ed45295041d3,2026-06-21T13:16:52+00:00,Upload daily_papers.parquet with huggingface_hub
757a155a2b41e7fea7d797db023eebb1a155e07f,2026-06-20T13:32:03+00:00,Upload posts.parquet with huggingface_hub
30e3982e2b2c9fb9511a91d56e1c24d15ea7997e,2026-06-20T13:32:02+00:00,Upload datasets.parquet with huggingface_hub
e4a5eccaf12b123bae1c1d1a9e538c806cd2e0d1,2026-06-20T13:29:54+00:00,Upload spaces.parquet with huggingface_hub
a82d16358841d4c1aff4cbd494649caeb0f1abad,2026-06-20T13:27:27+00:00,Upload models.parquet with huggingface_hub
90e5b31db8b70d69c27a521a48e73fa26274e681,2026-06-20T13:19:45+00:00,Upload arxiv_papers.parquet with huggingface_hub
b7502f0d250f4dd5c08be2e68eb4e667f9c019dd,2026-06-20T13:19:35+00:00,Upload daily_papers.parquet with huggingface_hub
683e293a9ee7dd73c2296e8d690aaf31d0fc1d6c,2026-06-19T13:28:55+00:00,Upload posts.parquet with huggingface_hub
32ea58595d535e96aea255a3122f25e1bd07a926,2026-06-19T13:28:54+00:00,Upload datasets.parquet with huggingface_hub
366aa138f24b8b04d396a2da134e008b3321f3fc,2026-06-19T13:26:44+00:00,Upload spaces.parquet with huggingface_hub
b4c6abba037799609163c3a30c5fafe028d28862,2026-06-19T13:24:27+00:00,Upload models.parquet with huggingface_hub
8aa14c81afda339c9703ab9a09c4eab9e9b439f4,2026-06-19T13:17:24+00:00,Upload arxiv_papers.parquet with huggingface_hub
23bb0cf294690457e8f18dadb3c2f58767e0ec16,2026-06-19T13:17:15+00:00,Upload daily_papers.parquet with huggingface_hub
29203fdf8edc28b2a7f36d7526c1cc8db50ebe5e,2026-06-18T13:28:37+00:00,Upload posts.parquet with huggingface_hub
a9bfe772db1e2c076c1468dafc65b35364cbfd57,2026-06-18T13:28:36+00:00,Upload datasets.parquet with huggingface_hub
f8b49386f8b82bf2d8e5cb005be743c4f363773c,2026-06-18T13:26:30+00:00,Upload spaces.parquet with huggingface_hub
6695d7a0e152580039012ecf39d3d83343cca1dd,2026-06-18T13:24:12+00:00,Upload models.parquet with huggingface_hub
28bb32190df89547ece6b6175abd83c29b2f4399,2026-06-18T13:16:57+00:00,Upload arxiv_papers.parquet with huggingface_hub
43d172a1e3a24adedbd99c1fb199330160ea3544,2026-06-18T13:16:47+00:00,Upload daily_papers.parquet with huggingface_hub
0d5c94cbf3d2616ec7642b8cc8a96af7f4afe9c7,2026-06-17T13:29:44+00:00,Upload posts.parquet with huggingface_hub
2b1dfbd53ae59d0f088a9fd75072f66b62d6e37e,2026-06-17T13:29:42+00:00,Upload datasets.parquet with huggingface_hub
8cd72f5172b75b6a9804d9d6c4caafc0fa91156f,2026-06-17T13:27:33+00:00,Upload spaces.parquet with huggingface_hub
1a16d9cfd8341c686f84d951e5ffc5e1626e7ec5,2026-06-17T13:25:14+00:00,Upload models.parquet with huggingface_hub
7268cb26f089ed86211686419d57a76ccb31c7cd,2026-06-17T13:17:54+00:00,Upload arxiv_papers.parquet with huggingface_hub
d69105d93ba5161124fbd383ae67a8ea0f1792fe,2026-06-17T13:17:42+00:00,Upload daily_papers.parquet with huggingface_hub
06ddcebad8fc8fe1c9bb5c4212c78023776dca91,2026-06-16T13:28:32+00:00,Upload posts.parquet with huggingface_hub
10309dc59af0a3f621acdb84541cea4e410e471e,2026-06-16T13:28:31+00:00,Upload datasets.parquet with huggingface_hub
c91feeed7c3f68148573d5eec14abe1e526f13a6,2026-06-16T13:26:30+00:00,Upload spaces.parquet with huggingface_hub
418c1ff8143970b27536124a25de7065bc3f73e5,2026-06-16T13:24:16+00:00,Upload models.parquet with huggingface_hub
91a669ceb60f8d46693fce1c366a8dff5298a9b3,2026-06-16T13:17:17+00:00,Upload arxiv_papers.parquet with huggingface_hub
aef6bd3c720b53533a7b6ee9bb19b87896b14f7e,2026-06-16T13:17:07+00:00,Upload daily_papers.parquet with huggingface_hub
d17fe234f3e6af16e9a4a209bb35bccef7e3c989,2026-06-15T13:29:54+00:00,Upload posts.parquet with huggingface_hub
be0e1bf9062d67b50ff27e3c1575392754ff9a03,2026-06-15T13:29:52+00:00,Upload datasets.parquet with huggingface_hub
492b0d600fb0fa9f25cf05e000b20780327c16ce,2026-06-15T13:27:44+00:00,Upload spaces.parquet with huggingface_hub
ac80c6994759d6872d6a5f259969245b24e4e24b,2026-06-15T13:25:24+00:00,Upload models.parquet with huggingface_hub
db1b682b29f1e8c4de032b424bc32c11b1799e7e,2026-06-15T13:17:38+00:00,Upload arxiv_papers.parquet with huggingface_hub
3b637f4bd6ab43b6496f6769dcf862333b8f86b3,2026-06-15T13:17:28+00:00,Upload daily_papers.parquet with huggingface_hub
7ba25f565b765023c4e1c04a737966ca01a2ddd0,2026-06-14T13:31:05+00:00,Upload posts.parquet with huggingface_hub
20f0fa62f75af89eed7e755f7c2102534620b717,2026-06-14T13:31:03+00:00,Upload datasets.parquet with huggingface_hub
aa308e1461d32141f94c68ad01c5463e9d0e5eb4,2026-06-14T13:28:39+00:00,Upload spaces.parquet with huggingface_hub
d1fde020e9a1a040289c12c2f2c2be736ded3cab,2026-06-14T13:25:39+00:00,Upload models.parquet with huggingface_hub
0096504a28fc730852c5a979174d9f1bc693ee0f,2026-06-14T13:17:27+00:00,Upload arxiv_papers.parquet with huggingface_hub
7583b4de45255510d290785c85749ebe689cd9ec,2026-06-14T13:17:16+00:00,Upload daily_papers.parquet with huggingface_hub
c725052a5c3590d89e331795748d1a26527e803c,2026-06-13T13:30:28+00:00,Upload posts.parquet with huggingface_hub
cfbe38409625b1d17a0ac5dee22b8e8a00abd644,2026-06-13T13:30:26+00:00,Upload datasets.parquet with huggingface_hub
4bcccf1b4677115ca1a25d6dc5d4cda6985c2e05,2026-06-13T13:28:14+00:00,Upload spaces.parquet with huggingface_hub
424a0e401475a0534adfa456956a230e763b05ab,2026-06-13T13:25:42+00:00,Upload models.parquet with huggingface_hub
8c4c0a9b6f53eff73a11fe2c09e1e0e48c44f079,2026-06-13T13:18:05+00:00,Upload arxiv_papers.parquet with huggingface_hub
474cce036f50e8a919f297cca3a9e8e1f1620246,2026-06-13T13:17:54+00:00,Upload daily_papers.parquet with huggingface_hub
b531cc1487ea4b0dafaa90243b10542c20dc8f76,2026-06-12T13:29:24+00:00,Upload posts.parquet with huggingface_hub
6dd51c5390a3efac412ced52da33f8b3deb92a17,2026-06-12T13:29:22+00:00,Upload datasets.parquet with huggingface_hub
792ef8be3586cc23dc3ba309c585b7fddc5dc46e,2026-06-12T13:27:15+00:00,Upload spaces.parquet with huggingface_hub
41f5c5a4ca0327cfff8198fc375c249e71112321,2026-06-12T13:24:53+00:00,Upload models.parquet with huggingface_hub
37505d8943f87470185b39f89505626eef082b55,2026-06-12T13:17:16+00:00,Upload arxiv_papers.parquet with huggingface_hub
bd30c38b8873fc8c3034b9021dc93b929a6b735f,2026-06-12T13:17:05+00:00,Upload daily_papers.parquet with huggingface_hub
6cf2f1f10bafbd3afadf53ec6065d1e77a3ed39c,2026-06-11T14:16:35+00:00,Upload posts.parquet with huggingface_hub
785312a9b5357e0c825c4e2cb8ef2f12d6faa803,2026-06-11T14:16:34+00:00,Upload datasets.parquet with huggingface_hub
ec8c850c8ac0ffb3fef6e50720ded0693c852eb2,2026-06-11T14:14:34+00:00,Upload spaces.parquet with huggingface_hub
c67c719f7031a3c1593d01f00020842c7e3ddd09,2026-06-11T14:12:24+00:00,Upload models.parquet with huggingface_hub
54da35a347a5c82c3fc76d02af120668495d1274,2026-06-11T14:05:29+00:00,Upload arxiv_papers.parquet with huggingface_hub
feba5426e145255aa8e1aa7045cae32c06fff0cc,2026-06-11T14:05:19+00:00,Upload daily_papers.parquet with huggingface_hub
c755466ae22e181b296f35ffd4ac1f13b366d51e,2026-06-11T13:17:17+00:00,Upload arxiv_papers.parquet with huggingface_hub
c33cd2ccf1bc94386b9d743a16e0d03d8de4e6d7,2026-06-11T13:17:08+00:00,Upload daily_papers.parquet with huggingface_hub
2fd2e82a158f8209a8861493971483e8a994d182,2026-06-10T13:17:08+00:00,Upload arxiv_papers.parquet with huggingface_hub
9263fccf4c2eb164788cd9e0dc53f46d0f5d7bf0,2026-06-10T13:17:00+00:00,Upload daily_papers.parquet with huggingface_hub
0dd6ad47cbe584e4b314fe5ac1c8562054e82c29,2026-06-09T13:17:32+00:00,Upload arxiv_papers.parquet with huggingface_hub
418be1f5ef02242a865564848424f835bd1260a2,2026-06-09T13:17:23+00:00,Upload daily_papers.parquet with huggingface_hub
ed28dd63c2602924d0c9002a449fa686d26c03c0,2026-06-08T13:16:37+00:00,Upload arxiv_papers.parquet with huggingface_hub
0755a75c4eba96acac7cf33bb81ea873de7f83ca,2026-06-08T13:16:29+00:00,Upload daily_papers.parquet with huggingface_hub
4259e5a3cd1460838285a9c74f35961c788b89af,2026-06-07T13:16:44+00:00,Upload arxiv_papers.parquet with huggingface_hub
b0ec8ae8f2e1ef352805dea4bc46d277548a0894,2026-06-07T13:16:37+00:00,Upload daily_papers.parquet with huggingface_hub
af8a819b02bf2bd239d02ef40aed3b992b71f2c3,2026-06-06T13:16:02+00:00,Upload arxiv_papers.parquet with huggingface_hub
bc7ad21dd67600e17f15b26c334a65f7858a60e5,2026-06-06T13:15:54+00:00,Upload daily_papers.parquet with huggingface_hub
ef359cc387829799d73083eae5d1569efdbd3c47,2026-06-05T13:17:03+00:00,Upload arxiv_papers.parquet with huggingface_hub
df2c46ea24207b5d3e9501e6edc7c5c38cbb28ed,2026-06-05T13:16:55+00:00,Upload daily_papers.parquet with huggingface_hub
f0d1511826fa45036606dd857fa15d9a549e548b,2026-06-04T13:22:28+00:00,Upload arxiv_papers.parquet with huggingface_hub
5cf768d98103d72ac8791092ed3d0181ebf21bcc,2026-06-04T13:22:20+00:00,Upload daily_papers.parquet with huggingface_hub
ab3f65e470fa764f70b61264c565968b8e1bfc84,2026-06-03T13:17:42+00:00,Upload arxiv_papers.parquet with huggingface_hub
c58fb9e3b47775dc383b2a34cd3b9bf70b7ff91b,2026-06-03T13:17:32+00:00,Upload daily_papers.parquet with huggingface_hub
54f5b7d33b07b4750801638ec6844d60926009c5,2026-06-02T13:17:39+00:00,Upload arxiv_papers.parquet with huggingface_hub
ab0f52762b6fc8e4d89a04eb8837526649cea95a,2026-06-02T13:17:30+00:00,Upload daily_papers.parquet with huggingface_hub
2c1f94e95c867f6cd72ddc4bae63b9fa9211bff3,2026-06-01T13:18:02+00:00,Upload arxiv_papers.parquet with huggingface_hub
8f913d56f3a0c442bdfc99831e52e4c9a9f6432d,2026-06-01T13:17:52+00:00,Upload daily_papers.parquet with huggingface_hub
3f3cdd424cff1de882b7af5232372cfc28e0d6f8,2026-05-31T13:17:15+00:00,Upload arxiv_papers.parquet with huggingface_hub
346474a546aadbaaa63755e98dafd17f25c6f3e6,2026-05-31T13:17:07+00:00,Upload daily_papers.parquet with huggingface_hub
23baf61f5cb63c70abc9d871ec36563cd1a85f4b,2026-05-30T13:16:47+00:00,Upload arxiv_papers.parquet with huggingface_hub
e19d8ac8ff00a50084a8d93a2b7c9214e9df728c,2026-05-30T13:16:38+00:00,Upload daily_papers.parquet with huggingface_hub
8a53b8c2da29c9c518925a4882b9271d3636daf6,2026-05-29T13:17:40+00:00,Upload arxiv_papers.parquet with huggingface_hub
9b0877bb1345ca44fcb77e62bac1453166583527,2026-05-29T13:17:32+00:00,Upload daily_papers.parquet with huggingface_hub
cddd35ccdbe30b6c922509932b2f863531e57fd9,2026-05-28T13:20:12+00:00,Upload arxiv_papers.parquet with huggingface_hub
38fe508fbacc388ecc92b4f586a080bbd3666666,2026-05-28T13:20:01+00:00,Upload daily_papers.parquet with huggingface_hub
5eb3b1bb760fa3490d1e7f148e14f15cd0f4e7bc,2026-05-27T13:17:00+00:00,Upload arxiv_papers.parquet with huggingface_hub
92d689866a726b22bbd249f82188a234af0064d2,2026-05-27T13:16:52+00:00,Upload daily_papers.parquet with huggingface_hub
6f620aab1c95d7eb8b4507a492f6ab89e9a6e675,2026-05-26T13:18:36+00:00,Upload arxiv_papers.parquet with huggingface_hub
0720db3b4c0f2c9ecf5851d39753fd60b0b04c0b,2026-05-26T13:18:26+00:00,Upload daily_papers.parquet with huggingface_hub
483b261c3298e00f6e92c0611b0378abb57835f9,2026-05-25T13:16:23+00:00,Upload arxiv_papers.parquet with huggingface_hub
15e584e0b8c4e12f5ad837bd644fed7eda6ed172,2026-05-25T13:16:15+00:00,Upload daily_papers.parquet with huggingface_hub
fd353a177fd46fee165c326a87dde6a24c7803d2,2026-05-24T13:16:48+00:00,Upload arxiv_papers.parquet with huggingface_hub
5822c7c9281117402d20900f6cdf2397d2514c6a,2026-05-24T13:16:40+00:00,Upload daily_papers.parquet with huggingface_hub
408d12eee81283a2115b30411eef2e1c7470c7be,2026-05-23T13:23:37+00:00,Upload posts.parquet with huggingface_hub
91c72d6748f468c69e286b8fab96d8fe5bdad65e,2026-05-23T13:23:35+00:00,Upload datasets.parquet with huggingface_hub
e2bb25b55e8b72d0753df74c7e98f4b40c8c9131,2026-05-23T13:22:10+00:00,Upload spaces.parquet with huggingface_hub
b1908c6ddd9c712566ccea085943e2dbb2fbf78b,2026-05-23T13:20:55+00:00,Upload models.parquet with huggingface_hub
61c826ca6d6092856bc74be3354ea5f2554289d7,2026-05-23T13:17:01+00:00,Upload arxiv_papers.parquet with huggingface_hub
5c7eb65d4293a7d8c7d48780f34d4bf44c473fb8,2026-05-23T13:16:52+00:00,Upload daily_papers.parquet with huggingface_hub
b588dbcdc2f49d5c287cfeb966c3f086807cf437,2026-05-22T13:22:43+00:00,Upload posts.parquet with huggingface_hub
dc5f00ba523b5bb9aa6a0be86b27c8fcf57209c4,2026-05-22T13:22:41+00:00,Upload datasets.parquet with huggingface_hub
ee0cd99504ceba3dc959452de70778ec0fcb9eeb,2026-05-22T13:21:35+00:00,Upload spaces.parquet with huggingface_hub
31b39c96e19e443ae478235bdc094f9baeb34bd8,2026-05-22T13:20:19+00:00,Upload models.parquet with huggingface_hub
45b69e87132f2c3a52c8ab4b63d0ddd093469c86,2026-05-22T13:17:03+00:00,Upload arxiv_papers.parquet with huggingface_hub
eb0f23a8c4c48ffe7dd1416ad8bcccdda6e361c6,2026-05-22T13:16:55+00:00,Upload daily_papers.parquet with huggingface_hub
7b09fd57d0348c4a6b32531a9cb2127e5c2bdddc,2026-05-21T13:22:50+00:00,Upload posts.parquet with huggingface_hub
dbef078657abb601117dd0923d84b5840ddbb199,2026-05-21T13:22:47+00:00,Upload datasets.parquet with huggingface_hub
9d3fab2d68ca6501047bb0d5e42af2f959889d6f,2026-05-21T13:21:43+00:00,Upload spaces.parquet with huggingface_hub
6d22f01997c52dd94aef31c88492e341e566dd48,2026-05-21T13:20:35+00:00,Upload models.parquet with huggingface_hub
dae681b315d37a8f78356617387da06cacd79e6e,2026-05-21T13:17:07+00:00,Upload arxiv_papers.parquet with huggingface_hub
2ad95a489c6fae71dc96c9638d896fd7de494866,2026-05-21T13:16:59+00:00,Upload daily_papers.parquet with huggingface_hub
a92fc6383d48bfc00a745c2a8dccdf5fbf2031c3,2026-05-20T13:22:07+00:00,Upload posts.parquet with huggingface_hub
e6006e00ef2347a9d5e608a25a48a62e9f4734f0,2026-05-20T13:22:04+00:00,Upload datasets.parquet with huggingface_hub
8415189f0cdb05dce6bc9102f0ed4646bed1c416,2026-05-20T13:20:59+00:00,Upload spaces.parquet with huggingface_hub
ab9fec8140a110407e91ab24a296c8d412c94b6d,2026-05-20T13:19:44+00:00,Upload models.parquet with huggingface_hub
fd23714e224b9595bcb39305e6bb9b1fa135e66f,2026-05-20T13:16:26+00:00,Upload arxiv_papers.parquet with huggingface_hub
dc3598538108ab638ffd24d0fa0dd668e8345fbe,2026-05-20T13:16:18+00:00,Upload daily_papers.parquet with huggingface_hub
2cd2c23ff4284bb82d43c2c90b27928ee8b431b9,2026-05-19T13:23:22+00:00,Upload posts.parquet with huggingface_hub
20323406c87c525c8a9259ce1572432b32d2ff50,2026-05-19T13:23:20+00:00,Upload datasets.parquet with huggingface_hub
c738243fc4fdd8d375de71222c59f2b854b7c2a2,2026-05-19T13:22:09+00:00,Upload spaces.parquet with huggingface_hub
2614b062c6206f4f142627f34cf3c79675f54da9,2026-05-19T13:20:56+00:00,Upload models.parquet with huggingface_hub
0aeabf4ed9ff388f8ada3ca3af7c39289129fed4,2026-05-19T13:17:04+00:00,Upload arxiv_papers.parquet with huggingface_hub
837357d8cd2395f40b4982daec17e5e91593d11e,2026-05-19T13:16:55+00:00,Upload daily_papers.parquet with huggingface_hub
4126ca9f2a8c77cfaac2cf91fd0809abc17bccf9,2026-05-18T13:16:46+00:00,Upload arxiv_papers.parquet with huggingface_hub
50bd6070e482322c699093e893a2e57c25da437d,2026-05-18T13:16:37+00:00,Upload daily_papers.parquet with huggingface_hub
363641440cfa8b446ea14fa14ff9e20ba9b04cc5,2026-05-17T13:16:19+00:00,Upload arxiv_papers.parquet with huggingface_hub
e25217c3d7c98d0949746d5fc335101a099f23d7,2026-05-17T13:16:11+00:00,Upload daily_papers.parquet with huggingface_hub
6c2865034bf039cd62bab3e6f61bbc5977e4a7d2,2026-05-16T13:17:13+00:00,Upload arxiv_papers.parquet with huggingface_hub
f94206fbf23b23d55c5c3a05f19d446ea88bcb70,2026-05-16T13:17:02+00:00,Upload daily_papers.parquet with huggingface_hub
575af129f56b2fe62ee526f2818b84ba839e707d,2026-05-15T13:21:37+00:00,Upload posts.parquet with huggingface_hub
cfec2c4ced26f74c57f3cde7c7c22c04e7dfc6d3,2026-05-15T13:21:35+00:00,Upload datasets.parquet with huggingface_hub
794d11f6e85652355836ecdef008cf3dd8e861e7,2026-05-15T13:20:31+00:00,Upload spaces.parquet with huggingface_hub
2b6e505e6ecbed3f3cb1e55b00234f37f6341726,2026-05-15T13:19:23+00:00,Upload models.parquet with huggingface_hub
ef9a1853252c9500fe64775fa5db18c93c6387bb,2026-05-15T13:15:57+00:00,Upload arxiv_papers.parquet with huggingface_hub
0f39b8f2476f7a95ae85604c7218bce95bd5c3c0,2026-05-15T13:15:49+00:00,Upload daily_papers.parquet with huggingface_hub
c5e1c08b3eca83d2b2505309e4aa59050999b1a2,2026-05-14T13:22:43+00:00,Upload posts.parquet with huggingface_hub
606e344d9a489b0950560390de033df1ddca014c,2026-05-14T13:22:41+00:00,Upload datasets.parquet with huggingface_hub
13acfef8f7e84dcba88c8f9a270ccb4cde81f26f,2026-05-14T13:21:35+00:00,Upload spaces.parquet with huggingface_hub
83e086d848913fdad5f2395845bc7e1140991f39,2026-05-14T13:20:17+00:00,Upload models.parquet with huggingface_hub
ac9ed167f32057493e67125ce7df1592b069045c,2026-05-14T13:16:49+00:00,Upload arxiv_papers.parquet with huggingface_hub
a5f0ae9b5fd663302bf46cbd839faca45b6ae194,2026-05-14T13:16:41+00:00,Upload daily_papers.parquet with huggingface_hub
775a08ae4501a2be01d19741b494c0bfe54a1111,2026-05-13T13:22:30+00:00,Upload posts.parquet with huggingface_hub
15e96d91ac777ece5249d1acf1ee07cb8aa44129,2026-05-13T13:22:28+00:00,Upload datasets.parquet with huggingface_hub
98e5ee1570a5039b8a2a7de63d26439d0d43ce6d,2026-05-13T13:21:23+00:00,Upload spaces.parquet with huggingface_hub
f7017894965e778d693bc8e816074a0574c583c5,2026-05-13T13:20:18+00:00,Upload models.parquet with huggingface_hub
8e6824d03c7d7341a9d5573e7b82e3b69cc2150d,2026-05-13T13:16:54+00:00,Upload arxiv_papers.parquet with huggingface_hub
80aca828b5a45c7a2a101b740f5b63f78e9b3615,2026-05-13T13:16:46+00:00,Upload daily_papers.parquet with huggingface_hub
3c9ea3e658969f71d7162e62eeddafb57e7d9dfb,2026-05-12T13:26:01+00:00,Upload posts.parquet with huggingface_hub
43867b012535b9398989c3cd2678eb35f8cad752,2026-05-12T13:25:59+00:00,Upload datasets.parquet with huggingface_hub
4ce05966b84c6f7ad45530134462c2128754d5ba,2026-05-12T13:24:37+00:00,Upload spaces.parquet with huggingface_hub
7064458e218dff529967f60bcea11b2f6449ee65,2026-05-12T13:22:55+00:00,Upload models.parquet with huggingface_hub
2702402310c410248bb62b06f044e1a75a43efee,2026-05-12T13:18:14+00:00,Upload arxiv_papers.parquet with huggingface_hub
03f9a9ef2796bbd22154202a41c14471408c0f94,2026-05-12T13:18:05+00:00,Upload daily_papers.parquet with huggingface_hub
384e0d410ad7096e12fef428b90f2fe87fccecff,2026-05-11T13:26:00+00:00,Upload posts.parquet with huggingface_hub
38fc4e9c4d3788fa37fd8b4c63c56074a360a578,2026-05-11T13:25:58+00:00,Upload datasets.parquet with huggingface_hub
213f78144bea9b0499a8f66b0306e881ae58c1c4,2026-05-11T13:24:30+00:00,Upload spaces.parquet with huggingface_hub
9a054f32e078071f35a1a699869f20cd9f11f7f8,2026-05-11T13:22:46+00:00,Upload models.parquet with huggingface_hub
edde6807da34b527b754006cebfea5dd9a14b644,2026-05-11T13:17:53+00:00,Upload arxiv_papers.parquet with huggingface_hub
f6c8aa71509ebde4b07450c84aab7c8a3bd1e6ff,2026-05-11T13:17:43+00:00,Upload daily_papers.parquet with huggingface_hub
9f55d213a1ab239adce3d045fcec415a2d56159b,2026-05-10T13:21:39+00:00,Upload posts.parquet with huggingface_hub
93b361f099fd9ac9bec8cc62aaa87ea159c0a819,2026-05-10T13:21:36+00:00,Upload datasets.parquet with huggingface_hub
a56b05ec3e1de5986e423dbc7467bfc2d477a440,2026-05-10T13:20:30+00:00,Upload spaces.parquet with huggingface_hub
2f0b8fe0cc4e4e21b5156452891db47cb8c3b79d,2026-05-10T13:19:12+00:00,Upload models.parquet with huggingface_hub
1f0db1648b0eda08e788bd26c0a9fe91e7970a49,2026-05-10T13:16:01+00:00,Upload arxiv_papers.parquet with huggingface_hub
8f5a2507d9bd0b869c7fc7f9d6d7855ca0514ed7,2026-05-10T13:15:53+00:00,Upload daily_papers.parquet with huggingface_hub
8a586585f8331cdf864b4a1781f79d7ccd10789d,2026-05-09T13:21:19+00:00,Upload posts.parquet with huggingface_hub
7179174540ac518edea0432d817ce2624dac9486,2026-05-09T13:21:17+00:00,Upload datasets.parquet with huggingface_hub
816aae61b9f8d31c9ee9a29ff2519c384921e81c,2026-05-09T13:20:12+00:00,Upload spaces.parquet with huggingface_hub
6314e33bde9b842a6bc47fa2f971803373305aee,2026-05-09T13:19:01+00:00,Upload models.parquet with huggingface_hub
549e6f13b726a953e57e15fc2db30ccbd77003c2,2026-05-09T13:15:45+00:00,Upload arxiv_papers.parquet with huggingface_hub
5b22f6c8956b17bc7139fe5aa31bd28af623e564,2026-05-09T13:15:38+00:00,Upload daily_papers.parquet with huggingface_hub
12dd0350857ed9a31e4df76cf171a965e43e56ef,2026-05-08T13:21:30+00:00,Upload posts.parquet with huggingface_hub
083ce58063e63018d413157db9782f70b1fef994,2026-05-08T13:21:28+00:00,Upload datasets.parquet with huggingface_hub
05c1b46e0d0b37820ecd7df6b9423d655ede07e7,2026-05-08T13:20:23+00:00,Upload spaces.parquet with huggingface_hub
36883a3f96afa3ed757b0f5b83bd73ce4ff78179,2026-05-08T13:19:10+00:00,Upload models.parquet with huggingface_hub
8156a2adefa50c96f29ada927cdd5f4097aeff21,2026-05-08T13:15:47+00:00,Upload arxiv_papers.parquet with huggingface_hub
7a840576fbbea0abf24982f0615fca99eff5b145,2026-05-08T13:15:39+00:00,Upload daily_papers.parquet with huggingface_hub
2fc770a4f62fd842bbca5c539baa65cd04702679,2026-05-07T13:33:23+00:00,Upload posts.parquet with huggingface_hub
d5adb72ca649da6fd3145cfdc02d65ca64eb0e38,2026-05-07T13:33:21+00:00,Upload datasets.parquet with huggingface_hub
72b3bb4abe4803a3842359f0040f67fdca80562b,2026-05-07T13:31:35+00:00,Upload spaces.parquet with huggingface_hub
86fd7f0f59cddce3d847ef140c9c0a269f17e398,2026-05-07T13:29:43+00:00,Upload models.parquet with huggingface_hub
9893dafe31309c099f4dd4a03f78ae4679b8f1c0,2026-05-07T13:23:30+00:00,Upload arxiv_papers.parquet with huggingface_hub
bf698b9b195ceeec526f1de15c05a14d4f0ef8be,2026-05-07T13:23:15+00:00,Upload daily_papers.parquet with huggingface_hub
7ba3280a46978043d879bd1bdb54d821ec578eb2,2026-05-06T13:22:14+00:00,Upload posts.parquet with huggingface_hub
4432bfd750ad3d1d50152a9e147f240149eef894,2026-05-06T13:22:12+00:00,Upload datasets.parquet with huggingface_hub
4b5074a6b26414809c6184db2e0a37f00d18cb86,2026-05-06T13:21:05+00:00,Upload spaces.parquet with huggingface_hub
3ff3d445186369a63746a0009c1c6ffc6bf92ab0,2026-05-06T13:19:54+00:00,Upload models.parquet with huggingface_hub
f9a7fe757ae706b4a4839351e917f09131d5fc6e,2026-05-06T13:16:22+00:00,Upload arxiv_papers.parquet with huggingface_hub
ec7e2bf2f0f658d23c507322b25efc4ff987ae4e,2026-05-06T13:16:14+00:00,Upload daily_papers.parquet with huggingface_hub
573fd025bce9f1de35477d400b5b2b892e38398a,2026-05-05T13:29:11+00:00,Upload posts.parquet with huggingface_hub
96d8b6e5aa54b3c12753d38fe04b270b134e8d10,2026-05-05T13:29:09+00:00,Upload datasets.parquet with huggingface_hub
99e2d130929ccad69250256772c5074f5c0d8ded,2026-05-05T13:27:30+00:00,Upload spaces.parquet with huggingface_hub
34fdfc3365e26ddbe2b0c4590784f3969490af73,2026-05-05T13:25:40+00:00,Upload models.parquet with huggingface_hub
6f75a4bd82d45c3aa408fa019ff8f374c88fa144,2026-05-05T13:20:59+00:00,Upload arxiv_papers.parquet with huggingface_hub
b1b8ba536f7f814cfd2afc3dffaff02603e59863,2026-05-05T13:20:46+00:00,Upload daily_papers.parquet with huggingface_hub
464affbcd01c1cd0869f563533044e76831b4b3c,2026-05-04T13:23:39+00:00,Upload posts.parquet with huggingface_hub
dc277609b4fb8d0eef3fc1682f981a04fdf0a60a,2026-05-04T13:23:37+00:00,Upload datasets.parquet with huggingface_hub
6e105a7a115b5afb56e32c4857a4ac59dc2d676d,2026-05-04T13:22:25+00:00,Upload spaces.parquet with huggingface_hub
4935bc43652295029a0aff04455abcb351e274ae,2026-05-04T13:21:03+00:00,Upload models.parquet with huggingface_hub
37ec3eca274258efe501f1c9195c87af09cee830,2026-05-04T13:17:27+00:00,Upload arxiv_papers.parquet with huggingface_hub
0a3c0503179ed0d12db5a9813389ef1f6d91b682,2026-05-04T13:17:17+00:00,Upload daily_papers.parquet with huggingface_hub
1dd2fb6624a7f2eeaac41324b4be52eaaa343d5b,2026-05-03T13:22:08+00:00,Upload posts.parquet with huggingface_hub
54cb5d41a8f8eeb9ea1938dcd4172e51457ea3d5,2026-05-03T13:22:06+00:00,Upload datasets.parquet with huggingface_hub
e45575108ba93a10499080a9763d43f21eb131a2,2026-05-03T13:21:03+00:00,Upload spaces.parquet with huggingface_hub
685b6c13c661e44f7d84fb6881790f916ca923d3,2026-05-03T13:19:51+00:00,Upload models.parquet with huggingface_hub
b2ea0a115db8b2c2fcfdcfc141d5a932b87abe16,2026-05-03T13:16:42+00:00,Upload arxiv_papers.parquet with huggingface_hub
12dd1121f29d1635dfc96aa6975a15a60f91cf0c,2026-05-03T13:16:34+00:00,Upload daily_papers.parquet with huggingface_hub
75f856dfacf0c23028bf5d9c1d1c59cb9dd733a8,2026-05-02T13:22:33+00:00,Upload posts.parquet with huggingface_hub
598cfd65287d7c80db31924c038d755cedcf606b,2026-05-02T13:22:31+00:00,Upload datasets.parquet with huggingface_hub
1e5ac0d1bafe49862016d2a56c8f7649cc74a196,2026-05-02T13:21:20+00:00,Upload spaces.parquet with huggingface_hub
1afcfdae2c7931841fa5240ad91749c7230df052,2026-05-02T13:19:59+00:00,Upload models.parquet with huggingface_hub
6307f95b4936e568beba4278d226e9d9699ef7cf,2026-05-02T13:16:33+00:00,Upload arxiv_papers.parquet with huggingface_hub
6d6bb3342eea27d8a8ae90694657582341787f2a,2026-05-02T13:16:25+00:00,Upload daily_papers.parquet with huggingface_hub
7077febc4fdf0eadf256ddf60d0705b26c81bd75,2026-05-01T13:22:19+00:00,Upload posts.parquet with huggingface_hub
85524d69906e03d8db3b4fc547167c162d54f46b,2026-05-01T13:22:17+00:00,Upload datasets.parquet with huggingface_hub
b9ad29cb66ce5453055c1e33b9d48878b068aec3,2026-05-01T13:21:00+00:00,Upload spaces.parquet with huggingface_hub
06da2f9de37b115e98ab92394068c335e92c80fb,2026-05-01T13:19:49+00:00,Upload models.parquet with huggingface_hub
cd8a6b382148debe758c2321e18f95639076c4b4,2026-05-01T13:16:27+00:00,Upload arxiv_papers.parquet with huggingface_hub
9efd546acf179ef02e12bb5b2bdb5d97f34e214f,2026-05-01T13:16:19+00:00,Upload daily_papers.parquet with huggingface_hub
eda4dedab762834f253129737af5e27809435c7b,2026-04-30T13:21:05+00:00,Upload posts.parquet with huggingface_hub
fc0daaeefda1dd8ae2fb4116219e641f58c6f27a,2026-04-30T13:21:03+00:00,Upload datasets.parquet with huggingface_hub
2c3d6db8ac6449b4440a528fd1a6347b98bbb9a4,2026-04-30T13:20:00+00:00,Upload spaces.parquet with huggingface_hub
021a65aa3307ee4e7fb1a76a663185d4d6084b92,2026-04-30T13:18:47+00:00,Upload models.parquet with huggingface_hub
a9148a12d0e7d0888d1008a3d620506b8a54a369,2026-04-30T13:15:37+00:00,Upload arxiv_papers.parquet with huggingface_hub
57aa863182d30149f5042e255050c8c3b6fe4b9d,2026-04-30T13:15:28+00:00,Upload daily_papers.parquet with huggingface_hub
562eaab33329092daeb74bf509a8f869190cb8ba,2026-04-29T13:21:39+00:00,Upload posts.parquet with huggingface_hub
596b37dace259672ac6df0d303c5bc4f19b4bbea,2026-04-29T13:21:38+00:00,Upload datasets.parquet with huggingface_hub
4431a82ebc71fc3c2c3751fb6c1bf037621563fd,2026-04-29T13:20:34+00:00,Upload spaces.parquet with huggingface_hub
67425d0cd0e88582a02a40ba3cceb43b5f3a2100,2026-04-29T13:19:24+00:00,Upload models.parquet with huggingface_hub
0ef54bd4a5fc07e165cc51f546f96f326771b49a,2026-04-29T13:16:20+00:00,Upload arxiv_papers.parquet with huggingface_hub
de4349d6de3d8ae206b6eb11add551bc4f3e2569,2026-04-29T13:16:12+00:00,Upload daily_papers.parquet with huggingface_hub
9d46e79f992eef7d525db5d5f354e77c1a5e40e4,2026-04-28T13:21:09+00:00,Upload posts.parquet with huggingface_hub
68156e419da54c0bbaf29b8ed15d9f1931448ad6,2026-04-28T13:21:07+00:00,Upload datasets.parquet with huggingface_hub
d72f61a5d41c8f8af381d1ac13585b5660918a64,2026-04-28T13:20:05+00:00,Upload spaces.parquet with huggingface_hub
32f705485efb7d9c04450b56cfbc973efc898de9,2026-04-28T13:18:56+00:00,Upload models.parquet with huggingface_hub
bf6de03a3d9f91be2190cf93f5bd04f557b126f3,2026-04-28T13:15:54+00:00,Upload arxiv_papers.parquet with huggingface_hub
fc1934e510665d4abae8dca2f418ab6216b2c577,2026-04-28T13:15:45+00:00,Upload daily_papers.parquet with huggingface_hub
8470414ff549f8f06061b4ada6d39422edc2b7a6,2026-04-27T13:21:42+00:00,Upload posts.parquet with huggingface_hub
4b80d0254c45ad4f5005fb4b3defa13616972666,2026-04-27T13:21:40+00:00,Upload datasets.parquet with huggingface_hub
35df447424f8ef09af0859713f644fac24abfc1e,2026-04-27T13:20:40+00:00,Upload spaces.parquet with huggingface_hub
8dda1ac2a59ea5a1f0bdec19c42f7f68f1a425b6,2026-04-27T13:19:29+00:00,Upload models.parquet with huggingface_hub
51b9190816ce88371ab664f58d3a84cadc30a63d,2026-04-27T13:16:22+00:00,Upload arxiv_papers.parquet with huggingface_hub
733309e138678e928654bf0abe3e555471a76ebe,2026-04-27T13:16:14+00:00,Upload daily_papers.parquet with huggingface_hub
26e0f0e89d0b53c461b30c5d2581361059a723bd,2026-04-26T13:20:32+00:00,Upload posts.parquet with huggingface_hub
40a2a8fdd5d9bced331fa10cb49d5b08a0d93085,2026-04-26T13:20:30+00:00,Upload datasets.parquet with huggingface_hub
ca058b32ed7447438ca1d82f8e10159a6915e0cc,2026-04-26T13:19:30+00:00,Upload spaces.parquet with huggingface_hub
98e65350f11bb9c30c29e93fcba72ad4970b080c,2026-04-26T13:18:21+00:00,Upload models.parquet with huggingface_hub
98afd5abd60bc8de1cf5a1d90b25d79d20ec638c,2026-04-26T13:15:23+00:00,Upload arxiv_papers.parquet with huggingface_hub
ad4e859754537230c87f26641435381153ee8eb5,2026-04-26T13:15:15+00:00,Upload daily_papers.parquet with huggingface_hub
9e90a63706c79532819e6a3dfdae716dc0aeea4d,2026-04-25T13:20:28+00:00,Upload posts.parquet with huggingface_hub
c7192b7da8f5d4fa891a406e9f999dc05c82931d,2026-04-25T13:20:26+00:00,Upload datasets.parquet with huggingface_hub
f262b283e0adf577946eb43689ff7714b6e71dfd,2026-04-25T13:19:25+00:00,Upload spaces.parquet with huggingface_hub
4fb92c6ca4505cdf78bc107cabe4fdf2128f4ef1,2026-04-25T13:18:13+00:00,Upload models.parquet with huggingface_hub
1a9b906a15a4f80cba6c111a58dc23a598a8bfc9,2026-04-25T13:15:11+00:00,Upload arxiv_papers.parquet with huggingface_hub
685e1620ec552b062cef961570d500023c3cb7d8,2026-04-25T13:15:03+00:00,Upload daily_papers.parquet with huggingface_hub
09bb08603a8abf0c92dcde3644d85431ca0ceb31,2026-04-24T21:52:22+00:00,Upload posts.parquet with huggingface_hub
bec4572823094d1503f7c123aae9fcead9fe8df8,2026-04-24T21:52:21+00:00,Upload datasets.parquet with huggingface_hub
2de6a9c4cf176dbf8c48f2f59d8f4077ad3ee751,2026-04-24T21:51:30+00:00,Upload spaces.parquet with huggingface_hub
57ca807785730dfd9b743e1af71f84325a0e3a61,2026-04-24T21:50:36+00:00,Upload models.parquet with huggingface_hub
ded52902f32d833d654f23dd221a8823a033fd86,2026-04-24T21:47:23+00:00,Upload arxiv_papers.parquet with huggingface_hub
841b6a63c0847684b6b8325aa3610e40c85f6bdd,2026-04-24T21:47:16+00:00,Upload daily_papers.parquet with huggingface_hub
d98f8e12cf6a49e060b7ab87a7c9a572c3c7a358,2026-04-24T21:30:43+00:00,Upload arxiv_papers.parquet with huggingface_hub
2c71fe436196d721759dcbd5798f287fb5210754,2026-04-24T21:30:35+00:00,Upload daily_papers.parquet with huggingface_hub
4dae9770c88038b7b66e0eaedc317ab9e1098c66,2026-04-24T13:20:41+00:00,Upload posts.parquet with huggingface_hub
8f6fb68654961a0659746677a2231636dd6c0b25,2026-04-24T13:20:39+00:00,Upload datasets.parquet with huggingface_hub
b07aa3821b1fefde8469503c09da583d8cfe2e59,2026-04-24T13:19:41+00:00,Upload spaces.parquet with huggingface_hub
42b517bcdebb993af240899c009eebd020907581,2026-04-24T13:18:31+00:00,Upload models.parquet with huggingface_hub
ec9a55b86435b561e8da94150a2fc927e93f23e7,2026-04-24T13:15:31+00:00,Upload arxiv_papers.parquet with huggingface_hub
f2b8c39afad963cf20e97fae7d094cadaf46770b,2026-04-24T13:15:22+00:00,Upload daily_papers.parquet with huggingface_hub
1f31f920b28586143077c131b58f03f31bcfb908,2026-04-22T13:28:39+00:00,Upload posts.parquet with huggingface_hub
a17930c9884f983c9f7fb8d89a29f9b4c97323a8,2026-04-22T13:28:35+00:00,Upload datasets.parquet with huggingface_hub
39683b94b65c38a0f2b5c6359dd6f0e0ded5891d,2026-04-22T13:27:09+00:00,Upload spaces.parquet with huggingface_hub
b155b7b2244caf02163d0540c4d148b443f2a454,2026-04-22T13:25:25+00:00,Upload models.parquet with huggingface_hub
d0ef948bf4c41a42a8e9eab1ed0ac6a2be4616d3,2026-04-22T13:20:47+00:00,Upload arxiv_papers.parquet with huggingface_hub
69ee93226f38c84a17fc4dd10d6eea88f224b50e,2026-04-22T13:20:34+00:00,Upload daily_papers.parquet with huggingface_hub
5f93ec77e5cb8d376148a539e3dd2f802ea34ab4,2026-04-21T13:21:15+00:00,Upload posts.parquet with huggingface_hub
2132144349c8b4ace86a1f3d9f15a8ea770c9dc1,2026-04-21T13:21:14+00:00,Upload datasets.parquet with huggingface_hub
7f36e969c4eec8b58651e89ddd9481e50f864b41,2026-04-21T13:20:17+00:00,Upload spaces.parquet with huggingface_hub
d891258f20fbbce0f327fc892a1c5ab152e05c93,2026-04-21T13:19:18+00:00,Upload models.parquet with huggingface_hub
ae56fedf2c4045a846941197b1b028a53ea7ce27,2026-04-21T13:16:14+00:00,Upload arxiv_papers.parquet with huggingface_hub
2a961650d0aaf50544f8c4db6cc044b902a95afa,2026-04-21T13:16:05+00:00,Upload daily_papers.parquet with huggingface_hub
24a803c39db2050f827b5d4798e06b296d1f13e3,2026-04-20T13:20:53+00:00,Upload posts.parquet with huggingface_hub
fa649198bee3bb956544ebbb84ea1d3e2791887d,2026-04-20T13:20:51+00:00,Upload datasets.parquet with huggingface_hub
7a5dd72c69dd4ac4356737326b517006541c667a,2026-04-20T13:19:54+00:00,Upload spaces.parquet with huggingface_hub
17d67e79ecd15f54b3e37f7519585208d0fce1c4,2026-04-20T13:18:53+00:00,Upload models.parquet with huggingface_hub
521ef3d09a8f74689abf88fe2c31aa7403992d55,2026-04-20T13:15:47+00:00,Upload arxiv_papers.parquet with huggingface_hub
ec0e90b1a36ad7a4848f7e0c6a262e30965aa6b9,2026-04-20T13:15:38+00:00,Upload daily_papers.parquet with huggingface_hub
ecbd23986e5b43ba7be5f1d6a8a70c26f0cc97ed,2026-04-19T13:20:17+00:00,Upload posts.parquet with huggingface_hub
d1cfa32f7bf67aa6b89c921bb649bbd366372342,2026-04-19T13:20:15+00:00,Upload datasets.parquet with huggingface_hub
57596f10b184558bfd28b9ea77f3201754c135ff,2026-04-19T13:19:18+00:00,Upload spaces.parquet with huggingface_hub
e8fac64682cfa95465169c506a4de7005d892b0a,2026-04-19T13:18:09+00:00,Upload models.parquet with huggingface_hub
6a03ddc01577b4c63f2cc098bb63ee5205accd73,2026-04-19T13:15:07+00:00,Upload arxiv_papers.parquet with huggingface_hub
53af0eb66cac0ba4b4c4b0506e7eb290f668f78c,2026-04-19T13:14:59+00:00,Upload daily_papers.parquet with huggingface_hub
b514f4f0d91b9e2c92752e61ae4f0c5019044461,2026-04-18T13:20:58+00:00,Upload posts.parquet with huggingface_hub
119d0d5d3518ae8d47d231c39167ba842e0022ea,2026-04-18T13:20:56+00:00,Upload datasets.parquet with huggingface_hub
a63f93c4f064356cebf81f02b8485f4bccba8f31,2026-04-18T13:19:59+00:00,Upload spaces.parquet with huggingface_hub
6e2e84ba9874a6e4dcabcdff281d3708b55544a6,2026-04-18T13:18:53+00:00,Upload models.parquet with huggingface_hub
d7064f2e06960b91ab8dfdd75f81e681b3299a77,2026-04-18T13:15:47+00:00,Upload arxiv_papers.parquet with huggingface_hub
b5e22e0fc0ef93e5c05ef8d8c832ee2d5f19e4ec,2026-04-18T13:15:38+00:00,Upload daily_papers.parquet with huggingface_hub
56e19fc830d2175e89bad8804849e96783a778e0,2026-04-01T13:21:26+00:00,Upload posts.parquet with huggingface_hub
a57467abf4b133f554bc17f6c03615427f7f7de4,2026-04-01T13:21:23+00:00,Upload datasets.parquet with huggingface_hub
888673df2b09779da4bb0480978d7526919f20f2,2026-04-01T13:20:25+00:00,Upload spaces.parquet with huggingface_hub
fdbb30ee32403381ebca92d8486d01fcaca03b79,2026-04-01T13:19:32+00:00,Upload models.parquet with huggingface_hub
8ddafdd4ecb194663f1050977ba56230f0fee367,2026-04-01T13:16:05+00:00,Upload arxiv_papers.parquet with huggingface_hub
ff51ce96817dc5f27c2ba9ad69e05f2a00de266f,2026-04-01T13:15:56+00:00,Upload daily_papers.parquet with huggingface_hub
078595676d0d1b9a7affdb0b316fb483681f8221,2026-03-31T13:20:10+00:00,Upload posts.parquet with huggingface_hub
3109d43f4a2ed5c4fc8369e111f67a9fc4d83273,2026-03-31T13:20:09+00:00,Upload datasets.parquet with huggingface_hub
cd799546b51aeacf5d19b3c12c4682ce32fcfbf7,2026-03-31T13:19:16+00:00,Upload spaces.parquet with huggingface_hub
a7396b965ded2819197961bb3187a416fc0b7ecc,2026-03-31T13:18:11+00:00,Upload models.parquet with huggingface_hub
e89c77afc8f2cf35a1c4f8dae07f13eeb39502ff,2026-03-31T13:15:07+00:00,Upload arxiv_papers.parquet with huggingface_hub
828b3682d4d49e88f3d609fe7d4e4d405974696b,2026-03-31T13:14:58+00:00,Upload daily_papers.parquet with huggingface_hub
4a05c0ac4058816c5c4584c35e96646dd4360113,2026-03-30T13:20:35+00:00,Upload posts.parquet with huggingface_hub
99761265cd6121851c9037e5f35136d14ccb7b0a,2026-03-30T13:20:33+00:00,Upload datasets.parquet with huggingface_hub
075857857479fc7488492b7829366740ddd740bd,2026-03-30T13:19:36+00:00,Upload spaces.parquet with huggingface_hub
e235451d56a627cc0adf220c998d0ba9179acf3c,2026-03-30T13:18:26+00:00,Upload models.parquet with huggingface_hub
620920da2ba00b41ba79b6d966e7f5424b4a2d23,2026-03-30T13:15:16+00:00,Upload arxiv_papers.parquet with huggingface_hub
74e2d25a63056c40852f7a592c8b32317480a830,2026-03-30T13:15:06+00:00,Upload daily_papers.parquet with huggingface_hub
01c96659d7c5ec6858fdb2dc87d7e1dfeb4ce13b,2026-03-29T13:19:40+00:00,Upload posts.parquet with huggingface_hub
1725b567ffd108975fb3b190640a3dfc30b0e8c3,2026-03-29T13:19:39+00:00,Upload datasets.parquet with huggingface_hub
f1b169188b326e46b730667a701a45b30e5c5593,2026-03-29T13:18:41+00:00,Upload spaces.parquet with huggingface_hub
e5e10fb416d09d2fbe38507431207a1712be4095,2026-03-29T13:17:39+00:00,Upload models.parquet with huggingface_hub
66215d40e08317e39b4d5a16d47a879b42835559,2026-03-29T13:14:32+00:00,Upload arxiv_papers.parquet with huggingface_hub
de14ef9d9af8664e20411c74a07af671de8c9865,2026-03-29T13:14:23+00:00,Upload daily_papers.parquet with huggingface_hub
054316234f582fa479b210ca692c0f56c63fc226,2026-03-28T13:19:35+00:00,Upload posts.parquet with huggingface_hub
00a9ac0b7474d1b58d1825e7c5de7e8b24b05520,2026-03-28T13:19:33+00:00,Upload datasets.parquet with huggingface_hub
0952622cad99252fe34d1d859142929433947acb,2026-03-28T13:18:38+00:00,Upload spaces.parquet with huggingface_hub
267d1e435651d8e5b268df9c7f0be90d99203f8c,2026-03-28T13:17:36+00:00,Upload models.parquet with huggingface_hub
31469ae83266fd20d108ebff7b0b6a47fe278529,2026-03-28T13:14:37+00:00,Upload arxiv_papers.parquet with huggingface_hub
d92e29188e33041e34dc48ae613b6a09ecc8e5fe,2026-03-28T13:14:29+00:00,Upload daily_papers.parquet with huggingface_hub
81c818cf17e78ca78b162b67eae1f6798b79f448,2026-03-27T13:20:07+00:00,Upload posts.parquet with huggingface_hub
e9a19c03c66b5b6a4c9e3baf3bcac337c3ae649a,2026-03-27T13:20:05+00:00,Upload datasets.parquet with huggingface_hub
297c7d84f6db24171c7dea8fb6f7f66bfa52370b,2026-03-27T13:19:07+00:00,Upload spaces.parquet with huggingface_hub
9c69bf25679f4ab94cb00d4e3de6f5911b1d3b58,2026-03-27T13:18:08+00:00,Upload models.parquet with huggingface_hub
c9ca066d266ff6bcc802b6a9f5536797f325e73f,2026-03-27T13:14:54+00:00,Upload arxiv_papers.parquet with huggingface_hub
01763441a8e8eea3260053ac6eac8607524e7664,2026-03-27T13:14:46+00:00,Upload daily_papers.parquet with huggingface_hub
ed0ab3ada35f58439e9a06ca22de89c3367b8743,2026-03-26T13:20:35+00:00,Upload posts.parquet with huggingface_hub
5814fea19b3b11a389bba7c10ac08e05b38ea833,2026-03-26T13:20:33+00:00,Upload datasets.parquet with huggingface_hub
72cbdd1651ebf3126356f40d9fb3490c67522969,2026-03-26T13:19:38+00:00,Upload spaces.parquet with huggingface_hub
b1a292dbda3af20f85a65c8b5c7bb70c7e5910c9,2026-03-26T13:18:40+00:00,Upload models.parquet with huggingface_hub
fb81130de78c39afc4909512d59e605870240304,2026-03-26T13:15:39+00:00,Upload arxiv_papers.parquet with huggingface_hub
15497a8bad598b3dbf8320385ebddceef0b75d1d,2026-03-26T13:15:31+00:00,Upload daily_papers.parquet with huggingface_hub
128932beae80ec8f0d9431c489ebf92262ae3319,2026-03-25T13:19:52+00:00,Upload posts.parquet with huggingface_hub
a83e3ca91fcbb148fc54743d9e6bfee3da0e1152,2026-03-25T13:19:50+00:00,Upload datasets.parquet with huggingface_hub
fcfd81da2a5b93adbb09024149ecfd96cb163590,2026-03-25T13:18:54+00:00,Upload spaces.parquet with huggingface_hub
ac77ec4cad72107ccc11cceaaf04ee142b66db20,2026-03-25T13:17:54+00:00,Upload models.parquet with huggingface_hub
8525730cf06cade3e729bcd8e45ae4d75ef01708,2026-03-25T13:14:55+00:00,Upload arxiv_papers.parquet with huggingface_hub
5d270557c6a6ba698a6526d643e5f4326a8f3986,2026-03-25T13:14:47+00:00,Upload daily_papers.parquet with huggingface_hub
235a8e6195e3ef156725422adbefe71927408d7b,2026-03-24T13:20:26+00:00,Upload posts.parquet with huggingface_hub
0097a4060e27c92d3b01afc2982ddb83de99afd2,2026-03-24T13:20:24+00:00,Upload datasets.parquet with huggingface_hub
7595738d2cee222deae767a29ca49164ba4bf6d3,2026-03-24T13:19:29+00:00,Upload spaces.parquet with huggingface_hub
2bfbe21ce63f39a9eed30c0057f29518f2edb3ef,2026-03-24T13:18:30+00:00,Upload models.parquet with huggingface_hub
c1628cd29f735177621debb670e5d966e98ed505,2026-03-24T13:15:22+00:00,Upload arxiv_papers.parquet with huggingface_hub
a67ad0d746cc778d9d7d147d922065804973d4c1,2026-03-24T13:15:14+00:00,Upload daily_papers.parquet with huggingface_hub
02a63a5240717661c078465cc68b46613b1637b8,2026-03-23T13:21:27+00:00,Upload posts.parquet with huggingface_hub
9e628f58e8722c044aa113a463febc57e7003602,2026-03-23T13:21:25+00:00,Upload datasets.parquet with huggingface_hub
02966673928c3d7b1d719d8b1fbef14d82a471f7,2026-03-23T13:20:29+00:00,Upload spaces.parquet with huggingface_hub
7dc9c3a92a25264efc95ddb3948e89ca77979db2,2026-03-23T13:19:25+00:00,Upload models.parquet with huggingface_hub
7223bd358495fb6de4143c684b10ea149029aa64,2026-03-23T13:16:16+00:00,Upload arxiv_papers.parquet with huggingface_hub
1b99be0c6fe4273322db0b0e47465a0288733f97,2026-03-23T13:16:05+00:00,Upload daily_papers.parquet with huggingface_hub
dafb957849613100a68fe7223fc1738732e78a5c,2026-03-22T13:19:19+00:00,Upload posts.parquet with huggingface_hub
4600acae413f10cd7083d946b4528e88364e8a50,2026-03-22T13:19:17+00:00,Upload datasets.parquet with huggingface_hub
7fb0da6c7f3433938c0bdb41958d2f400f7a20ae,2026-03-22T13:18:21+00:00,Upload spaces.parquet with huggingface_hub
53c8c3b73093a3d72038ba4927a155b93c6ba3ed,2026-03-22T13:17:25+00:00,Upload models.parquet with huggingface_hub
862e18fd47768c5d7a02bb705df35f264c32bb94,2026-03-22T13:14:22+00:00,Upload arxiv_papers.parquet with huggingface_hub
add3f57bc634445b8c3e9205f7f9e480117a8e90,2026-03-22T13:14:13+00:00,Upload daily_papers.parquet with huggingface_hub
0287bad01a4ca4f98f155bbaef230039d9875dee,2026-03-21T13:19:22+00:00,Upload posts.parquet with huggingface_hub
88855c535663a2a06dcda1d1476486f31c465c08,2026-03-21T13:19:20+00:00,Upload datasets.parquet with huggingface_hub
dc76204d105a26778dd49be58e854148d7c0fbf1,2026-03-21T13:18:26+00:00,Upload spaces.parquet with huggingface_hub
75d12a2ed1533fc7c280d3708c0eb8d0076dbfa7,2026-03-21T13:17:37+00:00,Upload models.parquet with huggingface_hub
78f4a885190c1990cf32d438a290623d754943e7,2026-03-21T13:14:30+00:00,Upload arxiv_papers.parquet with huggingface_hub
a6bcb5effd5d8de379370c1ca5a6129d8b8ebe84,2026-03-21T13:14:21+00:00,Upload daily_papers.parquet with huggingface_hub
d346b6182f1687ba8731ffff5baa281445c059b8,2026-03-20T13:21:17+00:00,Upload posts.parquet with huggingface_hub
eda75eb1244f6e016c7fee5244e0808402b429f4,2026-03-20T13:21:14+00:00,Upload datasets.parquet with huggingface_hub
81a3e5181fe754c3ce72a756cc4676343e8cc7f3,2026-03-20T13:20:10+00:00,Upload spaces.parquet with huggingface_hub
ff631dab3daf8237174fc05a04ecc2f9960abb2d,2026-03-20T13:19:14+00:00,Upload models.parquet with huggingface_hub
2cdbeac6dbcd63ee3443e7534620aefc10328efe,2026-03-20T13:15:47+00:00,Upload arxiv_papers.parquet with huggingface_hub
bb456e9c8b83518c084be84bc93cb21e7240aa09,2026-03-20T13:15:37+00:00,Upload daily_papers.parquet with huggingface_hub
7a251a3faa2c9b60c6e9812b5e5973c1141fe491,2026-03-19T13:20:24+00:00,Upload posts.parquet with huggingface_hub
aadf4c565e3ccd4763ffbf90449d11cf7bf06a05,2026-03-19T13:20:22+00:00,Upload datasets.parquet with huggingface_hub
640fb90252df191cf893f08600e603586b4684a3,2026-03-19T13:19:20+00:00,Upload spaces.parquet with huggingface_hub
44f131e746a7a37c17b652bce543660b29603838,2026-03-19T13:18:15+00:00,Upload models.parquet with huggingface_hub
176e746b692306ea3973e80f6a45f38618ae93e6,2026-03-19T13:15:02+00:00,Upload arxiv_papers.parquet with huggingface_hub
ea4c379778068b1ca57bb454faaa5d6015bafffe,2026-03-19T13:14:52+00:00,Upload daily_papers.parquet with huggingface_hub
0017b60bb74538c3851983c1c1a569454cc7831e,2026-03-18T13:19:58+00:00,Upload posts.parquet with huggingface_hub
4af2cd3115c5aebfaf22799114799562375c5603,2026-03-18T13:19:55+00:00,Upload datasets.parquet with huggingface_hub
9c0dfa8f68259cd7c4ca9c8ab841105daf6ca039,2026-03-18T13:18:59+00:00,Upload spaces.parquet with huggingface_hub
f70c857d873d90caea262e5db788066807cd6f40,2026-03-18T13:18:02+00:00,Upload models.parquet with huggingface_hub
d8212610d3e86fc453d4d0dad4110c9693807ec8,2026-03-18T13:14:56+00:00,Upload arxiv_papers.parquet with huggingface_hub
6248181fbb614876a8328cdde40139badeec44b1,2026-03-18T13:14:48+00:00,Upload daily_papers.parquet with huggingface_hub
ef5ab3a64b82c9dd500e7fbcdb69239800d8466e,2026-03-16T13:21:24+00:00,Upload posts.parquet with huggingface_hub
807ad4d23d965245f992a3691bae7b69717b5837,2026-03-16T13:21:21+00:00,Upload datasets.parquet with huggingface_hub
e8eb2526a14102194328f889513561fc0a61ddcd,2026-03-16T13:20:21+00:00,Upload spaces.parquet with huggingface_hub
0a6260570526f5a815b59c12823cd4892899ee06,2026-03-16T13:19:28+00:00,Upload models.parquet with huggingface_hub
b876ddd9685f9a907a34f8b3b764a97c7c862f4c,2026-03-16T13:16:02+00:00,Upload arxiv_papers.parquet with huggingface_hub
d4dd866caf05cc78f105fdb4f6af4d5763165122,2026-03-16T13:15:53+00:00,Upload daily_papers.parquet with huggingface_hub
90f126468653dc899260e795572fe9510de2a77f,2026-03-15T13:20:14+00:00,Upload posts.parquet with huggingface_hub
e90b0902e8de376d2fb59ee66ddc4e2e2860fd09,2026-03-15T13:20:10+00:00,Upload datasets.parquet with huggingface_hub
c86023a38b8fe07b23896b1dbf5f8052d7ee03b1,2026-03-15T13:19:10+00:00,Upload spaces.parquet with huggingface_hub
e3445bc3994481ef6a807c49c871408b727d2b7c,2026-03-15T13:18:07+00:00,Upload models.parquet with huggingface_hub
05a41364c6140c3d0310b6a58824634296c4de08,2026-03-15T13:14:57+00:00,Upload arxiv_papers.parquet with huggingface_hub
24993c6662a2f1b1992b8881af6fb021ca136f1f,2026-03-15T13:14:49+00:00,Upload daily_papers.parquet with huggingface_hub
dd94fa235d2f3ed0381853dedbcae546d17bce3e,2026-03-14T13:19:18+00:00,Upload posts.parquet with huggingface_hub
56f819b01dca69fa42c6e08d1e26a86fda53e9b7,2026-03-14T13:19:15+00:00,Upload datasets.parquet with huggingface_hub
3d907802e04ec58042bdf11dce1c6083f3a1d35f,2026-03-14T13:18:19+00:00,Upload spaces.parquet with huggingface_hub
4946f1399ef7be89e6cbdceea8c5395ffe0d6668,2026-03-14T13:17:23+00:00,Upload models.parquet with huggingface_hub
4814dee1822302e33bed134b628138d3ac7b57e6,2026-03-14T13:14:22+00:00,Upload arxiv_papers.parquet with huggingface_hub
201b4acb79d038d066f352c702f7b5dd2260782e,2026-03-14T13:14:13+00:00,Upload daily_papers.parquet with huggingface_hub
7550641aa44664cb2dca0874644da5ce3eb2817c,2026-03-13T13:19:50+00:00,Upload posts.parquet with huggingface_hub
a8a1b31d443360549bd804158ee2c436a7481e17,2026-03-13T13:19:47+00:00,Upload datasets.parquet with huggingface_hub
6710d9a8f0ea6595000bd22a30c4cc80503b486f,2026-03-13T13:18:43+00:00,Upload spaces.parquet with huggingface_hub
4e90e8bfa8ffb5a65e84744eccaa196553ba0318,2026-03-13T13:17:39+00:00,Upload models.parquet with huggingface_hub
07c7b4e9b3564732775d03ec62d32a5855ea8653,2026-03-13T13:14:36+00:00,Upload arxiv_papers.parquet with huggingface_hub
2d832a4d05e0df0ac94686a1c5f45460dc253bd6,2026-03-13T13:14:26+00:00,Upload daily_papers.parquet with huggingface_hub
fa2386014874ee14302c9996353408fe023ed949,2026-03-12T13:20:07+00:00,Upload posts.parquet with huggingface_hub
4f365afcda651daea47d2967197e57fbed1ce008,2026-03-12T13:20:04+00:00,Upload datasets.parquet with huggingface_hub
850bc83ad012e5a01ab9b42b422373eb11060ef1,2026-03-12T13:19:02+00:00,Upload spaces.parquet with huggingface_hub
1fa76e4fc98fcbe6dc234318bd7d72e957447ba0,2026-03-12T13:18:04+00:00,Upload models.parquet with huggingface_hub
a8da198e822b137bbb40e77b0ea73c818ef9936b,2026-03-12T13:15:01+00:00,Upload arxiv_papers.parquet with huggingface_hub
82939eab03bd13046f2eba416feceac26800f258,2026-03-12T13:14:50+00:00,Upload daily_papers.parquet with huggingface_hub
36828d9b21a440946d5badf06a747da688c57896,2026-03-12T03:02:31+00:00,Update README.md
7184ce0104d7a3320100b7240f4c0e80e7d6bd56,2026-03-12T02:51:28+00:00,replace nan strings with nulls in arxiv papers parquet.
e0b697fe462729721488e52f40c6ab1505d4c27f,2026-03-11T17:27:34+00:00,set datasets as default subset
46e6747457b8e81fee1ccadf4179f13e7c9bab47,2026-03-11T17:24:42+00:00,add arxiv papers subset and changelog entry
b8ff98b814156414d1d7104070e8090dc78b8238,2026-03-11T17:04:17+00:00,Upload posts.parquet with huggingface_hub
327ec423204f2efb0e7822f43d3e1c0be18d6584,2026-03-11T17:04:15+00:00,Upload datasets.parquet with huggingface_hub
8ddff48962e235675900e628589917dd0ed924db,2026-03-11T17:03:18+00:00,Upload spaces.parquet with huggingface_hub
fad587fdbf3a0cc7f891c3315b8884371f2ba223,2026-03-11T17:02:18+00:00,Upload models.parquet with huggingface_hub
6b0069fd92a0db56b86a0fc387da94762057605d,2026-03-11T16:59:13+00:00,Upload arxiv_papers.parquet with huggingface_hub
4badf626fa7f44bd4a06b091e25536d0f57b91a5,2026-03-11T16:59:05+00:00,Upload daily_papers.parquet with huggingface_hub
1e0734ca5d4e69f1bff6743f5864644a9a55b7ad,2026-03-11T13:19:03+00:00,Upload posts.parquet with huggingface_hub
7ca781e8e9383fa0fbae8f27ff43689e7e60a74c,2026-03-11T13:19:01+00:00,Upload datasets.parquet with huggingface_hub
2c9a8d536129b8a7ac80497b931613a7122c360e,2026-03-11T13:18:08+00:00,Upload spaces.parquet with huggingface_hub
001e7e19d2b939cfc1c275732f0ca238dbdbe5ac,2026-03-11T13:17:07+00:00,Upload models.parquet with huggingface_hub
08c7cbd98d0526c166bf23ea52bc546389295f27,2026-03-11T13:13:55+00:00,Upload daily_papers.parquet with huggingface_hub
69cf2f0cf48312fb262c0b0c283533d21be5eda3,2026-03-10T13:19:15+00:00,Upload posts.parquet with huggingface_hub
3f81da5f6460f808f11d3f88383bd162458da8d7,2026-03-10T13:19:01+00:00,Upload datasets.parquet with huggingface_hub
d182935bb84044c890abf5debbc658c13a40bea9,2026-03-10T13:18:05+00:00,Upload spaces.parquet with huggingface_hub
a550996de448d2ea15020604839f7884a5fa0967,2026-03-10T13:17:17+00:00,Upload models.parquet with huggingface_hub
afa760bf794e645101eaf3048fa497dd85e26e92,2026-03-10T13:14:00+00:00,Upload daily_papers.parquet with huggingface_hub
fd4797d0b7c796e9da4ceb234654b649d989a51b,2026-03-09T13:18:34+00:00,Upload posts.parquet with huggingface_hub
96e4227de83f92fc402b88731d72db29db059cde,2026-03-09T13:18:33+00:00,Upload datasets.parquet with huggingface_hub
3a0eae2aae8c03135028c47ab939276ffd1d6c1c,2026-03-09T13:17:39+00:00,Upload spaces.parquet with huggingface_hub
a7043f5f124f818a08d40073bc0c5b02e0b8dd53,2026-03-09T13:16:43+00:00,Upload models.parquet with huggingface_hub
beafc5eb053e4c559a14f63eb3bae514544c8764,2026-03-09T13:13:44+00:00,Upload daily_papers.parquet with huggingface_hub
72e9511346881aa42c9deab7013f743f54817493,2026-03-08T13:17:24+00:00,Upload posts.parquet with huggingface_hub
a2bb7baf4b7c802d83df70a694d14b046e727a71,2026-03-08T13:17:21+00:00,Upload datasets.parquet with huggingface_hub
5384b211e909d88b364004559d23e65c87ec1508,2026-03-08T13:16:30+00:00,Upload spaces.parquet with huggingface_hub
f093b542c12f53305dc0f6e95462008a24712163,2026-03-08T13:15:41+00:00,Upload models.parquet with huggingface_hub
37ff2b539f60ea46e8828a1e160dcf174905a42a,2026-03-08T13:12:46+00:00,Upload daily_papers.parquet with huggingface_hub
076e762e6a169f5f0ee99494922e8e651f89798c,2026-03-07T13:17:45+00:00,Upload posts.parquet with huggingface_hub
f69ceec31233f1255a7685f22bb27ca697b02f6a,2026-03-07T13:17:44+00:00,Upload datasets.parquet with huggingface_hub
7f70b57b4c73da350c2c6da38d55d75c15471645,2026-03-07T13:16:50+00:00,Upload spaces.parquet with huggingface_hub
1e23b8372e0aaf4e3962bdd16dd277bb72845f91,2026-03-07T13:15:51+00:00,Upload models.parquet with huggingface_hub
5ff02559f5ff9db8cbbe5405ea8c88d4d5f824bd,2026-03-07T13:12:46+00:00,Upload daily_papers.parquet with huggingface_hub
661bd38cd01a4baeeaac4457e096f8592ceee39e,2026-03-06T13:17:22+00:00,Upload posts.parquet with huggingface_hub
fecb94af0eb697217cf9661205eab51e63cf2fb3,2026-03-06T13:17:19+00:00,Upload datasets.parquet with huggingface_hub
6df37f28f9d094f2a7d0f81a5fc5963af0ce3d88,2026-03-06T13:16:28+00:00,Upload spaces.parquet with huggingface_hub
2237479ed270c477f15d1f764f4a1cc9a1861bdd,2026-03-06T13:15:35+00:00,Upload models.parquet with huggingface_hub
2ef21fedcb253edb5fcffb41590e446ac3b09b4d,2026-03-06T13:12:46+00:00,Upload daily_papers.parquet with huggingface_hub
99460d1acb2136f123482073bbf61f92dcae4916,2026-03-05T13:18:48+00:00,Upload posts.parquet with huggingface_hub
118e270524700c5ab5876a1b91c025938a759851,2026-03-05T13:18:46+00:00,Upload datasets.parquet with huggingface_hub
27c42528ca6796c255f925d7d7ebabd27d21d22f,2026-03-05T13:17:45+00:00,Upload spaces.parquet with huggingface_hub
302f6406c69b1f8f2f65f2f0022111b57141bacc,2026-03-05T13:16:47+00:00,Upload models.parquet with huggingface_hub
834d366a60c8179a8f455ad193fa57d9c992429e,2026-03-05T13:13:26+00:00,Upload daily_papers.parquet with huggingface_hub
eaffd466433c3f57a6ee6ccdc0ed4c298c6a1576,2026-03-04T13:17:59+00:00,Upload posts.parquet with huggingface_hub
e6bf0e6e7b68e2a28a2397b8b2ad3a4306a97f88,2026-03-04T13:17:56+00:00,Upload datasets.parquet with huggingface_hub
b7440976b25b77299d3fb1b474e56aa72daec237,2026-03-04T13:17:03+00:00,Upload spaces.parquet with huggingface_hub
0760c65c5570240e1037c458858af59ae3f3fc66,2026-03-04T13:16:06+00:00,Upload models.parquet with huggingface_hub
fb473a0933ba02a335416b485a3baeb5b3d04093,2026-03-04T13:13:04+00:00,Upload daily_papers.parquet with huggingface_hub
10ef068178f824728d3b6a409fcfc2e82dff83ed,2026-03-03T13:18:02+00:00,Upload posts.parquet with huggingface_hub
7eb392ed0bcd757673c5efe7ffb19de959c7f05b,2026-03-03T13:17:59+00:00,Upload datasets.parquet with huggingface_hub
b779f68f08bb3d320e58e1eb1ac2683abf3656fe,2026-03-03T13:17:02+00:00,Upload spaces.parquet with huggingface_hub
fc1c701786894c5a2b20818eb62dc8e2352f64d5,2026-03-03T13:16:08+00:00,Upload models.parquet with huggingface_hub
6185b19164e669076b276f6a24db79654a118db9,2026-03-03T13:13:13+00:00,Upload daily_papers.parquet with huggingface_hub
926c71005716537622fc66f0e8daaa1da402a330,2026-03-02T13:18:08+00:00,Upload posts.parquet with huggingface_hub
d7a87c42801f195372aee90f5e1d78361f2ddf53,2026-03-02T13:18:06+00:00,Upload datasets.parquet with huggingface_hub
2fb7d97b0ed40c4d6eb9a61d6074dbb9b727208a,2026-03-02T13:17:11+00:00,Upload spaces.parquet with huggingface_hub
5b87bf6d42aa1397d8012b049557d6815041d4f4,2026-03-02T13:16:17+00:00,Upload models.parquet with huggingface_hub
7dcfc57c9fdad1ea7b6f57df0b121b55b59d9648,2026-03-02T13:13:10+00:00,Upload daily_papers.parquet with huggingface_hub
a0a1a413d21fa92710af71ee2f2a796b26ada1f2,2026-03-01T13:19:05+00:00,Upload posts.parquet with huggingface_hub
b68e33c3e849421177a651361e670be1a75e9775,2026-03-01T13:19:03+00:00,Upload datasets.parquet with huggingface_hub
a79321d8a202144d0961ec0300ad9d4cc2e50e41,2026-03-01T13:18:04+00:00,Upload spaces.parquet with huggingface_hub
e330eb2c5fd2c5e8ed2ff387e1ae384f9c4c1056,2026-03-01T13:16:52+00:00,Upload models.parquet with huggingface_hub
ea9e330b315df89b260b7f377555e3f33fc163eb,2026-03-01T13:13:44+00:00,Upload daily_papers.parquet with huggingface_hub
b3787f7e2735bafeba5933053f768378cb48ec6f,2026-02-28T13:18:07+00:00,Upload posts.parquet with huggingface_hub
6547b5dfdbdf6d62152cd96fe95ece12418872e1,2026-02-28T13:18:05+00:00,Upload datasets.parquet with huggingface_hub
7031d65d15e8f4b4dca2f7f423a9b0c62664efee,2026-02-28T13:17:07+00:00,Upload spaces.parquet with huggingface_hub
4c84b1ac1aacf59b1117888b883ea447df0f36fd,2026-02-28T13:16:12+00:00,Upload models.parquet with huggingface_hub
573c789b96fd7a9404fd1a5e476f365dbb5fa088,2026-02-28T13:13:19+00:00,Upload daily_papers.parquet with huggingface_hub
73d9ac6b7c9bbfe0841e003124287bea448acf29,2026-02-27T13:18:43+00:00,Upload posts.parquet with huggingface_hub
6e1355122fd69c5ae8e921d770cea105760b8e43,2026-02-27T13:18:37+00:00,Upload datasets.parquet with huggingface_hub
06bd5685a4c92d58a8a732e597056b91d842d30a,2026-02-27T13:17:40+00:00,Upload spaces.parquet with huggingface_hub
4f569425fa0b56a65ce4df2ca1140869ced073e7,2026-02-27T13:16:50+00:00,Upload models.parquet with huggingface_hub
fcea325e03080332f72280c098ab2c5d236feca3,2026-02-27T13:13:46+00:00,Upload daily_papers.parquet with huggingface_hub
38a44651df1245018af28db7c3e6860e8e3f9294,2026-02-26T13:24:49+00:00,Upload posts.parquet with huggingface_hub
f3d43853f69a4433d3db91eabf93d650257e1037,2026-02-26T13:24:47+00:00,Upload datasets.parquet with huggingface_hub
9eaa6fb894710107566b95f5f47ee056dd1266ca,2026-02-26T13:23:54+00:00,Upload spaces.parquet with huggingface_hub
3763cebace2561458958e6b4af1e7a2777cfff67,2026-02-26T13:22:52+00:00,Upload models.parquet with huggingface_hub
d3dc2967387c90bdd9075a7ab5446ce39ea73d41,2026-02-26T13:19:48+00:00,Upload daily_papers.parquet with huggingface_hub
0f53c2968748b6e139b71296c26e49c4b9e5abcd,2026-02-25T13:20:22+00:00,Upload posts.parquet with huggingface_hub
452f4c3390d63a56383e45a58d9d7bd47b829a81,2026-02-25T13:20:20+00:00,Upload datasets.parquet with huggingface_hub
249d3b5725a3046eb4a2a194367242200f5ad4db,2026-02-25T13:19:19+00:00,Upload spaces.parquet with huggingface_hub
a45ab20e4bfd24ebd2d9e591e7ec09732c2de54b,2026-02-25T13:18:25+00:00,Upload models.parquet with huggingface_hub
aba31e90cf4d92c41ff7813f7169ec5c4f6749ef,2026-02-25T13:15:06+00:00,Upload daily_papers.parquet with huggingface_hub
10e0d0f70917e26ae1f9fe8e680183101840caf4,2026-02-24T13:21:06+00:00,Upload posts.parquet with huggingface_hub
ab3e05b47c841af72ec8ced17e3a5df541b4e2f2,2026-02-24T13:21:03+00:00,Upload datasets.parquet with huggingface_hub
4fcc5d5005c3ea94fafae09e56d01f86f28f1f47,2026-02-24T13:20:10+00:00,Upload spaces.parquet with huggingface_hub
fcbe99caa4740bb6377e54f46224de058ebcea78,2026-02-24T13:19:16+00:00,Upload models.parquet with huggingface_hub
1ca29211e8c120c3ae18d63b85364b20644acdfb,2026-02-24T13:16:08+00:00,Upload daily_papers.parquet with huggingface_hub
266f3d734df88206e56f385e15e483cdd7a5e650,2026-02-23T13:18:55+00:00,Upload posts.parquet with huggingface_hub
9a63eebda4ca8ec7a71ce46b05470535e967f7d5,2026-02-23T13:18:53+00:00,Upload datasets.parquet with huggingface_hub
ed8accd1f10c1f7beb71bfcc0750e9baba4ebcbd,2026-02-23T13:18:03+00:00,Upload spaces.parquet with huggingface_hub
57bf1d70b1d675e5f232e4c336d783c94a79cfd3,2026-02-23T13:17:00+00:00,Upload models.parquet with huggingface_hub
f7f02319e11c3bb82e55ad408381b88c63664840,2026-02-23T13:14:03+00:00,Upload daily_papers.parquet with huggingface_hub
b2b029cf84441234fa9cabb0275180b55f742a5a,2026-02-22T13:18:59+00:00,Upload posts.parquet with huggingface_hub
49ebd4aa5c9669843050bdf6e1653630b761c4fa,2026-02-22T13:18:57+00:00,Upload datasets.parquet with huggingface_hub
878ccdd707ca5063bebb5ab182b6c86a7efc1d01,2026-02-22T13:18:04+00:00,Upload spaces.parquet with huggingface_hub
4a1b5420c15dd8f17de03d3d7de5123b81b465b8,2026-02-22T13:17:10+00:00,Upload models.parquet with huggingface_hub
de8961f11680fbd5a583e4d6df7c0d333f0eebba,2026-02-22T13:14:10+00:00,Upload daily_papers.parquet with huggingface_hub
e37bd180e1a8d4bc6e3086402c982d0d4f095f39,2026-02-21T13:18:20+00:00,Upload posts.parquet with huggingface_hub
c0fd245bf68fcd092d0bd2915156c2ac21986d44,2026-02-21T13:18:19+00:00,Upload datasets.parquet with huggingface_hub
1e085dfa07b12645ab152f96b9315e135ec6dc88,2026-02-21T13:17:29+00:00,Upload spaces.parquet with huggingface_hub
4a89848aee2a27b5af83faef18d3b19832663855,2026-02-21T13:16:33+00:00,Upload models.parquet with huggingface_hub
982bd2918fbb9b80009b53981608775768be0bcc,2026-02-21T13:13:37+00:00,Upload daily_papers.parquet with huggingface_hub
5b0d1f6c32814105e7887fb31b328be56385cce5,2026-02-20T13:34:39+00:00,Upload posts.parquet with huggingface_hub
40004a13968c3cf9e0e4c6e5f672cc1e9b0ac468,2026-02-20T13:34:37+00:00,Upload datasets.parquet with huggingface_hub
1e6cab2ae65d7ba49a4be93ea7bdd6a480fd03a7,2026-02-20T13:33:44+00:00,Upload spaces.parquet with huggingface_hub
41325a03010897529882a4aa373ab738a9d94723,2026-02-20T13:32:51+00:00,Upload models.parquet with huggingface_hub
56e49dc131937da531cf328ea7c932ac43087376,2026-02-20T13:29:55+00:00,Upload daily_papers.parquet with huggingface_hub
54fe3df5eb58921b5647eed2a439a465d28ad5c2,2026-02-19T13:18:16+00:00,Upload posts.parquet with huggingface_hub
4ec8831dcb5e75e7abc94af497d3baee9a299741,2026-02-19T13:18:14+00:00,Upload datasets.parquet with huggingface_hub
6fc9c48aa4ac061c3c7436edde4efdf9d24eafb0,2026-02-19T13:17:22+00:00,Upload spaces.parquet with huggingface_hub
8713acedd374e09b1fd870f783eee643820bbd10,2026-02-19T13:16:37+00:00,Upload models.parquet with huggingface_hub
c7797f8225de39cb3f00530f7421ea8adf444ce6,2026-02-19T13:13:39+00:00,Upload daily_papers.parquet with huggingface_hub
d8fbafb27de58d067731cb6756560b02b6909f56,2026-02-18T16:24:43+00:00,Upload posts.parquet with huggingface_hub
b09c5ba2c3b10d5121692c461d3dd215ab080ed0,2026-02-18T16:24:41+00:00,Upload datasets.parquet with huggingface_hub
ff87c6202790cacdb0807b1249e8a089f53e0aa2,2026-02-18T16:24:00+00:00,Upload spaces.parquet with huggingface_hub
24b60e42e79f36e969da0242d467aca948efd552,2026-02-18T16:23:14+00:00,Upload models.parquet with huggingface_hub
add26245addeb5b186dc2050eb7f10249e799e15,2026-02-18T16:20:12+00:00,Upload daily_papers.parquet with huggingface_hub
83b0bb349e90aa2e15f9f8efef18a144ff3cdcc0,2026-02-18T13:19:17+00:00,Upload posts.parquet with huggingface_hub
77036ea38543e394ace8dc0256b755dc9b837952,2026-02-18T13:19:15+00:00,Upload datasets.parquet with huggingface_hub
57a7da5e58ebcfc77a9030c7270ec8385125db7b,2026-02-18T13:18:22+00:00,Upload spaces.parquet with huggingface_hub
f57bb0ce685b765144819bfd24fa1e189b2388c1,2026-02-18T13:17:22+00:00,Upload models.parquet with huggingface_hub
018c402f5d013ebb8cb2874862fe7b40a0cefd6f,2026-02-18T13:14:18+00:00,Upload daily_papers.parquet with huggingface_hub
fd276b2a4c3b0ee386e12722c044905cf1830f8b,2026-02-17T13:19:29+00:00,Upload posts.parquet with huggingface_hub
3daffbb8077ec3e81d9e8e365acdb8b7089d19a9,2026-02-17T13:19:27+00:00,Upload datasets.parquet with huggingface_hub
ad1729175913162e0b17630e5f643af45207f3b5,2026-02-17T13:18:24+00:00,Upload spaces.parquet with huggingface_hub
04e0bf1ced694285d2e12ea6f781179783ffa4f6,2026-02-17T13:17:15+00:00,Upload models.parquet with huggingface_hub
25d766897e4d121c25a92355d8cd4d0c2947175e,2026-02-17T13:14:09+00:00,Upload daily_papers.parquet with huggingface_hub
fcf36da74eeb04e3effec6834ea614b6cdd3dd4c,2026-02-16T13:18:14+00:00,Upload posts.parquet with huggingface_hub
9cb35af0077c8013aa8fad0dfa279badc6d9511b,2026-02-16T13:18:13+00:00,Upload datasets.parquet with huggingface_hub
f585edc90d0a606eae685d59cfa4843e4773d2ba,2026-02-16T13:17:18+00:00,Upload spaces.parquet with huggingface_hub
843e90b599a8d3e6dd08ca86f16a635221684a11,2026-02-16T13:16:13+00:00,Upload models.parquet with huggingface_hub
53f93be32ad3ddc32f6a84c0d5146a1d52d6eabd,2026-02-16T13:13:19+00:00,Upload daily_papers.parquet with huggingface_hub
58c19b7253455885b1649bcdd0214ae73af4351e,2026-02-15T13:18:25+00:00,Upload posts.parquet with huggingface_hub
c961930d3c4909b71270b4b4e2bddbe58138049c,2026-02-15T13:18:23+00:00,Upload datasets.parquet with huggingface_hub
3c9dd2ca0bd02f03419b11a2f512a6ce4c0393ae,2026-02-15T13:17:28+00:00,Upload spaces.parquet with huggingface_hub
db5d78279744f9ff42816fc1873778368e960ac0,2026-02-15T13:16:29+00:00,Upload models.parquet with huggingface_hub
4db5a9b915cb38ab453f9b77349d894048db3c13,2026-02-15T13:13:20+00:00,Upload daily_papers.parquet with huggingface_hub
a70ee0e8736c1ce7c5eabf96330c5e2c44e7d3e9,2026-02-14T13:17:55+00:00,Upload posts.parquet with huggingface_hub
453a61f607ff50ea6c6913505250a888bfddd521,2026-02-14T13:17:54+00:00,Upload datasets.parquet with huggingface_hub
3b3982b70c96c46630b6c7a0fe0b079253a507fe,2026-02-14T13:17:03+00:00,Upload spaces.parquet with huggingface_hub
ded8abd1fcca738a9d559dcc33e238b184d4c4cc,2026-02-14T13:16:06+00:00,Upload models.parquet with huggingface_hub
5c08cd6c6072bcee72b63dfac36dac1538b29d24,2026-02-14T13:13:10+00:00,Upload daily_papers.parquet with huggingface_hub
55a50e43a10add725cc3c8020de2cc354ee6bb8e,2026-02-13T13:18:29+00:00,Upload posts.parquet with huggingface_hub
739a02babba3e5bd1ce73f832b053217de8209da,2026-02-13T13:18:27+00:00,Upload datasets.parquet with huggingface_hub
94a1b188997ac5b16fd05729f3a4dd4eb3732ec0,2026-02-13T13:17:36+00:00,Upload spaces.parquet with huggingface_hub
a8f856285a2f3bff3ccb1b20b5bf71b7fa63a51a,2026-02-13T13:16:37+00:00,Upload models.parquet with huggingface_hub
018e144b41e24c721734b03f27eb6cb6fa5dcf02,2026-02-13T13:13:38+00:00,Upload daily_papers.parquet with huggingface_hub
e9b2cc1198a8d8d773ed8a6dffe8d38dd396af3f,2026-02-12T13:18:22+00:00,Upload posts.parquet with huggingface_hub
dafc0fc83284fbc44f346e44b3f45fc76160fa0b,2026-02-12T13:18:21+00:00,Upload datasets.parquet with huggingface_hub
93ff7df953f95eda442f5978f9fefd2d9c608ffe,2026-02-12T13:17:30+00:00,Upload spaces.parquet with huggingface_hub
4b403b23a233dca52ab5c445715ffb93942e317c,2026-02-12T13:16:29+00:00,Upload models.parquet with huggingface_hub
eef163d568b80d2588973acff07f7dc11210f1f9,2026-02-12T13:13:37+00:00,Upload daily_papers.parquet with huggingface_hub
c8c54143050f222d16047749d7b7281fca952bbb,2026-02-11T13:18:40+00:00,Upload posts.parquet with huggingface_hub
0ac0caffb63a2ca31f251dfc09e6998280ffd9d8,2026-02-11T13:18:38+00:00,Upload datasets.parquet with huggingface_hub
3a0b0549bfb9d2db22e2b528436904861000d86c,2026-02-11T13:17:49+00:00,Upload spaces.parquet with huggingface_hub
3518663eb5d0d06f2304c62f00902da3b1abe794,2026-02-11T13:16:48+00:00,Upload models.parquet with huggingface_hub
d7c217290ca7eeb0d9c9ad5bc4bbb1cef7c07087,2026-02-11T13:13:40+00:00,Upload daily_papers.parquet with huggingface_hub
0737d829ccc407208ebbd3ca335951aee26d8430,2026-02-10T13:20:04+00:00,Upload posts.parquet with huggingface_hub
9f005b0b9df71e55207c4ad82c6eba97e5ddc38d,2026-02-10T13:20:03+00:00,Upload datasets.parquet with huggingface_hub
9f4341ab1e95c4cc6d02e3773c95045be43f14e6,2026-02-10T13:19:04+00:00,Upload spaces.parquet with huggingface_hub
8373c64e437141130f645778c02b52cb832717d4,2026-02-10T13:18:04+00:00,Upload models.parquet with huggingface_hub
d94e0b8acabfd0de6adb3a15ab7df9ac8b2c1f38,2026-02-10T13:14:47+00:00,Upload daily_papers.parquet with huggingface_hub
0f1f9441ee5cf27b75c1f6be939d182840562ad4,2026-02-09T13:18:10+00:00,Upload posts.parquet with huggingface_hub
b5caffc26bc2d4869f1943226e29662fc7f58ece,2026-02-09T13:18:08+00:00,Upload datasets.parquet with huggingface_hub
596378ec750593e1bf7f40582c2707364e5ad7d6,2026-02-09T13:17:15+00:00,Upload spaces.parquet with huggingface_hub
69d31cbfa2ba4e0a0642d1908d13c61e2f93c496,2026-02-09T13:16:16+00:00,Upload models.parquet with huggingface_hub
020ee661d658786d13e6b0260f23159ee93e60f3,2026-02-09T13:13:18+00:00,Upload daily_papers.parquet with huggingface_hub
2efdb8e83ff0b956d0aee962cec6028a091e0d0c,2026-02-08T13:18:30+00:00,Upload posts.parquet with huggingface_hub
3bfc61c16798f6f970aca4a47882d37a0a420294,2026-02-08T13:18:28+00:00,Upload datasets.parquet with huggingface_hub
a0bc68486015ce132250bbfd5c9008b8b9ccdfa0,2026-02-08T13:17:38+00:00,Upload spaces.parquet with huggingface_hub
0159890baaee1c8900bdfc6952949f6903d879ec,2026-02-08T13:16:37+00:00,Upload models.parquet with huggingface_hub
ee14b40655c5c998b224d19fb8e1c224efbe1b9c,2026-02-08T13:13:34+00:00,Upload daily_papers.parquet with huggingface_hub
c1059e7990cec6dc38e41b24f054f16db22ae40b,2026-02-07T13:19:12+00:00,Upload posts.parquet with huggingface_hub
f0ebfc29b1911b9a379613cea9b502b1a875f5f5,2026-02-07T13:19:11+00:00,Upload datasets.parquet with huggingface_hub
553b902a3ecb2ad1105e413dd6588595a1b8effd,2026-02-07T13:18:15+00:00,Upload spaces.parquet with huggingface_hub
393dcdab363fef608597433e76e7d770a29941e8,2026-02-07T13:17:12+00:00,Upload models.parquet with huggingface_hub
2d7c55a020087c195d7d54471d0e227e6de9ccb3,2026-02-07T13:13:55+00:00,Upload daily_papers.parquet with huggingface_hub
48364adc8ff9d970fb7a8570ba61c8b26dcc7051,2026-02-06T13:18:22+00:00,Upload posts.parquet with huggingface_hub
7829a9aa6f2bb1dbc09e84572b639a2e6fa7a55c,2026-02-06T13:18:21+00:00,Upload datasets.parquet with huggingface_hub
c6f093c0f28c5417f4b43584790c583a2e95368f,2026-02-06T13:17:31+00:00,Upload spaces.parquet with huggingface_hub
e21875c091c5a29ba06beea2f9a4e93cbe0164cd,2026-02-06T13:16:33+00:00,Upload models.parquet with huggingface_hub
87258013fba2c8442f0b6a54f1fd3830723998d2,2026-02-06T13:13:35+00:00,Upload daily_papers.parquet with huggingface_hub
6d0c4bb8f54729f6a972b223941f58da33c0d0b6,2026-02-05T13:20:18+00:00,Upload posts.parquet with huggingface_hub
17e18db0422eb9f65af5b3d13d5bbfd767f8dc30,2026-02-05T13:20:17+00:00,Upload datasets.parquet with huggingface_hub
7f8671180b89065d0b418d1af95a2b79b7373dd0,2026-02-05T13:19:24+00:00,Upload spaces.parquet with huggingface_hub
2545f3603be135892c6fa80b267a4fc7dd716277,2026-02-05T13:18:24+00:00,Upload models.parquet with huggingface_hub
cbb84d7a84be60ec4b58e02982915c04447681ec,2026-02-05T13:15:44+00:00,Upload daily_papers.parquet with huggingface_hub
7cd06bc2bbd41bfddaf13460e886ae8d8a8f4721,2026-02-04T13:19:45+00:00,Upload posts.parquet with huggingface_hub
5fda01072e248092f25d4b0ecf1f3987c960e41c,2026-02-04T13:19:44+00:00,Upload datasets.parquet with huggingface_hub
7ed2c4ac7d7c0418625ab3c5ce9681b0c5725f4b,2026-02-04T13:18:51+00:00,Upload spaces.parquet with huggingface_hub
8c1f5c52175cf0e5d9cdefee959cdcde266b8a35,2026-02-04T13:17:44+00:00,Upload models.parquet with huggingface_hub
c5b70fae02e149fa51fc8d8dd7f00ee717ea0597,2026-02-04T13:14:40+00:00,Upload daily_papers.parquet with huggingface_hub
2efc975d73572107b4c3c36d1eb6c29f75f58f25,2026-02-03T13:18:57+00:00,Upload posts.parquet with huggingface_hub
3fa7ff99e89644f775292297947012e19196b291,2026-02-03T13:18:55+00:00,Upload datasets.parquet with huggingface_hub
e361f50aeae8b9bea2df635b403fb8a92ce78ae3,2026-02-03T13:18:00+00:00,Upload spaces.parquet with huggingface_hub
82753f7407ad5bb47583a60455014528d5408f80,2026-02-03T13:16:59+00:00,Upload models.parquet with huggingface_hub
9632f22e0910bdf1afe7c3e3780ccf80d2da134c,2026-02-03T13:13:31+00:00,Upload daily_papers.parquet with huggingface_hub
7b46a4a64dd0327199e28037de3a31a8a297a06f,2026-02-02T13:18:42+00:00,Upload posts.parquet with huggingface_hub
754fdd2d9b3f2cca4ae8c2fe194897415fb79f6b,2026-02-02T13:18:40+00:00,Upload datasets.parquet with huggingface_hub
8dfbc2b20f53314bb365f5bbe2368fcce036a4e7,2026-02-02T13:17:44+00:00,Upload spaces.parquet with huggingface_hub
21855dcb6ef19f7050a238badcc48ac8d2f09d80,2026-02-02T13:16:37+00:00,Upload models.parquet with huggingface_hub
ca116506ac27be68902dd8f1b0e08df141cd61c5,2026-02-02T13:13:39+00:00,Upload daily_papers.parquet with huggingface_hub
b60a8f736844b056e3b6b95d02b473c3be7cd863,2026-02-01T13:18:17+00:00,Upload posts.parquet with huggingface_hub
c28fd85a3b678710156f816c5573a52a11272182,2026-02-01T13:18:16+00:00,Upload datasets.parquet with huggingface_hub
c25a7f9e6712ad0eae9db69305ad15b66fd8b46b,2026-02-01T13:17:21+00:00,Upload spaces.parquet with huggingface_hub
f5e346fcc3a91fc1446f8ceb2acf5321a9d8dd47,2026-02-01T13:16:13+00:00,Upload models.parquet with huggingface_hub
5af6e8067172c2f9736c136d2ad66d4d44a54344,2026-02-01T13:13:16+00:00,Upload daily_papers.parquet with huggingface_hub
3c7b0f29a41160222b6baab32a262e91f82738b0,2026-01-31T13:58:05+00:00,Upload daily_papers.parquet with huggingface_hub
647b574a6e6791ae1e82e59f502961a816515f6c,2026-01-30T13:39:54+00:00,Upload posts.parquet with huggingface_hub
ce4e4a595fb98b5621732446a090469ebef681ef,2026-01-30T13:39:53+00:00,Upload datasets.parquet with huggingface_hub
63d4269dfd74dc11b4add3d2cc540205c7ccc45a,2026-01-30T13:38:58+00:00,Upload spaces.parquet with huggingface_hub
347990b0af8fd99d415c8796632a3cc62b94b307,2026-01-30T13:37:59+00:00,Upload models.parquet with huggingface_hub
9c0fac13f17a19224c7375b1864dc3819d8cdb33,2026-01-30T13:34:56+00:00,Upload daily_papers.parquet with huggingface_hub
f6a480c07b986de8895740c0e78b548337c45b21,2026-01-29T13:32:49+00:00,Upload posts.parquet with huggingface_hub
4a6c043d4f8174eee434a0144bf1633e98df2c22,2026-01-29T13:32:46+00:00,Upload datasets.parquet with huggingface_hub
6c903732c8190d25f53380cff1ba11e223457b8b,2026-01-29T13:31:52+00:00,Upload spaces.parquet with huggingface_hub
eb2c3d1e47c1d6288f97fb31259cbc13f4559c4a,2026-01-29T13:30:37+00:00,Upload models.parquet with huggingface_hub
5518e1232a171665c8480599771ae23c6148218f,2026-01-29T13:27:38+00:00,Upload daily_papers.parquet with huggingface_hub
bacc82814dc396488c1b3bd66dc7867cfec14624,2026-01-28T13:41:03+00:00,Upload posts.parquet with huggingface_hub
f2584850bdb43b5a7c9986d9fea93065a035b8a9,2026-01-28T13:41:01+00:00,Upload datasets.parquet with huggingface_hub
ddcb55af07e82d69b499c729742d099879841db4,2026-01-28T13:40:09+00:00,Upload spaces.parquet with huggingface_hub
b6e5eb55a4576c11796be226b2d1db7068f6a71d,2026-01-28T13:38:59+00:00,Upload models.parquet with huggingface_hub
c501178860c74987e0ac030aa33215b981d740b5,2026-01-28T13:36:04+00:00,Upload daily_papers.parquet with huggingface_hub
edcea97a26477d19bedf40852510dae53644c907,2026-01-27T13:18:40+00:00,Upload posts.parquet with huggingface_hub
aa1a31f81785120b8b41edc7f7217fa147cbbc7b,2026-01-27T13:18:38+00:00,Upload datasets.parquet with huggingface_hub
14c4a7b70928750ca051eb2ff02d8a5c6fbbfe9e,2026-01-27T13:17:44+00:00,Upload spaces.parquet with huggingface_hub
b74002a7178c67c3afc7be20c29c02cbd79590b2,2026-01-27T13:16:37+00:00,Upload models.parquet with huggingface_hub
9314606d95970307220b0b02fa4bf19667d7ff32,2026-01-27T13:13:46+00:00,Upload daily_papers.parquet with huggingface_hub
e17574b94e04ed7206577479d920d68147043091,2026-01-26T13:18:45+00:00,Upload posts.parquet with huggingface_hub
156f8c06a3a0be737def6913f6439c78bb0ef9c2,2026-01-26T13:18:41+00:00,Upload datasets.parquet with huggingface_hub
4b91be971ad271e39f24f0112c7b496f76e6c587,2026-01-26T13:17:50+00:00,Upload spaces.parquet with huggingface_hub
b45681978786eedea27859013229ade0b7d99637,2026-01-26T13:16:48+00:00,Upload models.parquet with huggingface_hub
8f0e2955a96faa15764f62c50d538f32c993ac82,2026-01-26T13:13:49+00:00,Upload daily_papers.parquet with huggingface_hub
a32451d5d9a57935e8a8a0f82e88de7bc5d7678e,2026-01-25T13:19:40+00:00,Upload posts.parquet with huggingface_hub
eaa7b336821f697ffd5f356e8e15a7569c48eeab,2026-01-25T13:19:37+00:00,Upload datasets.parquet with huggingface_hub
cac581c09ca8535aa38b52615edb3203faf5b811,2026-01-25T13:18:44+00:00,Upload spaces.parquet with huggingface_hub
09468502cf372110ef945f8b0520425031f7311c,2026-01-25T13:17:33+00:00,Upload models.parquet with huggingface_hub
5fafd5be34d5844c888cbb4e8cd736bd0d2d241f,2026-01-25T13:14:40+00:00,Upload daily_papers.parquet with huggingface_hub
788f3bb6fa4f8c16bd620e299032db8c7badafd8,2026-01-24T13:18:48+00:00,Upload posts.parquet with huggingface_hub
09a5132828db3e7a07107a1932f183782473f231,2026-01-24T13:18:43+00:00,Upload datasets.parquet with huggingface_hub
5c37177733702f4eec820c8f5fd4e147a7d0a442,2026-01-24T13:17:53+00:00,Upload spaces.parquet with huggingface_hub
a6ea95c90847a1d7b324eacbafcbc01a84670956,2026-01-24T13:16:42+00:00,Upload models.parquet with huggingface_hub
54bfcf436baec86184d1b7c1f18fb96270da81cb,2026-01-24T13:13:49+00:00,Upload daily_papers.parquet with huggingface_hub
ab02a5746b4acef06a176371af5762a6cdc023ce,2026-01-23T13:18:18+00:00,Upload posts.parquet with huggingface_hub
755e3b632344d1d997b71b58ae07b6addf438f64,2026-01-23T13:18:15+00:00,Upload datasets.parquet with huggingface_hub
b13ffd437e7cc9b1fac446d06a3498409856a18e,2026-01-23T13:17:25+00:00,Upload spaces.parquet with huggingface_hub
459e89ba31db10778b322c06e1d7e09535154b4e,2026-01-23T13:16:23+00:00,Upload models.parquet with huggingface_hub
cee0d34bfabdbbd52b83144de1f3a196d0c3df7d,2026-01-23T13:13:35+00:00,Upload daily_papers.parquet with huggingface_hub
1e131bc517fcf3c21aafcfbec9dd0ebaaf97e64b,2026-01-22T13:15:08+00:00,Upload posts.parquet with huggingface_hub
ec1b9e936de5627c2b1bf6296a596aa9992bf8bb,2026-01-22T13:15:06+00:00,Upload datasets.parquet with huggingface_hub
c5f41ce33573f074a02edd3e6e007b22c01e50bd,2026-01-22T13:14:15+00:00,Upload spaces.parquet with huggingface_hub
7c1df758a67942725ba48126fbd7a03c20f7061f,2026-01-22T13:14:13+00:00,Upload models.parquet with huggingface_hub
7faff0e8049e8752041829097ac8fcca6eadfaf9,2026-01-22T13:11:30+00:00,Upload daily_papers.parquet with huggingface_hub
fd626f7ea304f4dd11c968248cbb5ee077594fe7,2026-01-21T13:15:39+00:00,Upload posts.parquet with huggingface_hub
596666b94e58dea71534cc49cd67aee99d9af842,2026-01-21T13:15:36+00:00,Upload datasets.parquet with huggingface_hub
3f4fa2ffe526feef2e662a05f2768938cef5310c,2026-01-21T13:14:37+00:00,Upload spaces.parquet with huggingface_hub
4b1eac8ee81e42345aac26fc6fef5f4528ef7969,2026-01-21T13:14:36+00:00,Upload models.parquet with huggingface_hub
99b54618c7c1e70e31e454d6086b1b56c6fc70cf,2026-01-21T13:11:24+00:00,Upload daily_papers.parquet with huggingface_hub
150f5bd7a374bd918a0eb10dacf60e8289d6fd46,2026-01-20T13:16:13+00:00,Upload posts.parquet with huggingface_hub
28f68239a884c3aadf13ecbbe45ecb3e75edf56c,2026-01-20T13:16:11+00:00,Upload datasets.parquet with huggingface_hub
f0aaa58d68ba519869dcddeb140d309be6b4acd1,2026-01-20T13:15:15+00:00,Upload spaces.parquet with huggingface_hub
43fa01ac70073a2c9be27b0a9912cd0bfd29068f,2026-01-20T13:15:12+00:00,Upload models.parquet with huggingface_hub
f882cd3a964ce430a1b7e7b5926147eda1441b7f,2026-01-20T13:11:51+00:00,Upload daily_papers.parquet with huggingface_hub
a6ab405979380ebaeec9a5e839336d363756d897,2026-01-19T13:20:33+00:00,Upload posts.parquet with huggingface_hub
da7f04172536405fc5d3a954877fbe95b9bc8aec,2026-01-19T13:20:26+00:00,Upload datasets.parquet with huggingface_hub
5df352d46a5a8c3c987ecf6e2fad439c03283bd1,2026-01-19T13:18:54+00:00,Upload spaces.parquet with huggingface_hub
be563c6dfbdeb950dab842ebf51ebdedcb8f4e30,2026-01-19T13:18:52+00:00,Upload models.parquet with huggingface_hub
ced592415564e866156397cbc93557fa9e0ea0bc,2026-01-19T13:14:14+00:00,Upload daily_papers.parquet with huggingface_hub
c4ad8a9cdd87608d994d91952e73137014a9346b,2026-01-18T13:17:17+00:00,Upload posts.parquet with huggingface_hub
3919b6042879b7ede287d4dbf7547f04c050064f,2026-01-18T13:17:15+00:00,Upload datasets.parquet with huggingface_hub
e438f41d9830ff200d4449eb7c8d1c9407e60c1a,2026-01-18T13:16:13+00:00,Upload spaces.parquet with huggingface_hub
75c62443d0a3d803ef61cd987f267a917c1bf025,2026-01-18T13:16:11+00:00,Upload models.parquet with huggingface_hub
7ee0296ce3a38361f0a08f58977ee231baff3601,2026-01-18T13:12:29+00:00,Upload daily_papers.parquet with huggingface_hub
7b39163344af85391eb2825e363b42310c142bcc,2026-01-17T13:16:30+00:00,Upload posts.parquet with huggingface_hub
7ffce9c3762b4ff066dfd7c590ec039511fde6e2,2026-01-17T13:16:28+00:00,Upload datasets.parquet with huggingface_hub
ec1677919a47b20ca9099bbd441bc827e49a98cd,2026-01-17T13:15:29+00:00,Upload spaces.parquet with huggingface_hub
5231d26b10e68c6b30c303aeec24591e32775dd0,2026-01-17T13:15:27+00:00,Upload models.parquet with huggingface_hub
e584eb9db9d51d28a5388a4380435c7e5f0871a5,2026-01-17T13:11:52+00:00,Upload daily_papers.parquet with huggingface_hub
cc71e60e12315a0a672c56019e03e0786db76965,2026-01-16T13:19:22+00:00,Upload posts.parquet with huggingface_hub
21167277378d9dc73d30fbc6424aac0705280694,2026-01-16T13:19:20+00:00,Upload datasets.parquet with huggingface_hub
5f046194da9980286bb749053bee4e8d2b55979d,2026-01-16T13:18:29+00:00,Upload spaces.parquet with huggingface_hub
1b07e49b55403af566376d1ed8c87dfe649d74f4,2026-01-16T13:17:18+00:00,Upload models.parquet with huggingface_hub
65c04389f6e95f5a5cdce33b27e4d1d3e3c7ee55,2026-01-16T13:14:10+00:00,Upload daily_papers.parquet with huggingface_hub
d53de3f320e6c4c36b4b03d47f175d483096e577,2026-01-15T13:19:54+00:00,Upload posts.parquet with huggingface_hub
d2e75f772140fc920ea146bee1f8b860ba4adcad,2026-01-15T13:19:50+00:00,Upload datasets.parquet with huggingface_hub
fd4f1b4026069c3dda3ce6f0667a7f3b63142417,2026-01-15T13:18:58+00:00,Upload spaces.parquet with huggingface_hub
000d3d8d3fe53dfa0f21f7851fdb4fad114c9bb0,2026-01-15T13:17:53+00:00,Upload models.parquet with huggingface_hub
b0e56e03dedef982373cd24199ac5674a0828682,2026-01-15T13:14:40+00:00,Upload daily_papers.parquet with huggingface_hub
09f4c78495214dfc67d582912e3232da16ec1f28,2026-01-14T13:19:27+00:00,Upload posts.parquet with huggingface_hub
8431f6f09ab902b561a74b7c0c69612fabf8ccbe,2026-01-14T13:19:24+00:00,Upload datasets.parquet with huggingface_hub
8970727e08a3be3b219cb0e9ea44ad775164917f,2026-01-14T13:18:30+00:00,Upload spaces.parquet with huggingface_hub
08ffb90a7f9f9d365ee1eba3e327d1730c6fe7a7,2026-01-14T13:17:25+00:00,Upload models.parquet with huggingface_hub
04764b6c40ec1a054ada4c8631c5ef3f99719eb6,2026-01-14T13:14:13+00:00,Upload daily_papers.parquet with huggingface_hub
d73bcad3eb10d6bb52ffaba7a8639520555b723f,2026-01-13T13:18:24+00:00,Upload posts.parquet with huggingface_hub
ef35c5900cd97d32b6143c61beb7b7cbf34fa499,2026-01-13T13:18:23+00:00,Upload datasets.parquet with huggingface_hub
70a2f37a245a6a884db3205451840eea26955bfc,2026-01-13T13:17:35+00:00,Upload spaces.parquet with huggingface_hub
403e80f0b5a75858523c9323b95cbdcb55c818de,2026-01-13T13:16:29+00:00,Upload models.parquet with huggingface_hub
c0288d9dfa888cdf91b26b6c07ed5a7381e05e47,2026-01-13T13:13:36+00:00,Upload daily_papers.parquet with huggingface_hub
8eedf5278f9aca4aa573a1c03fe74af0f8b4bad9,2026-01-12T13:18:44+00:00,Upload posts.parquet with huggingface_hub
4ff5c23685890241246af80fda97b3c9b29954b1,2026-01-12T13:18:42+00:00,Upload datasets.parquet with huggingface_hub
57e50ad8c4ab27cb780206595a7c2ee19fcf700b,2026-01-12T13:17:55+00:00,Upload spaces.parquet with huggingface_hub
b2d918fbf7300e199953bba95e4f2641ae486d92,2026-01-12T13:16:43+00:00,Upload models.parquet with huggingface_hub
992b3cd041559e253f0c3d56099923071f3dd0cf,2026-01-12T13:13:58+00:00,Upload daily_papers.parquet with huggingface_hub
ea2996b939df64e08ebfaa7d2f36603cd3c11b20,2026-01-11T13:19:22+00:00,Upload posts.parquet with huggingface_hub
71b41c7751fe470d3976172d4362776d3a6d6d2c,2026-01-11T13:19:20+00:00,Upload datasets.parquet with huggingface_hub
0fc6a56890ef27f14b22ea2c00693fa9adca4986,2026-01-11T13:18:33+00:00,Upload spaces.parquet with huggingface_hub
5b22179de4f0d1c0fa1aba481891c0a0b1b21292,2026-01-11T13:17:29+00:00,Upload models.parquet with huggingface_hub
a563fa3caada1bf6ed194a74b64acda6efe98ed3,2026-01-11T13:14:47+00:00,Upload daily_papers.parquet with huggingface_hub
08023b30d0fb9ceefe4ff737cddb0071d7df503b,2026-01-10T13:18:22+00:00,Upload posts.parquet with huggingface_hub
adcdcf72af782c45c9f4241d3f2108a182b123df,2026-01-10T13:18:20+00:00,Upload datasets.parquet with huggingface_hub
e43cd5b7515d19cdc84c2d34be95c893664b8289,2026-01-10T13:17:31+00:00,Upload spaces.parquet with huggingface_hub
9622b482da7f939fa459ba1a856045b1fec3b9fc,2026-01-10T13:16:23+00:00,Upload models.parquet with huggingface_hub
94e8d5f42f0e3852c6e79a23a2e225873b7df2b0,2026-01-10T13:13:33+00:00,Upload daily_papers.parquet with huggingface_hub
77dddc3a8789c80c24fc2fa25d802179d2388d29,2026-01-09T13:19:41+00:00,Upload posts.parquet with huggingface_hub
8b53a73fe6eee9234c97e40d94d2b6733ce3eeaa,2026-01-09T13:19:37+00:00,Upload datasets.parquet with huggingface_hub
89728c5c635ce589c5661f483bd2f49bbf8f547f,2026-01-09T13:18:41+00:00,Upload spaces.parquet with huggingface_hub
314ecf005da994f559ff8b2aa9b3cb6421461ae0,2026-01-09T13:17:40+00:00,Upload models.parquet with huggingface_hub
ec190d311a34816af30c65f7b9b7f783a77acd28,2026-01-09T13:14:37+00:00,Upload daily_papers.parquet with huggingface_hub
be338c259e86d4fedde7cf7361419fa46de9c240,2026-01-08T13:19:31+00:00,Upload posts.parquet with huggingface_hub
295d844b1822d01e3eda4c2f495004776c84a481,2026-01-08T13:19:28+00:00,Upload datasets.parquet with huggingface_hub
2b672fb6bca421831753f1c6741d5a30a376dce0,2026-01-08T13:18:40+00:00,Upload spaces.parquet with huggingface_hub
392d4d8dfeb43e2b1ce38c3b0bfbeb6f09a9dbfe,2026-01-08T13:17:33+00:00,Upload models.parquet with huggingface_hub
57edeadde1578b68accd658bca29bdc9337f9001,2026-01-08T13:14:49+00:00,Upload daily_papers.parquet with huggingface_hub
3434357067b901f164f1e4462653325b766cb9c4,2026-01-07T13:17:52+00:00,Upload posts.parquet with huggingface_hub
e25806aaf6b8f4c48eac8c6eb2e87b09b58b3d30,2026-01-07T13:17:51+00:00,Upload datasets.parquet with huggingface_hub
78224baeae739ca7451119ff4568503a6137ca2a,2026-01-07T13:17:02+00:00,Upload spaces.parquet with huggingface_hub
4afe357500ee034dd0a2598b8e43e3789985dc7b,2026-01-07T13:16:00+00:00,Upload models.parquet with huggingface_hub
1f16f211881c002c62925416d9a33b7edd4fb68c,2026-01-07T13:13:12+00:00,Upload daily_papers.parquet with huggingface_hub
bb7d42e7bb736452ea4275810d518c4ed3dd0302,2026-01-06T13:17:54+00:00,Upload posts.parquet with huggingface_hub
4bb7f28669a293f90e61ba1beb541f1df707ba85,2026-01-06T13:17:51+00:00,Upload datasets.parquet with huggingface_hub
d3feba6b025890add2141f6e8d2422331566bbb1,2026-01-06T13:17:03+00:00,Upload spaces.parquet with huggingface_hub
54a0941d008f83672f64bed03e990fa3002536f6,2026-01-06T13:16:03+00:00,Upload models.parquet with huggingface_hub
1b1e4535cdc2627cbed9b1e0e6143b18b51523ef,2026-01-06T13:13:14+00:00,Upload daily_papers.parquet with huggingface_hub
f96980fc81fa43bb745de680f25b4ce7c4aee95d,2026-01-05T13:21:33+00:00,Upload posts.parquet with huggingface_hub
6ee32518282cfad1417ae875de9f4979dbffb67b,2026-01-05T13:21:31+00:00,Upload datasets.parquet with huggingface_hub
2924429608455f49ee197c97ccca6475bef9f003,2026-01-05T13:20:41+00:00,Upload spaces.parquet with huggingface_hub
371c40a04f078788961b7f9a536f1008846b7663,2026-01-05T13:19:30+00:00,Upload models.parquet with huggingface_hub
23572ae182f62aedfcd42ee75dd264d174fc8feb,2026-01-05T13:16:47+00:00,Upload daily_papers.parquet with huggingface_hub
6064d6472f607ca549f828f3337637a9411bf64f,2026-01-04T13:27:43+00:00,Upload posts.parquet with huggingface_hub
7b9ad4ce3fd4ddd382f12b3fe41e611d62c44eff,2026-01-04T13:27:39+00:00,Upload datasets.parquet with huggingface_hub
8f8445f8e706c1a38f1a98d44ecf5e80c78b1446,2026-01-04T13:26:32+00:00,Upload spaces.parquet with huggingface_hub
b99cd4e6efcab2a2619569699ef91d7bc2f46fdd,2026-01-04T13:25:17+00:00,Upload models.parquet with huggingface_hub
414163875744c5c33b47ef4cf8e5a8dcfc2d94ba,2026-01-04T13:22:02+00:00,Upload daily_papers.parquet with huggingface_hub
9e00ec82a5c20ad098498d14546c9f86feee850e,2026-01-03T13:19:39+00:00,Upload posts.parquet with huggingface_hub
0db1f38b7d210ed18aa996728a1df798449b10e7,2026-01-03T13:19:37+00:00,Upload datasets.parquet with huggingface_hub
80c16c0c06ef54373a2b43b679d2ca848e06a150,2026-01-03T13:18:49+00:00,Upload spaces.parquet with huggingface_hub
4c44a634bc4abaf9a2871d3747f34c745445d214,2026-01-03T13:17:40+00:00,Upload models.parquet with huggingface_hub
3ac8c806f4b448132f42c4fe1ea87aa4e2f71f66,2026-01-03T13:14:56+00:00,Upload daily_papers.parquet with huggingface_hub
ffb5c23965b5aeca03786ce51cedd6c7a2ff44ea,2026-01-02T13:19:17+00:00,Upload posts.parquet with huggingface_hub
2204db40c7c8829bc4a449d942df89e0acba0b47,2026-01-02T13:19:15+00:00,Upload datasets.parquet with huggingface_hub
89f273c7a59fc65c1dd2c12fb41d84d0ffd12359,2026-01-02T13:18:28+00:00,Upload spaces.parquet with huggingface_hub
6bca2c16c46d0111eac9de812391b94a6311cc73,2026-01-02T13:17:18+00:00,Upload models.parquet with huggingface_hub
3368fa1c9ca1ef72ff7d9dcb576f50a37bf80437,2026-01-02T13:14:30+00:00,Upload daily_papers.parquet with huggingface_hub
1a9e69f77e8661fa7e09d730f5a5c6bffa90b1e8,2026-01-01T13:18:06+00:00,Upload posts.parquet with huggingface_hub
b004019a50c9957b5bf0045d998ee5bb0791180f,2026-01-01T13:18:05+00:00,Upload datasets.parquet with huggingface_hub
69bf114b9c57d500a455b120831bb39d5f20b295,2026-01-01T13:17:16+00:00,Upload spaces.parquet with huggingface_hub
88b5539682ec8ca69ad8ea91acd73210f4bb48f4,2026-01-01T13:16:09+00:00,Upload models.parquet with huggingface_hub
65c3e37844cd433957ca12037fa6d456d7e74c81,2026-01-01T13:13:18+00:00,Upload daily_papers.parquet with huggingface_hub
9b77b587e50ab1966cb8d3d7028209c9bb7316f7,2025-12-31T13:18:14+00:00,Upload posts.parquet with huggingface_hub
451e9b2792b8f0255cb0c200a683e3e66d37482d,2025-12-31T13:18:10+00:00,Upload datasets.parquet with huggingface_hub
484add07724019c9cb07e8dd20d093cf6a1795a7,2025-12-31T13:17:21+00:00,Upload spaces.parquet with huggingface_hub
ac26c9b5709465ec2c5098e5dd7b5837ced1538e,2025-12-31T13:16:15+00:00,Upload models.parquet with huggingface_hub
38cfe3f74f8484fb4cb7949800befc2df2df93c0,2025-12-31T13:13:27+00:00,Upload daily_papers.parquet with huggingface_hub
07c9095b8b4d9392105b182d8e8f32aad3b32271,2025-12-30T13:17:59+00:00,Upload posts.parquet with huggingface_hub
72205e5633ac1cfa7dfb1aa29724a28ee7bd3471,2025-12-30T13:17:57+00:00,Upload datasets.parquet with huggingface_hub
4da2981319d70e4f680109808bda05a8b8fe731e,2025-12-30T13:17:11+00:00,Upload spaces.parquet with huggingface_hub
faa300d4c11ec5d6e56181e8a124a6ef8b7ccefb,2025-12-30T13:16:08+00:00,Upload models.parquet with huggingface_hub
fc0ba0fc1fd2cc8d65e779cf5e28750b444aafae,2025-12-30T13:13:24+00:00,Upload daily_papers.parquet with huggingface_hub
2f0a2ecb097741bf1209b235d0406f78f8070575,2025-12-29T13:17:25+00:00,Upload posts.parquet with huggingface_hub
85f080b5c64c00a125a836d649d4eed17f171660,2025-12-29T13:17:23+00:00,Upload datasets.parquet with huggingface_hub
83b7f4854eeb5f2e88ae53ae1d4fbc7313a7f2e9,2025-12-29T13:16:35+00:00,Upload spaces.parquet with huggingface_hub
4cd296f88554cb134337c580c8af86f12f2e1899,2025-12-29T13:15:30+00:00,Upload models.parquet with huggingface_hub
bb32f5283eb506efb093f830f77d1be5ee66f59c,2025-12-29T13:12:50+00:00,Upload daily_papers.parquet with huggingface_hub
99aa7dde12ec024dada98967e5f7c79a5523392b,2025-12-28T13:17:20+00:00,Upload posts.parquet with huggingface_hub
86d85420c1711308720dd45e5339ccff3c382745,2025-12-28T13:17:18+00:00,Upload datasets.parquet with huggingface_hub
66671a9172ac497f56b74e80d7b45d1f330e98be,2025-12-28T13:16:32+00:00,Upload spaces.parquet with huggingface_hub
1b55b972829c482c3884d838ef22aaa76aa6b732,2025-12-28T13:15:26+00:00,Upload models.parquet with huggingface_hub
80bd42c4ed06ca0e4e2ff18a658adb1886207d58,2025-12-28T13:12:50+00:00,Upload daily_papers.parquet with huggingface_hub
cb025113f22b5bb1b00a65de0a7254e1fa500d02,2025-12-27T13:17:28+00:00,Upload posts.parquet with huggingface_hub
f7d16e7dcd356e168b7ebc5fb922f7af1a43bd31,2025-12-27T13:17:27+00:00,Upload datasets.parquet with huggingface_hub
1057a690d7d0100d40e96998ff64da71970f750a,2025-12-27T13:16:30+00:00,Upload spaces.parquet with huggingface_hub
fcda6c06150bfc8d2b0fba7dc30d5d459f332d4e,2025-12-27T13:15:26+00:00,Upload models.parquet with huggingface_hub
e1eb8f40a17d245276bd206db4fdc90f6ba8eebd,2025-12-27T13:12:48+00:00,Upload daily_papers.parquet with huggingface_hub
2837526679a3fdb2a4b1bf80b2ed3dd5e2e09cd3,2025-12-26T13:17:39+00:00,Upload posts.parquet with huggingface_hub
c1950b9dffc480dbfe132ebda8afb2cba54264ab,2025-12-26T13:17:37+00:00,Upload datasets.parquet with huggingface_hub
eba301739523d794d7d21e953cb15f39f9d5755b,2025-12-26T13:16:47+00:00,Upload spaces.parquet with huggingface_hub
4529af5232555738ab2e3a2a1860086f0b3ddb35,2025-12-26T13:15:44+00:00,Upload models.parquet with huggingface_hub
f9c52bba0c612d3625ae9b0bb5426c85a4892040,2025-12-26T13:13:09+00:00,Upload daily_papers.parquet with huggingface_hub
ebd753c139aa9545a514274045f4102ed6f36132,2025-12-25T13:17:01+00:00,Upload posts.parquet with huggingface_hub
c7a0f42fad123f5f5d15330f05a395374ad9fa5f,2025-12-25T13:16:59+00:00,Upload datasets.parquet with huggingface_hub
046ddd4a2379aa321314b1004d24282015982480,2025-12-25T13:16:05+00:00,Upload spaces.parquet with huggingface_hub
cf7dd7bd9d215ca5586b8347bdaf4474df1eaf00,2025-12-25T13:15:02+00:00,Upload models.parquet with huggingface_hub
f7bbbd373dcf0968f3fe96b49b7300c60691d76c,2025-12-25T13:12:21+00:00,Upload daily_papers.parquet with huggingface_hub
fb92ba52095e354246340e98d9e7512f00cc3e79,2025-12-24T13:17:22+00:00,Upload posts.parquet with huggingface_hub
c8dab7f8c77ba75836edc9860d32afb44d099f34,2025-12-24T13:17:20+00:00,Upload datasets.parquet with huggingface_hub
da8eabed5ff97a39403c85487cf0d6b32ed3fd5d,2025-12-24T13:16:36+00:00,Upload spaces.parquet with huggingface_hub
24f4f8bd9a8d57e52bf911a611a4f69254b88355,2025-12-24T13:15:37+00:00,Upload models.parquet with huggingface_hub
7938216c6067b2df35c6bece794922edc481897c,2025-12-24T13:13:00+00:00,Upload daily_papers.parquet with huggingface_hub
5e403c523bf0da8213f5ce71cb0d2a0b066ced7d,2025-12-23T13:17:56+00:00,Upload posts.parquet with huggingface_hub
0b3b0f5ae1226b18a6fabc297535028fa5090779,2025-12-23T13:17:54+00:00,Upload datasets.parquet with huggingface_hub
2c3b3cb8b25033cba93ae47f6f152e481bdda6e8,2025-12-23T13:17:02+00:00,Upload spaces.parquet with huggingface_hub
73c69befca420b22a2fbf5588be64bacfd0b7ffc,2025-12-23T13:16:10+00:00,Upload models.parquet with huggingface_hub
a3528131ae6fefaaae1b808b84d54b8cb80d0b0a,2025-12-23T13:13:23+00:00,Upload daily_papers.parquet with huggingface_hub
faf573b0c868b22eb6f044cd6e9cf2f2e5f7f92d,2025-12-22T13:18:05+00:00,Upload posts.parquet with huggingface_hub
75a9d82cbe952506ba5043b96e0d874963d00a12,2025-12-22T13:18:01+00:00,Upload datasets.parquet with huggingface_hub
af2021b21e3bbf81ac90870cd4df913f522c0206,2025-12-22T13:17:14+00:00,Upload spaces.parquet with huggingface_hub
9df24a94fd7062119b2a46892fa4daa1dd90851f,2025-12-22T13:16:07+00:00,Upload models.parquet with huggingface_hub
bd12d7395b12dc077622fc2cbd2e4b6365f1df03,2025-12-22T13:13:20+00:00,Upload daily_papers.parquet with huggingface_hub
dcf59837d51231a401cc9e1902ae5230a825db70,2025-12-21T13:17:43+00:00,Upload posts.parquet with huggingface_hub
2a719e0ecc60caa368cbe663805eb3590c5b58ae,2025-12-21T13:17:41+00:00,Upload datasets.parquet with huggingface_hub
0f89aeb760b2b9fe45aecffb9b2c307be5b4c903,2025-12-21T13:16:53+00:00,Upload spaces.parquet with huggingface_hub
e766f49d9a2f7f6e04bdb96d944f19743ca8ac66,2025-12-21T13:15:52+00:00,Upload models.parquet with huggingface_hub
c66c77b0ffe8f79a522ed05507e94e3ee69f3715,2025-12-21T13:13:09+00:00,Upload daily_papers.parquet with huggingface_hub
33db9f0492dd7afb02e300632d5e33d1e79f94df,2025-12-20T13:18:16+00:00,Upload posts.parquet with huggingface_hub
e9ea941b66fab1d0ec4845e1b51bcc7225a856c9,2025-12-20T13:18:09+00:00,Upload datasets.parquet with huggingface_hub
e115bc6c9b960823207cb434fcd15e9dd23f6a84,2025-12-20T13:17:14+00:00,Upload spaces.parquet with huggingface_hub
a60c910c61312c3c8d2c9c5bbabe0a3a96358672,2025-12-20T13:16:11+00:00,Upload models.parquet with huggingface_hub
cd1a383ba19d785830011c3f19e6aa14957ff385,2025-12-20T13:13:25+00:00,Upload daily_papers.parquet with huggingface_hub
c61d157307eabd05651772397ad4379a9cf9ce3b,2025-12-19T13:17:55+00:00,Upload posts.parquet with huggingface_hub
676592b741e203bc9d5b3e9f10198cf0a3df2675,2025-12-19T13:17:53+00:00,Upload datasets.parquet with huggingface_hub
7c77b43f0d218789b831c4e234cc83ae9488a569,2025-12-19T13:17:05+00:00,Upload spaces.parquet with huggingface_hub
dd739c12f4fe4418cf82bc6fb98d4769796204b1,2025-12-19T13:16:05+00:00,Upload models.parquet with huggingface_hub
1dc9ea121811010ead62b153c963f9a2c50868af,2025-12-19T13:13:24+00:00,Upload daily_papers.parquet with huggingface_hub
72d38f6b2a3d15f3512840e4f9dd99a630b1085e,2025-12-18T13:19:27+00:00,Upload posts.parquet with huggingface_hub
737cc9d2a5ec71061b7d0829afa330ef4b2891eb,2025-12-18T13:19:20+00:00,Upload datasets.parquet with huggingface_hub
6e7b89139d228265907991bcc2b633b8a218f9aa,2025-12-18T13:18:18+00:00,Upload spaces.parquet with huggingface_hub
ac3c9dfcb66d40821d6c709e2cf6da5d8cd6d6b7,2025-12-18T13:17:11+00:00,Upload models.parquet with huggingface_hub
f86d2309386544b4a8ff880050f0d6720866c6e1,2025-12-18T13:14:05+00:00,Upload daily_papers.parquet with huggingface_hub
972bb58262fa2508dffa8b5267725560778d2de2,2025-12-17T13:17:14+00:00,Upload posts.parquet with huggingface_hub
c9d2b87080869a01c267639d6407eab7eb551ed6,2025-12-17T13:17:11+00:00,Upload datasets.parquet with huggingface_hub
7a3b45b2168cc2e48b4af667858b4855b1e1e419,2025-12-17T13:16:26+00:00,Upload spaces.parquet with huggingface_hub
bebd35ae43952d3213ca4d0f1e28c669d6970fb5,2025-12-17T13:15:26+00:00,Upload models.parquet with huggingface_hub
dca3812853894bf8a139b922346d00f2abdc462b,2025-12-17T13:12:48+00:00,Upload daily_papers.parquet with huggingface_hub
0c2e18016d70181769952257466f587d5d6d7726,2025-12-16T13:17:41+00:00,Upload posts.parquet with huggingface_hub
403ce091704532bc49c48124db048fdc87aedff0,2025-12-16T13:17:39+00:00,Upload datasets.parquet with huggingface_hub
8389481a36d441908ad28ed9887453473590a3c3,2025-12-16T13:16:51+00:00,Upload spaces.parquet with huggingface_hub
2f69a4c51420f64cb4404db395aed9f2484095a8,2025-12-16T13:15:43+00:00,Upload models.parquet with huggingface_hub
c7ade8c9ea553adc8198c72cbb66e7243920f16c,2025-12-16T13:13:08+00:00,Upload daily_papers.parquet with huggingface_hub
3dc90641b3bea548e74e865abdecee2150024ba9,2025-12-15T13:21:17+00:00,Upload posts.parquet with huggingface_hub
607f9c5288ffa329246f7a6a8b57fb3e4a3b5438,2025-12-15T13:21:16+00:00,Upload datasets.parquet with huggingface_hub
6614cfa99e59670bd4dcd0b031166931fc43ab80,2025-12-15T13:20:32+00:00,Upload spaces.parquet with huggingface_hub
ecd17b0e06530b4acfdb0deb3be8c3750c8c2415,2025-12-15T13:19:34+00:00,Upload models.parquet with huggingface_hub
371db1ffacc97de7b10168f53c15bf37396dc227,2025-12-15T13:17:01+00:00,Upload daily_papers.parquet with huggingface_hub
f1a037ff446dde8e82be82bc92eeff11d61f3e27,2025-12-14T13:18:25+00:00,Upload posts.parquet with huggingface_hub
43667ca4b17da4ca02efa4fcc01d636ca1e260cf,2025-12-14T13:18:23+00:00,Upload datasets.parquet with huggingface_hub
e5fd2596f3d9a4d9d0eaa5b1f739c7ff233c6ace,2025-12-14T13:17:39+00:00,Upload spaces.parquet with huggingface_hub
375a45513e2dc7252494ec45f6bf17bc4891930e,2025-12-14T13:16:49+00:00,Upload models.parquet with huggingface_hub
497c82b9b08194eddd65e66243296a9384fbfd83,2025-12-14T13:14:07+00:00,Upload daily_papers.parquet with huggingface_hub
d285b887f589bbebff0bce9c5ad170252b77ec6e,2025-12-13T13:17:14+00:00,Upload posts.parquet with huggingface_hub
a74b34aedf99121fb284678b7e36f1f28951a285,2025-12-13T13:17:12+00:00,Upload datasets.parquet with huggingface_hub
6fc555c842f53c5f0d9e8afd392bc9127053bdf5,2025-12-13T13:16:26+00:00,Upload spaces.parquet with huggingface_hub
5b75a05bb04947c0c7deb16c113fb33f50ccb0bc,2025-12-13T13:15:34+00:00,Upload models.parquet with huggingface_hub
e8a536180694d98093e6b8b9ecb4dbea419a7780,2025-12-13T13:12:53+00:00,Upload daily_papers.parquet with huggingface_hub
5b067dc0be8cd633305a01cbd24c601cd5c26997,2025-12-12T13:18:30+00:00,Upload posts.parquet with huggingface_hub
9cd37bcfe1e96edef863e93db681116cc7447421,2025-12-12T13:18:27+00:00,Upload datasets.parquet with huggingface_hub
2661946dafe0373e3c056257aa9e6b8773cfbe8d,2025-12-12T13:17:37+00:00,Upload spaces.parquet with huggingface_hub
26f326b34f46abe3260babcdf80903b5ee3ec041,2025-12-12T13:16:35+00:00,Upload models.parquet with huggingface_hub
9ef7b7912d2c447e2ff8b2db042544d3dafe01bd,2025-12-12T13:13:55+00:00,Upload daily_papers.parquet with huggingface_hub
5d08d22cab8c2739255e8b58eb710c4b544fdc1c,2025-12-11T13:18:04+00:00,Upload posts.parquet with huggingface_hub
f0c88b3a10dbd0b9ff07676049f631c0ce38088f,2025-12-11T13:17:57+00:00,Upload datasets.parquet with huggingface_hub
3c3d10bf3f16a97f79354344cd6e5cdd0cb3c905,2025-12-11T13:17:12+00:00,Upload spaces.parquet with huggingface_hub
f8c684949ab4405f9c994a1970369cc6e254f97b,2025-12-11T13:16:14+00:00,Upload models.parquet with huggingface_hub
202c0ba8b8044251910a48580370347d20bd8e44,2025-12-11T13:13:39+00:00,Upload daily_papers.parquet with huggingface_hub
38d0edebf6a501ebe07f6580497a95f4cf219b98,2025-12-10T13:17:37+00:00,Upload posts.parquet with huggingface_hub
944e78fba5864fecbabbfb82a12728c3be995d2b,2025-12-10T13:17:36+00:00,Upload datasets.parquet with huggingface_hub
4c33169efa0c68ea195c1e38dadf43987d4c2aa2,2025-12-10T13:16:51+00:00,Upload spaces.parquet with huggingface_hub
dc05f83e94b209acb1d166668cd0ffb0909fa725,2025-12-10T13:15:57+00:00,Upload models.parquet with huggingface_hub
cc903dd3819b128b73cdc97c6689d0af22db89a9,2025-12-10T13:13:19+00:00,Upload daily_papers.parquet with huggingface_hub
bfe283d31f2d556cc935694e1a6ecc3f61d75a7a,2025-12-10T01:03:50+00:00,Upload daily_papers.parquet with huggingface_hub
0f2d845c59c8636e0d9fa0c42226b857e51ee8f7,2025-12-09T21:06:53+00:00,Upload posts.parquet with huggingface_hub
a07ffc5d7f8eb1ae8700546307bffaec282d6e38,2025-12-09T21:06:48+00:00,Upload datasets.parquet with huggingface_hub
02daea180f92ce6e401e1976a18b7af4307cd183,2025-12-09T21:05:20+00:00,Upload spaces.parquet with huggingface_hub
1663b5dfb4d530fe23d5a1edd81b36f8412ab54d,2025-12-09T21:03:06+00:00,Upload models.parquet with huggingface_hub
dd114e2c0703ebdb7084c9480bcd65a13798b10d,2025-12-09T20:56:19+00:00,Upload daily_papers.parquet with huggingface_hub
0a898d4bce9616c59c28249308f8692f545c9dfa,2025-12-05T00:41:18+00:00,Upload posts.parquet with huggingface_hub
e6f45bf40a2226087542b6e611a30d89ac1ccbc9,2025-12-05T00:41:13+00:00,Upload datasets.parquet with huggingface_hub
4825d4de5fefb0779a76a79e776caf362b6796f9,2025-12-05T00:35:34+00:00,Upload spaces.parquet with huggingface_hub
4b72130ea8700e524a7d1aa453d183f955c92567,2025-12-05T00:26:47+00:00,Upload models.parquet with huggingface_hub
798054b8c691b8099c2d86815c01c94e468939d7,2025-12-05T00:01:01+00:00,Upload daily_papers.parquet with huggingface_hub
0be8515feb61b5ee2f77b867e2c89be6f47e9b01,2025-12-03T13:08:55+00:00,Upload models.parquet with huggingface_hub
2cc68168fc4ca692596d5ce470ef6b1770b8d010,2025-12-03T13:01:24+00:00,Upload daily_papers.parquet with huggingface_hub
1e53822b3da7e37351689c9628ff36e192e3972c,2025-12-02T13:08:15+00:00,Upload models.parquet with huggingface_hub
37034ce4392d5c80740f6627297a4500ed3ed53b,2025-12-02T13:00:46+00:00,Upload daily_papers.parquet with huggingface_hub
ef5885c413cf5f0bf637f256925f21c37cf1da54,2025-12-01T13:08:09+00:00,Upload models.parquet with huggingface_hub
434432e25db70b96b9c3cd2e5100f4ba569110e5,2025-12-01T13:00:52+00:00,Upload daily_papers.parquet with huggingface_hub
84182b2a2ad3303eaa977debebc3d7028b2578cb,2025-11-30T13:09:09+00:00,Upload models.parquet with huggingface_hub
9dd2e43a0ec394248c01bb3e126429889ba16cf0,2025-11-30T13:01:51+00:00,Upload daily_papers.parquet with huggingface_hub
28112586460c057b52614e85c72f4868a7814d11,2025-11-29T13:09:25+00:00,Upload models.parquet with huggingface_hub
f878492f470bac8bc79d7adfb11d3985f5da6add,2025-11-29T13:01:59+00:00,Upload daily_papers.parquet with huggingface_hub
3435f109e3f85635d05957a6265ddcd38ab328f3,2025-11-28T13:09:35+00:00,Upload models.parquet with huggingface_hub
4bb4b4b950e68f46759826f8d6a1b863d9d710b1,2025-11-28T13:02:14+00:00,Upload daily_papers.parquet with huggingface_hub
d2eee8278b98597624574c4ee18dda799b96eb26,2025-11-27T13:09:42+00:00,Upload models.parquet with huggingface_hub
c8797a2d5cb9c75e95fd6f956f6f77591c521d11,2025-11-27T13:02:12+00:00,Upload daily_papers.parquet with huggingface_hub
eaabe50c4606f6db3313bfb9d823b82b2c56bbcd,2025-11-26T13:09:32+00:00,Upload models.parquet with huggingface_hub
2520dd3cefb5655c93b419234c8e8cd6b9ec0acd,2025-11-26T13:02:11+00:00,Upload daily_papers.parquet with huggingface_hub
c26fa197895485a2f3c04acd5407f368d5fbbdf3,2025-11-25T13:08:08+00:00,Upload models.parquet with huggingface_hub
95d68f6fc87f2b710db8ac98f4043786eccba2b9,2025-11-25T13:00:47+00:00,Upload daily_papers.parquet with huggingface_hub
296b9cf5e2ead8eab7b6a207c33899c896d540e8,2025-11-24T18:39:05+00:00,Upload posts.parquet with huggingface_hub
11b826e82ba8aeff15adf1bc5904e529868984fd,2025-11-24T18:38:51+00:00,Upload datasets.parquet with huggingface_hub
7ccbe4f32343da0e634545683402f2e493e130bd,2025-11-24T18:34:37+00:00,Upload spaces.parquet with huggingface_hub
dee5ca6b25f12d61002b4f95e2724f0da4c52bad,2025-11-24T17:46:15+00:00,Upload models.parquet with huggingface_hub
088d6046c7e289bed1cf3e00c135d5dc782d6b7e,2025-11-24T17:41:48+00:00,Upload daily_papers.parquet with huggingface_hub
5867da6f4beafea737cf616456edc7a6b5cfebaf,2025-11-24T13:09:26+00:00,Upload models.parquet with huggingface_hub
8ba0786ff5de6d912e30049e7b439424d6b7323c,2025-11-24T13:01:39+00:00,Upload daily_papers.parquet with huggingface_hub
a7b866e20477f63f5e2fd7b6fd9243ad63556c19,2025-11-23T13:09:12+00:00,Upload models.parquet with huggingface_hub
74fc5bfc6d6a8fa2c37c3972db1fd774c191c6c7,2025-11-23T13:01:59+00:00,Upload daily_papers.parquet with huggingface_hub
9dfaef1623244e6cd90ac63cb7c88c678cfec745,2025-11-22T13:09:24+00:00,Upload models.parquet with huggingface_hub
d26332b3fa9e1560b854e02885f73bb272fe832b,2025-11-22T13:02:08+00:00,Upload daily_papers.parquet with huggingface_hub
4518d1842c7a1ff2a621d649e047ebeafecdd8a4,2025-11-21T13:09:50+00:00,Upload models.parquet with huggingface_hub
8044c117538d5e8cfd1cc3f6c452a34598c8f662,2025-11-21T13:02:43+00:00,Upload daily_papers.parquet with huggingface_hub
9fde9c03f7f0766cbdf6a6e3b7e9a75ffb0f3c56,2025-11-20T13:09:18+00:00,Upload models.parquet with huggingface_hub
1f6d5debae256e1121c2274c31aae74b64b937b2,2025-11-20T13:01:39+00:00,Upload daily_papers.parquet with huggingface_hub
466bbf95bffe61b56dca6f58b0912a93e8d74740,2025-11-19T13:10:05+00:00,Upload models.parquet with huggingface_hub
f3d765c100b0a8fc0e75644ccded81ef093af995,2025-11-19T13:02:28+00:00,Upload daily_papers.parquet with huggingface_hub
aea24367e25c8e83f24dddc9c00c99afa8abd47c,2025-11-18T13:08:41+00:00,Upload models.parquet with huggingface_hub
9bd37b2b91a33fb7d8bcee4e2dda2858ebd31da2,2025-11-18T13:01:34+00:00,Upload daily_papers.parquet with huggingface_hub
3d0b6be393cd011d71087363169df13c6d1fd03b,2025-11-17T13:10:30+00:00,Upload models.parquet with huggingface_hub
8c286377b2524f8fa8aebcf30fdc267f772c3d4e,2025-11-17T13:02:29+00:00,Upload daily_papers.parquet with huggingface_hub
7bb6d91a26ba7b3f0150d9970ba85204c4def160,2025-11-16T13:09:10+00:00,Upload models.parquet with huggingface_hub
2a3cb34ea14296684d4c741e48b3214f43bbc51e,2025-11-16T13:01:41+00:00,Upload daily_papers.parquet with huggingface_hub
fc6168726e9b83b3f44a7e98dcff823d656252c7,2025-11-15T13:09:44+00:00,Upload models.parquet with huggingface_hub
c6ec40b12603b20c7ea582f46a22b19ddba195d0,2025-11-15T13:02:20+00:00,Upload daily_papers.parquet with huggingface_hub
66f5926d41a8831f67f5f935aeffbb72ce527731,2025-11-14T13:10:04+00:00,Upload models.parquet with huggingface_hub
b3fda44fa50647f3f692206e515a33705f0db790,2025-11-14T13:02:16+00:00,Upload daily_papers.parquet with huggingface_hub
f4f4c9706d9d539a6817bc76c270e2c45820ab78,2025-11-13T13:10:24+00:00,Upload models.parquet with huggingface_hub
bca1687bae983360bfeebdca3269dbbdeefcb50c,2025-11-13T13:02:47+00:00,Upload daily_papers.parquet with huggingface_hub
a61d29f6a656725e73d77d941273acc2d43b599c,2025-11-12T13:09:36+00:00,Upload models.parquet with huggingface_hub
1b21ff57fded49418b837353b0c5d8c9e8ad80a4,2025-11-12T13:02:24+00:00,Upload daily_papers.parquet with huggingface_hub
a720aca39288567d509fcd5361975e0f742a091f,2025-11-11T13:09:37+00:00,Upload models.parquet with huggingface_hub
dbdb4993cf0975d690d102db1ea4de55941f4ef1,2025-11-11T13:02:09+00:00,Upload daily_papers.parquet with huggingface_hub
4fa2ab4248ef077e0107d2351991bd478db4dfe8,2025-11-10T13:08:59+00:00,Upload models.parquet with huggingface_hub
1b6b762c326798cc9d4439b85f0eaf2f1084521e,2025-11-10T13:01:48+00:00,Upload daily_papers.parquet with huggingface_hub
0f0840e69bb5e17106a696407c546a5d05143871,2025-11-09T13:09:06+00:00,Upload models.parquet with huggingface_hub
8124e874d4e4c797098de85d123fd272f8bd954c,2025-11-09T13:01:55+00:00,Upload daily_papers.parquet with huggingface_hub
7042cfaf95d8dfd176e6739d51a21802eb3e04f2,2025-11-08T13:08:28+00:00,Upload models.parquet with huggingface_hub
79e68fc7ef85b6c2b4bccb0f0854827e6a4b027b,2025-11-08T13:01:32+00:00,Upload daily_papers.parquet with huggingface_hub
e098be286901be7085337babf588bebc1c466ed8,2025-11-07T13:09:08+00:00,Upload models.parquet with huggingface_hub
7f08538a38128ccbd11bdf6dc50c7233f37316d7,2025-11-07T13:02:02+00:00,Upload daily_papers.parquet with huggingface_hub
4eaa668068187a95495586722f9e985ba75551a3,2025-11-06T13:09:59+00:00,Upload models.parquet with huggingface_hub
572cb95e942ab81fba27a4877eb861133b541339,2025-11-06T13:02:54+00:00,Upload daily_papers.parquet with huggingface_hub
abd37826ed98da6c9ef75d2f80d09d43b8a4641a,2025-11-05T13:09:52+00:00,Upload models.parquet with huggingface_hub
aeee1c5db24c2f54dd13b1e8c2324e5f1d2c324a,2025-11-05T13:02:30+00:00,Upload daily_papers.parquet with huggingface_hub
1d464bb26a9344fa7e9101f1d39226775d2cf5a2,2025-11-04T13:09:44+00:00,Upload models.parquet with huggingface_hub
05d53bf74ff66ddb7b63d417ee836b0d30162559,2025-11-04T13:02:20+00:00,Upload daily_papers.parquet with huggingface_hub
53bf73d0cf3d4e96cf147c1e393c0d6b241bfdc2,2025-11-03T13:26:17+00:00,Upload posts.parquet with huggingface_hub
1f124fb2e5d32a16af1ddffdfe9dd9dda473835c,2025-11-03T13:26:05+00:00,Upload datasets.parquet with huggingface_hub
5bbc5aab156480899d306a8dee7be28f9b200a1b,2025-11-03T13:23:55+00:00,Upload spaces.parquet with huggingface_hub
f2c2d6d0b0b641414adf79ef1d8d76805f20ac92,2025-11-03T13:20:20+00:00,Upload models.parquet with huggingface_hub
274a2aee5a894070af3bbe7aa16a8871187eb5bf,2025-11-03T13:04:29+00:00,Upload daily_papers.parquet with huggingface_hub
fd2b046bfc85626f572d5732ad91fa8180e1f049,2025-11-02T13:10:30+00:00,Upload models.parquet with huggingface_hub
d74c783125ae2b295a7d255270554684ce0e88f4,2025-11-02T13:02:13+00:00,Upload daily_papers.parquet with huggingface_hub
e4d0959adb821c3678bde710b23643ceb6126a50,2025-11-01T13:09:20+00:00,Upload models.parquet with huggingface_hub
647ccb6524a0c20f9e76083b28ecb6a95d9041b1,2025-11-01T13:01:58+00:00,Upload daily_papers.parquet with huggingface_hub
e34a163eca93fdcaf4fb8f556539b084f716ce4d,2025-10-31T13:15:01+00:00,Upload posts.parquet with huggingface_hub
8cd202c55b188a6d662077b3bf0d3ed643f1479f,2025-10-31T13:14:49+00:00,Upload datasets.parquet with huggingface_hub
534a7c7e6d550abd1acd7d3390170e2b841ec399,2025-10-31T13:13:00+00:00,Upload spaces.parquet with huggingface_hub
4741e84ec1a52cfdd59bebbdfaecbba5810c1861,2025-10-31T13:09:24+00:00,Upload models.parquet with huggingface_hub
7eac8a89517ff1475d11f14d7d3fbb8f40b7cbca,2025-10-31T13:02:14+00:00,Upload daily_papers.parquet with huggingface_hub
15ddf65f842d3be9c37374535a05331518cc7f62,2025-10-30T13:14:42+00:00,Upload posts.parquet with huggingface_hub
d14eaa8a7a9a0c42bfcf35f2f80b4420c97d5dfd,2025-10-30T13:14:32+00:00,Upload datasets.parquet with huggingface_hub
acff52354b3f2c67b6c6f7672ca7faebffe4df35,2025-10-30T13:12:44+00:00,Upload spaces.parquet with huggingface_hub
f6c7acba5c06c82abefedd6146936d1af11b3857,2025-10-30T13:09:26+00:00,Upload models.parquet with huggingface_hub
5bb40e92d1a2b8c646841dd0bf343f1ee3bc970d,2025-10-30T13:02:11+00:00,Upload daily_papers.parquet with huggingface_hub
795ae9924248abb2c32a92bb6c3739b39e0f0526,2025-10-29T13:15:08+00:00,Upload posts.parquet with huggingface_hub
fa39328dc159fcc58861436b6130ce80c42f7b86,2025-10-29T13:14:57+00:00,Upload datasets.parquet with huggingface_hub
f082f31e72db2c82e6eef4186ea2cd1e4ef29858,2025-10-29T13:13:00+00:00,Upload spaces.parquet with huggingface_hub
c4f5c01607fb95e4cc0029c921804fba62d7e720,2025-10-29T13:09:39+00:00,Upload models.parquet with huggingface_hub
b1095591a1aabd1062ee27d3a0a1ec0fa01b050d,2025-10-29T13:02:15+00:00,Upload daily_papers.parquet with huggingface_hub
09c6f8cd67278820e7e688557a2f9619e72b07b0,2025-10-28T13:15:08+00:00,Upload posts.parquet with huggingface_hub
e057ec8e62b561527a9ae3a504d34d8e8ac05b2e,2025-10-28T13:14:57+00:00,Upload datasets.parquet with huggingface_hub
ede042adfaea6da1df54a130db720d137c23c198,2025-10-28T13:13:02+00:00,Upload spaces.parquet with huggingface_hub
9f472e2d875f377bb005502de038123b1a66b694,2025-10-28T13:09:40+00:00,Upload models.parquet with huggingface_hub
f0dad1cb1fa46fe58e26f0f07a4daff91a0032af,2025-10-28T13:02:11+00:00,Upload daily_papers.parquet with huggingface_hub
5f9bff2fa30c796990914b1a807a7fed805b400d,2025-10-27T13:14:25+00:00,Upload posts.parquet with huggingface_hub
effac16db5081cea0c8ec5109cecd45e3d2371f8,2025-10-27T13:14:14+00:00,Upload datasets.parquet with huggingface_hub
4f505e0610b81f60c88c1ee6304083394d34f741,2025-10-27T13:12:25+00:00,Upload spaces.parquet with huggingface_hub
e6909552041cd66b002cbaeb84120b8c6d972898,2025-10-27T13:09:13+00:00,Upload models.parquet with huggingface_hub
36a3ba54adc090325b655352f7c6af0042258f3a,2025-10-27T13:01:56+00:00,Upload daily_papers.parquet with huggingface_hub
d9858a52625c3af607d2092079199fb072d6eda1,2025-10-26T13:15:05+00:00,Upload posts.parquet with huggingface_hub
5173d754fc4cbce1c215db5fd155b85e7e6c32fc,2025-10-26T13:14:55+00:00,Upload datasets.parquet with huggingface_hub
938e0e48eff1c533d89b57b7cb09d4ec1a57ae6c,2025-10-26T13:13:06+00:00,Upload spaces.parquet with huggingface_hub
bbe801d0af09e7a479c9e99d6664fa30440cb070,2025-10-26T13:09:51+00:00,Upload models.parquet with huggingface_hub
f912513eb4c8bacfc202c884ed786b2262e5a0f0,2025-10-26T13:02:34+00:00,Upload daily_papers.parquet with huggingface_hub
7049051a0755c9184875fa14475bb8107b724a92,2025-10-25T13:14:59+00:00,Upload posts.parquet with huggingface_hub
beecef05c4be4bb82a796e24211af04953369108,2025-10-25T13:14:48+00:00,Upload datasets.parquet with huggingface_hub
259a4ab764ea0c891a9a879a461cbcc6b59cf175,2025-10-25T13:13:02+00:00,Upload spaces.parquet with huggingface_hub
5b3870c1f73c93563c7b27ea930a039ea0992c08,2025-10-25T13:09:53+00:00,Upload models.parquet with huggingface_hub
4e7bcfa77127b33683735247cd9fb7ac619ea3f9,2025-10-25T13:02:43+00:00,Upload daily_papers.parquet with huggingface_hub
c90658f9fd716f8c92e10f2dfc76495c65c2fbb5,2025-10-24T13:14:07+00:00,Upload posts.parquet with huggingface_hub
7adcf486a91c02929d9cfd2c94af37c6c3b4dad4,2025-10-24T13:13:57+00:00,Upload datasets.parquet with huggingface_hub
4d315dae5f3f995537a7f23e8bb2126550920e81,2025-10-24T13:12:13+00:00,Upload spaces.parquet with huggingface_hub
59e7d4880b3112c8a2323d85203a6a0411908314,2025-10-24T13:09:07+00:00,Upload models.parquet with huggingface_hub
f56c96332f1c686303b0333a48bcdc18b8a9954d,2025-10-24T13:02:02+00:00,Upload daily_papers.parquet with huggingface_hub
382d9aa05291d11ce4651463e15797f168706f9d,2025-10-23T13:14:38+00:00,Upload posts.parquet with huggingface_hub
8ea1ffb456acaf03d0cd3a21cd125189e6de17c9,2025-10-23T13:14:27+00:00,Upload datasets.parquet with huggingface_hub
1055c1051b68af18b7d99d31741d7a98c37b8de0,2025-10-23T13:12:39+00:00,Upload spaces.parquet with huggingface_hub
272fd44d15494709f6ca8f0b617e42562569b08b,2025-10-23T13:09:27+00:00,Upload models.parquet with huggingface_hub
baf939475442dbdcb9572ddc3cc0c3cae0a435fc,2025-10-23T13:02:12+00:00,Upload daily_papers.parquet with huggingface_hub
75178e18978da1e8641e6b4824cea661f43bdfec,2025-10-22T13:14:36+00:00,Upload posts.parquet with huggingface_hub
c6ce40a0d08ed1b88d090d6c9fff969a9f55ea92,2025-10-22T13:14:23+00:00,Upload datasets.parquet with huggingface_hub
993ec60bafc356c2d1f6f89ffd361a60673e7ca9,2025-10-22T13:12:32+00:00,Upload spaces.parquet with huggingface_hub
982e56daccc96732fc9e8bdbc70f6bd789c1f672,2025-10-22T13:09:23+00:00,Upload models.parquet with huggingface_hub
470f94289621ce3be6965aa0e5188d7d27224d06,2025-10-22T13:02:24+00:00,Upload daily_papers.parquet with huggingface_hub
b58171439db89ab5d1879c21527297e62f38c273,2025-10-21T13:13:43+00:00,Upload posts.parquet with huggingface_hub
1e5da99f0bd5dee16c53f73b96d15f89a6b7473f,2025-10-21T13:13:33+00:00,Upload datasets.parquet with huggingface_hub
5edd1dbf85d528cca06143f03dc090f75a96f5b0,2025-10-21T13:11:45+00:00,Upload spaces.parquet with huggingface_hub
7372d8ad6bdc20a386a22ab3032fb4075963e30c,2025-10-21T13:08:41+00:00,Upload models.parquet with huggingface_hub
6fe45f428acc5b29b64a174bcbd06fe3ca577f89,2025-10-21T13:01:45+00:00,Upload daily_papers.parquet with huggingface_hub
d49f91527771cd93bf5bb097864242c99b72ba4b,2025-10-19T13:14:31+00:00,Upload posts.parquet with huggingface_hub
7bb889ed923037c1394922e0d95202c8167d9953,2025-10-19T13:14:18+00:00,Upload datasets.parquet with huggingface_hub
d42b75a09513c4516dfafa6e6b66da11ba5b128f,2025-10-19T13:12:26+00:00,Upload spaces.parquet with huggingface_hub
aac25e24a3f932f1629f23f125b5ae2d0473cadf,2025-10-19T13:09:28+00:00,Upload models.parquet with huggingface_hub
40ac533275015bea5beb1129977e8e8e3c3b863a,2025-10-19T13:02:31+00:00,Upload daily_papers.parquet with huggingface_hub
ab9aae29c6e096cb72bb70348e26486497b2748c,2025-10-18T13:13:57+00:00,Upload posts.parquet with huggingface_hub
e2e372cdf8350cc67a640ab6758daebea7998127,2025-10-18T13:13:47+00:00,Upload datasets.parquet with huggingface_hub
df679192dfb496dcf5def5eea36beb11d972fe30,2025-10-18T13:12:06+00:00,Upload spaces.parquet with huggingface_hub
7755796fd32f76b61170b92585e5f7711c095311,2025-10-18T13:09:06+00:00,Upload models.parquet with huggingface_hub
c75440db93b96c36b7f42efdbd254ed33f0be17f,2025-10-18T13:02:10+00:00,Upload daily_papers.parquet with huggingface_hub
eecd7c8ac1e879d693c5be9c8326fa332a20b807,2025-10-17T13:14:37+00:00,Upload posts.parquet with huggingface_hub
e5d07880a8d2be1ca3d84508101df963bfcbac4e,2025-10-17T13:14:26+00:00,Upload datasets.parquet with huggingface_hub
d428848e3517b48b0231f558a602f40e9af6b933,2025-10-17T13:12:28+00:00,Upload spaces.parquet with huggingface_hub
fd2afd864131fce4ce45a3b9645090e8e7525f07,2025-10-17T13:09:15+00:00,Upload models.parquet with huggingface_hub
8307b468014943f2e4cae13c6f0955f025cc12df,2025-10-17T13:01:49+00:00,Upload daily_papers.parquet with huggingface_hub
f30f653af4a2275cbcde5dadfddbf5f757bc6fb0,2025-10-16T13:13:59+00:00,Upload posts.parquet with huggingface_hub
b6c0b8305e0fb09f6334e1374044a7acc02e5533,2025-10-16T13:13:49+00:00,Upload datasets.parquet with huggingface_hub
abb215941ffeb987b2b476e5cd57af3a1ed34b2a,2025-10-16T13:12:05+00:00,Upload spaces.parquet with huggingface_hub
6ee89cfc7566370c498405014e829778d5001b1d,2025-10-16T13:08:54+00:00,Upload models.parquet with huggingface_hub
ada72c182bafac34fd20361834616930d775e66f,2025-10-16T13:01:18+00:00,Upload daily_papers.parquet with huggingface_hub
ce43ef9dbb522b0796f0f70555b4d3b7887a17ee,2025-10-15T13:16:03+00:00,Upload posts.parquet with huggingface_hub
baeeb511e9052efa346d2b88645c63c4a6807c3a,2025-10-15T13:15:53+00:00,Upload datasets.parquet with huggingface_hub
95122683d23ecaa28d9ddd868fb1f1699bd42c10,2025-10-15T13:14:12+00:00,Upload spaces.parquet with huggingface_hub
26880af1b921f55132bc85d89b5f36275316d484,2025-10-15T13:11:10+00:00,Upload models.parquet with huggingface_hub
6b037c7e3613d2d7367e42feb4aaeed525aa0439,2025-10-15T13:03:38+00:00,Upload daily_papers.parquet with huggingface_hub
e37a070f83bb353dd20b95c3e9e75e656c44a460,2025-10-14T13:15:27+00:00,Upload posts.parquet with huggingface_hub
d0ab3133fbe16f28b17cb3baebf67def39723619,2025-10-14T13:15:17+00:00,Upload datasets.parquet with huggingface_hub
23fe595440657772bf4b94ea587b78462b69c506,2025-10-14T13:13:38+00:00,Upload spaces.parquet with huggingface_hub
f732760588a2378712e52a56550461309ba120d6,2025-10-14T13:10:24+00:00,Upload models.parquet with huggingface_hub
4e583651d92bdd6d52f87b38fe51569da4cf4f1f,2025-10-14T13:03:17+00:00,Upload daily_papers.parquet with huggingface_hub
f5207e1d8e5d5a7d74e6028261cbcb1c0c7c16fb,2025-10-13T13:15:26+00:00,Upload posts.parquet with huggingface_hub
ee9a7b4d4b10bbd6dfeb93ceb9b28b0eb62f749d,2025-10-13T13:15:12+00:00,Upload datasets.parquet with huggingface_hub
3df821bce6232e4ab6197aad0a57903feecd15f8,2025-10-13T13:13:29+00:00,Upload spaces.parquet with huggingface_hub
874d7ccff40cf2fa502e1c39eb6d477590895011,2025-10-13T13:10:20+00:00,Upload models.parquet with huggingface_hub
d26bb00f8386a1bb4f3deea6cb5cbf7bb62ad5b2,2025-10-13T13:03:09+00:00,Upload daily_papers.parquet with huggingface_hub
63f5466eb01aa6acc1c31cb47a23bca9c219a313,2025-10-12T13:14:48+00:00,Upload posts.parquet with huggingface_hub
f8e5d3b9f1f095e14db179a416e99217bd2e2a0c,2025-10-12T13:14:38+00:00,Upload datasets.parquet with huggingface_hub
5d2cb17d8770a7acfa28aff26cde7ba3ae2981d8,2025-10-12T13:12:53+00:00,Upload spaces.parquet with huggingface_hub
886cf7f919bfca3bfe28750e284487891645a824,2025-10-12T13:09:48+00:00,Upload models.parquet with huggingface_hub
2d34380a89145d9a4447241dae05c34c58df8b47,2025-10-12T13:02:37+00:00,Upload daily_papers.parquet with huggingface_hub
d576a85e10d82878d9320045361305d33a8e6292,2025-10-11T13:14:26+00:00,Upload posts.parquet with huggingface_hub
22a7fbd6c7482c76a5a573cec591f67ce057c2af,2025-10-11T13:14:16+00:00,Upload datasets.parquet with huggingface_hub
0ee4fe5e386176e42b1894723213c6171391e161,2025-10-11T13:12:35+00:00,Upload spaces.parquet with huggingface_hub
8a439ff0572887f923bd0b65e557fb34103b1504,2025-10-11T13:09:25+00:00,Upload models.parquet with huggingface_hub
332596dfe56ce8544eace7b84956640cc3129b3c,2025-10-11T13:02:23+00:00,Upload daily_papers.parquet with huggingface_hub
7368b299616226619b50c5ba353ff3c7a2bd2865,2025-10-10T13:14:41+00:00,Upload posts.parquet with huggingface_hub
286d74c0913ef58b50382659bed148421efe40ee,2025-10-10T13:14:31+00:00,Upload datasets.parquet with huggingface_hub
56d226a0ae1274bfaa1c3b38d26c21fc1340600f,2025-10-10T13:12:44+00:00,Upload spaces.parquet with huggingface_hub
5b04a601bd5991dc58d73abac9f5ba1c6debde4d,2025-10-10T13:09:37+00:00,Upload models.parquet with huggingface_hub
7d4e533c954dbed5744624e34adb520ab15b21ef,2025-10-10T13:02:33+00:00,Upload daily_papers.parquet with huggingface_hub
dc5f4857135005b88419c5392cfa3049e084a97e,2025-10-09T13:15:05+00:00,Upload posts.parquet with huggingface_hub
6572e249d51a6231e4a7fb549efec36890b7e2c9,2025-10-09T13:14:51+00:00,Upload datasets.parquet with huggingface_hub
09fd6b2ebf1eed33bb04f4ab0545da878eba2361,2025-10-09T13:12:54+00:00,Upload spaces.parquet with huggingface_hub
71c58350f8e60a0101dff130d4fb28c16950a04d,2025-10-09T13:09:33+00:00,Upload models.parquet with huggingface_hub
053be6eae8e87516d78b0336c2593561d3fb465a,2025-10-09T13:02:17+00:00,Upload daily_papers.parquet with huggingface_hub
a202c66d3ab903447719051180d598173b2a0332,2025-10-08T13:14:03+00:00,Upload posts.parquet with huggingface_hub
764a25f765b4ec1a9c18814ee8b06e576f1dd099,2025-10-08T13:13:52+00:00,Upload datasets.parquet with huggingface_hub
3c7c51130f0158971ebb546a9643cc4bb5a0c0bb,2025-10-08T13:12:01+00:00,Upload spaces.parquet with huggingface_hub
64259e15b68d7faf85bad84a8e4fd0964d994f9f,2025-10-08T13:09:15+00:00,Upload models.parquet with huggingface_hub
f8a49f44cc00d9090002e1a7495ecdb83cef0a60,2025-10-08T13:02:12+00:00,Upload daily_papers.parquet with huggingface_hub
d97f7ddbce0df125d1486240e7f47dd10b3cbebd,2025-10-07T13:14:50+00:00,Upload posts.parquet with huggingface_hub
429deb6af9b9004bbc6a102be7450f0ad48c1958,2025-10-07T13:14:39+00:00,Upload datasets.parquet with huggingface_hub
9f4dade0f2baac78a605421add3b50d62ac8eafb,2025-10-07T13:12:48+00:00,Upload spaces.parquet with huggingface_hub
78e8d918905b664261db3f4360b8338f205f4609,2025-10-07T13:09:58+00:00,Upload models.parquet with huggingface_hub
5fb22820c57d03d180f4df41616d83c98f5a69ad,2025-10-07T13:02:52+00:00,Upload daily_papers.parquet with huggingface_hub
7bc9d393fcdcaaf3e0aa391a2560d1ea113827e9,2025-10-06T13:15:18+00:00,Upload posts.parquet with huggingface_hub
e7023746032550562c1181bfd5a721d9c9a23314,2025-10-06T13:15:07+00:00,Upload datasets.parquet with huggingface_hub
97227847c523ccd852c722a505fddefbb70c67aa,2025-10-06T13:13:13+00:00,Upload spaces.parquet with huggingface_hub
a19be55d67ee19f82f938ef1d42c58c34e3015e1,2025-10-06T13:10:19+00:00,Upload models.parquet with huggingface_hub
a34db5ef9b4a598fb4dee395ce7267b46ddafb60,2025-10-06T13:03:06+00:00,Upload daily_papers.parquet with huggingface_hub
1f6d71ff2011adabf575a7e19f178bb7d683bb3c,2025-10-05T13:14:18+00:00,Upload posts.parquet with huggingface_hub
a563fa8b4e038c9ea47407c340506d176e52c3df,2025-10-05T13:14:07+00:00,Upload datasets.parquet with huggingface_hub
232b22d30065fd5ebc3b7b56760668fb056cf16b,2025-10-05T13:12:15+00:00,Upload spaces.parquet with huggingface_hub
0ce427315af82ceadac651770270868a7071e9bf,2025-10-05T13:09:25+00:00,Upload models.parquet with huggingface_hub
6ccbb4f9c4fe9de074248f291b3bf457148588ee,2025-10-05T13:02:18+00:00,Upload daily_papers.parquet with huggingface_hub
a883ad1d4c4711a3b9108ecd3c41f6c53923c8cc,2025-10-04T13:13:36+00:00,Upload posts.parquet with huggingface_hub
93443292dc50958356d32c4a6b2de1dbe7b1db02,2025-10-04T13:13:23+00:00,Upload datasets.parquet with huggingface_hub
b8bcbb721e609856ec33a71607891df24c512f74,2025-10-04T13:11:37+00:00,Upload spaces.parquet with huggingface_hub
6ff949f5d1d8ca2b8508da1d6571edc873e0d0b6,2025-10-04T13:08:53+00:00,Upload models.parquet with huggingface_hub
893973fc7a9a0d62b28d529210d6d14c10400334,2025-10-04T13:01:50+00:00,Upload daily_papers.parquet with huggingface_hub
0959d4d1720e28c33cd777910d44c01aaeaf5d96,2025-10-03T13:14:07+00:00,Upload posts.parquet with huggingface_hub
0ce68e0f28b743703380ae5a9bea2a7bf337ebde,2025-10-03T13:13:57+00:00,Upload datasets.parquet with huggingface_hub
c5dc9e4c99067e53e885dd7b6d917129212527a1,2025-10-03T13:12:04+00:00,Upload spaces.parquet with huggingface_hub
8aae0392dd28c31d08f44e363e7cb95db42c3798,2025-10-03T13:09:07+00:00,Upload models.parquet with huggingface_hub
1ab8a9b4d78a81a34022366c429c88d00ca56395,2025-10-03T13:02:05+00:00,Upload daily_papers.parquet with huggingface_hub
78fe96ef47296b0ae588efd72e8deac1a2e55ef2,2025-10-02T13:14:05+00:00,Upload posts.parquet with huggingface_hub
806aedeeff6797b272290db50e1fefb50f45312b,2025-10-02T13:13:56+00:00,Upload datasets.parquet with huggingface_hub
546f606446091653ffc8bbb85873b4e2aa224b5b,2025-10-02T13:11:58+00:00,Upload spaces.parquet with huggingface_hub
eda1ac38157ffc4acb21684de82a907ae5b67d70,2025-10-02T13:09:12+00:00,Upload models.parquet with huggingface_hub
2d7d4b57edc616402f011ca361f7b11a25209051,2025-10-02T13:02:12+00:00,Upload daily_papers.parquet with huggingface_hub
3087e94abdc685d4eebe3c567fd8f9155ca1463e,2025-10-01T13:13:55+00:00,Upload posts.parquet with huggingface_hub
5052eb046acba117b724d429cbe1d0444460ab89,2025-10-01T13:13:45+00:00,Upload datasets.parquet with huggingface_hub
8287205ae26becc760e619329929e69e8f996c58,2025-10-01T13:11:54+00:00,Upload spaces.parquet with huggingface_hub
6751169c4e99358ce1a53c221d0457d90aae014b,2025-10-01T13:08:59+00:00,Upload models.parquet with huggingface_hub
a66242649b83302b6ef273af55c1e30968be4aa9,2025-10-01T13:02:04+00:00,Upload daily_papers.parquet with huggingface_hub
390a2d18e02fc5da197b3e3f9bb5c86b505bb0e1,2025-09-30T13:15:02+00:00,Upload posts.parquet with huggingface_hub
365fee86533b801a7410712e4b76bba3e6d47ac9,2025-09-30T13:14:52+00:00,Upload datasets.parquet with huggingface_hub
72146dfeaca73b7a602ba212f6eb5e19cade105e,2025-09-30T13:13:01+00:00,Upload spaces.parquet with huggingface_hub
9aec3d62397985b7aff9aa16dde401998859398e,2025-09-30T13:10:13+00:00,Upload models.parquet with huggingface_hub
261d619f0cea07e8d33bcbc9385acb03b9f1d704,2025-09-30T13:03:05+00:00,Upload daily_papers.parquet with huggingface_hub
588cedab30fb71778b0018ad15743facc54b719d,2025-09-29T13:14:44+00:00,Upload posts.parquet with huggingface_hub
b6dd53fb40f2fd7a1a8b936b67568d9b59af10c3,2025-09-29T13:14:35+00:00,Upload datasets.parquet with huggingface_hub
0f0c229277cb7a576637b23e6674711095ea0df7,2025-09-29T13:12:44+00:00,Upload spaces.parquet with huggingface_hub
57a890c8a33174644c4a0fca915d0d41401806d6,2025-09-29T13:09:53+00:00,Upload models.parquet with huggingface_hub
a258b2e6f6693302cb7c35040d70bd82237cfd1e,2025-09-29T13:02:48+00:00,Upload daily_papers.parquet with huggingface_hub
74da631cc35738df6ea0eb7ff4357f7b8a8c087b,2025-09-28T13:14:12+00:00,Upload posts.parquet with huggingface_hub
b7db93406b126c94c6201be4df7824580eb7f03f,2025-09-28T13:14:03+00:00,Upload datasets.parquet with huggingface_hub
2de0973328265f443871ed007432e82f2765c858,2025-09-28T13:12:14+00:00,Upload spaces.parquet with huggingface_hub
9347fa03e0880ea86efc03851845c376c652bf89,2025-09-28T13:09:28+00:00,Upload models.parquet with huggingface_hub
6ae1889a02cf9e03bc02cf6d740f5cd40a9ac0b8,2025-09-28T13:02:40+00:00,Upload daily_papers.parquet with huggingface_hub
9dd829b272351727312f9aaaec91e92184a8ac57,2025-09-27T13:14:26+00:00,Upload posts.parquet with huggingface_hub
75ca0dd8888d445ce391bd1d76b0d8969b025c00,2025-09-27T13:14:15+00:00,Upload datasets.parquet with huggingface_hub
2540f2d63636cf7c4dfd8c8d3f68ad69d6796dca,2025-09-27T13:12:27+00:00,Upload spaces.parquet with huggingface_hub
7bb1e8d7cc7af152cd87aa4b56b9f475266c8f82,2025-09-27T13:09:39+00:00,Upload models.parquet with huggingface_hub
92da6b309f45459b776c2176b35af792c7be326c,2025-09-27T13:02:36+00:00,Upload daily_papers.parquet with huggingface_hub
a25722d0fff1b9c6c5163135d42acae30599a311,2025-09-26T13:14:29+00:00,Upload posts.parquet with huggingface_hub
615a003748edbd3089a3f0f0a444e3a32902f35b,2025-09-26T13:14:20+00:00,Upload datasets.parquet with huggingface_hub
59d4f5c00401499d23350528ab4e4ba38f1a4ece,2025-09-26T13:12:28+00:00,Upload spaces.parquet with huggingface_hub
b87c472e7446061c855198170af7dc6e35895a21,2025-09-26T13:09:39+00:00,Upload models.parquet with huggingface_hub
43d7e240afabc308cbaf9ef366cdafc1d6c6d41e,2025-09-26T13:02:36+00:00,Upload daily_papers.parquet with huggingface_hub
5925d1e1cf44ad66753c5d6f3e47add72f433081,2025-09-25T13:14:00+00:00,Upload posts.parquet with huggingface_hub
cefab8d99fad6d3d083eabe911ee2fd4029623c8,2025-09-25T13:13:50+00:00,Upload datasets.parquet with huggingface_hub
6e91a91cf2630505b31de4b98c8e0473285fc047,2025-09-25T13:12:01+00:00,Upload spaces.parquet with huggingface_hub
f288c7940aeea02f32b008cb651e3845925982af,2025-09-25T13:09:12+00:00,Upload models.parquet with huggingface_hub
d8da5b1402bce1650f12a02489e9b8ce5d8d6bb9,2025-09-25T13:02:13+00:00,Upload daily_papers.parquet with huggingface_hub
3f9f94a4f7709e972cc49b50fef28e3077468252,2025-09-24T13:14:46+00:00,Upload posts.parquet with huggingface_hub
3120b5fe6d7fe3f2dae3fdedcb1d8aa664789562,2025-09-24T13:14:37+00:00,Upload datasets.parquet with huggingface_hub
b2fe4a28148c925bda04a0a754ae78f9f6a4c91a,2025-09-24T13:12:51+00:00,Upload spaces.parquet with huggingface_hub
d8c88508debc87c94999bf42fe136a72417f229f,2025-09-24T13:10:05+00:00,Upload models.parquet with huggingface_hub
b7b618294e1904ae9526b0a7630bffae7ab57efc,2025-09-24T13:03:03+00:00,Upload daily_papers.parquet with huggingface_hub
e165c333b5492e8e2f19670fc6a52a9e8033e967,2025-09-23T13:14:25+00:00,Upload posts.parquet with huggingface_hub
94be40f16f4569244bb6a66c6b7c9461e0ecffe1,2025-09-23T13:14:16+00:00,Upload datasets.parquet with huggingface_hub
46d1f539164735a786057945c201e946b7cf7a5e,2025-09-23T13:12:33+00:00,Upload spaces.parquet with huggingface_hub
72b63b8fd1d5ad02318df123bf0675e92b054d56,2025-09-23T13:09:56+00:00,Upload models.parquet with huggingface_hub
8b9a87a96f11715c870d99bbb44b9216664ea597,2025-09-23T13:03:05+00:00,Upload daily_papers.parquet with huggingface_hub
bb753587876d13ad70b69eed43110f06ada8b47a,2025-09-22T13:13:29+00:00,Upload posts.parquet with huggingface_hub
810725dbcceadab2c34ba8552588ba0499b09071,2025-09-22T13:13:20+00:00,Upload datasets.parquet with huggingface_hub
f177590182269f487123fd9a241c3ef9cbd17527,2025-09-22T13:11:29+00:00,Upload spaces.parquet with huggingface_hub
fdf85b136f153c52f42530f185692873e4623a8d,2025-09-22T13:08:45+00:00,Upload models.parquet with huggingface_hub
bd99358908ea77cfc405936a11c9bf2ea2bbe0bf,2025-09-22T13:01:50+00:00,Upload daily_papers.parquet with huggingface_hub
969f68d6c76e4be56cbfaf3733d1da0ef118053b,2025-09-21T13:13:48+00:00,Upload posts.parquet with huggingface_hub
261bd5c5ac5515811680a07c8f31e08ba169a466,2025-09-21T13:13:38+00:00,Upload datasets.parquet with huggingface_hub
9c6b8914bd1e5779af9b537f1f17c1c1b9822f39,2025-09-21T13:11:52+00:00,Upload spaces.parquet with huggingface_hub
3a09c97fc2d8efc2a1ab0d69981b96076e9f2cfd,2025-09-21T13:09:11+00:00,Upload models.parquet with huggingface_hub
17765f528b666d3358fee35d3edb3dc2255b3564,2025-09-21T13:02:23+00:00,Upload daily_papers.parquet with huggingface_hub
7f8dde6195863c118d6b1cd5c194d263cdc43128,2025-09-20T13:13:00+00:00,Upload posts.parquet with huggingface_hub
9a701cd19e9c3a099a583cea0370f3810dc0f073,2025-09-20T13:12:51+00:00,Upload datasets.parquet with huggingface_hub
d39a09ad9744c6fb17e230e406fdc5d06c81389f,2025-09-20T13:11:11+00:00,Upload spaces.parquet with huggingface_hub
ba4b7114d8bdd63d68643fa38f121c6834f59be4,2025-09-20T13:08:33+00:00,Upload models.parquet with huggingface_hub
d5c87f68a8f1e3480fbb5115ed2dcfe0b56d0981,2025-09-20T13:01:52+00:00,Upload daily_papers.parquet with huggingface_hub
7ae8790c40ba95096da30413861e4c31ca171e53,2025-09-19T13:13:08+00:00,Upload posts.parquet with huggingface_hub
7441c39b82c546fd5197c843ce4778c756de64fc,2025-09-19T13:12:59+00:00,Upload datasets.parquet with huggingface_hub
b519fa9b541a132bb4caa65e81594c1c20784363,2025-09-19T13:11:17+00:00,Upload spaces.parquet with huggingface_hub
296a2f91f4aa8432d2cd07a4591692aea493ab41,2025-09-19T13:08:35+00:00,Upload models.parquet with huggingface_hub
2b2100ba2cf3fc2c256a8da98bc80b8a8a089ef3,2025-09-19T13:01:43+00:00,Upload daily_papers.parquet with huggingface_hub
a900904e59aa62f4f5c27b4478857db4fb5cfc1e,2025-09-18T13:14:46+00:00,Upload posts.parquet with huggingface_hub
7d553083dd5504a9983d36dd6db998fb151df244,2025-09-18T13:14:37+00:00,Upload datasets.parquet with huggingface_hub
4948c3f7f98eb638afc3e1963c00b7e32efcc9ec,2025-09-18T13:12:50+00:00,Upload spaces.parquet with huggingface_hub
07406b7e32e047254492c44e79363fdb30918d07,2025-09-18T13:10:03+00:00,Upload models.parquet with huggingface_hub
12d521b6cf4d97eefae5054d1b353d42e4820df9,2025-09-18T13:03:03+00:00,Upload daily_papers.parquet with huggingface_hub
59efcb490eb637a9cd303bb45dea6bbb3baed50b,2025-09-17T13:14:01+00:00,Upload posts.parquet with huggingface_hub
4e0dc3131e98d8cb78a671f8e8f47cc3c7953255,2025-09-17T13:13:47+00:00,Upload datasets.parquet with huggingface_hub
12b7362a6e745fabe904ecf5f235bc76d4c1505e,2025-09-17T13:11:57+00:00,Upload spaces.parquet with huggingface_hub
cdb83836426f36cb173436e35bf168bf49630676,2025-09-17T13:09:09+00:00,Upload models.parquet with huggingface_hub
3bc1c799dfe906e78689ad4ba6db6a128c4bfac1,2025-09-17T13:02:10+00:00,Upload daily_papers.parquet with huggingface_hub
126f389e2c828eb84d50aa4f7917b896612045fe,2025-09-16T13:13:37+00:00,Upload posts.parquet with huggingface_hub
3ec1b68ad1e9832e31d7d5073258b2f9c0b16d6d,2025-09-16T13:13:27+00:00,Upload datasets.parquet with huggingface_hub
38fc8f0f12164feb812768e8393c2ddfebf1228b,2025-09-16T13:11:43+00:00,Upload spaces.parquet with huggingface_hub
ab72bad8d4361a7c48adc4f29c8469624690ab13,2025-09-16T13:09:04+00:00,Upload models.parquet with huggingface_hub
303176b2f7a2b144e22eebd309d5d8bcf0643f33,2025-09-16T13:02:07+00:00,Upload daily_papers.parquet with huggingface_hub
fe76965f8cb1f3a850b88ae87e48f74228bee0df,2025-09-15T13:14:40+00:00,Upload posts.parquet with huggingface_hub
f3d3bd485d02c22a43435505ec6a4453c9816e6f,2025-09-15T13:14:30+00:00,Upload datasets.parquet with huggingface_hub
21f48c3af5fbdb9f426945f2db78bca3608d99b9,2025-09-15T13:12:44+00:00,Upload spaces.parquet with huggingface_hub
dd72e8c82c972ed25836ce25a2f0414dc3c2f002,2025-09-15T13:10:04+00:00,Upload models.parquet with huggingface_hub
5ec4a562767b31f3a8c9708b2f088145c5777a38,2025-09-15T13:03:10+00:00,Upload daily_papers.parquet with huggingface_hub
9d021d814dccd6aae9917dac54b578f76ce52a4c,2025-09-14T13:13:52+00:00,Upload posts.parquet with huggingface_hub
8754fe3b10bcbd8ab59c8e775be39141b0ad7c6e,2025-09-14T13:13:42+00:00,Upload datasets.parquet with huggingface_hub
b6d9c69635acec5c151dd63cf79d09b039400efe,2025-09-14T13:11:55+00:00,Upload spaces.parquet with huggingface_hub
38184ba35ca8533c48472bbba61390120aebe3e4,2025-09-14T13:09:06+00:00,Upload models.parquet with huggingface_hub
77956c1cd552af8a5dd91d7125da1250c9cf33ad,2025-09-14T13:02:07+00:00,Upload daily_papers.parquet with huggingface_hub
a81770b1826af86f6835880e659c993196d73e25,2025-09-13T13:13:24+00:00,Upload posts.parquet with huggingface_hub
fe9bef4ba85a32c70d2f58a27a5a40b66e05285d,2025-09-13T13:13:14+00:00,Upload datasets.parquet with huggingface_hub
4cb9247da913e188ef2baa3d4a11c187cf9e2726,2025-09-13T13:11:30+00:00,Upload spaces.parquet with huggingface_hub
8f6c1c0316353f0e0921c745e02dd8e1bb188746,2025-09-13T13:08:54+00:00,Upload models.parquet with huggingface_hub
7f1929bbed71359152761d9b18c17f04f66a51f4,2025-09-13T13:02:07+00:00,Upload daily_papers.parquet with huggingface_hub
aca461ced9c175bfe8fa4f4668f1802df0c8b258,2025-09-12T13:13:36+00:00,Upload posts.parquet with huggingface_hub
e500a258a5e50bed8f7d894d26f03244effaf9a6,2025-09-12T13:13:27+00:00,Upload datasets.parquet with huggingface_hub
bbbe44b840f3a90dc18ae334ac8f8bf5dc7debd9,2025-09-12T13:11:46+00:00,Upload spaces.parquet with huggingface_hub
edf446aa224ccf1c1253cc0fe38c68e233be2242,2025-09-12T13:09:06+00:00,Upload models.parquet with huggingface_hub
cd7516c6059bb43733c2f538d3a4c6c8a5afff44,2025-09-12T13:02:22+00:00,Upload daily_papers.parquet with huggingface_hub
f27d7c445ba47c95e16b331d0110e377643f0123,2025-09-11T13:13:48+00:00,Upload posts.parquet with huggingface_hub
28ceaa971fcd1f3dc0b5b4fb563f801165093904,2025-09-11T13:13:38+00:00,Upload datasets.parquet with huggingface_hub
f0cb4d253d67d9ceb4ca9d5f29371315b6e5d344,2025-09-11T13:11:57+00:00,Upload spaces.parquet with huggingface_hub
80dba29b9ec414f8bc01a5895d300a442e9343e0,2025-09-11T13:09:18+00:00,Upload models.parquet with huggingface_hub
4f4d8993888a8fdf3d8dcb1b89c5daf7375760e7,2025-09-11T13:02:38+00:00,Upload daily_papers.parquet with huggingface_hub
123fa6aa26732a1531fc646165ad0274f22338f4,2025-09-10T13:14:18+00:00,Upload posts.parquet with huggingface_hub
adf079f7f39e8ec8e7a6663671f67db991cc06c5,2025-09-10T13:14:08+00:00,Upload datasets.parquet with huggingface_hub
b3d298cc5e2bc35a638b792e6f82fdd0b81cb524,2025-09-10T13:12:24+00:00,Upload spaces.parquet with huggingface_hub
8f34e8b97735ae616b342ab13a481529085ee45d,2025-09-10T13:09:35+00:00,Upload models.parquet with huggingface_hub
c061e71f63d985d44cfd7216538da93770c265b4,2025-09-10T13:02:50+00:00,Upload daily_papers.parquet with huggingface_hub
545736fd62edafe3c789b33b4a05d872a67cfccf,2025-09-09T13:14:01+00:00,Upload posts.parquet with huggingface_hub
4f801f2d2ca3dbe724a75b9c7f5962bd38fb0b5e,2025-09-09T13:13:52+00:00,Upload datasets.parquet with huggingface_hub
4ad8280ed8990dcb0f2c09ab056388bd71632261,2025-09-09T13:12:09+00:00,Upload spaces.parquet with huggingface_hub
2463cb024697b0a6a936716a4c957b77227d2c4b,2025-09-09T13:09:28+00:00,Upload models.parquet with huggingface_hub
713bc56e8919f66b70937ab903093ecc7a89c473,2025-09-09T13:02:48+00:00,Upload daily_papers.parquet with huggingface_hub
4880985e42d11bb89df65a65a2d5473cb9eb8599,2025-09-08T13:13:41+00:00,Upload posts.parquet with huggingface_hub
aaac4dd39dca65b5e3bbbdbbbc6fe6837df364b0,2025-09-08T13:13:32+00:00,Upload datasets.parquet with huggingface_hub
63017a44a2d4a51d8f63527aba7274c3babe74a3,2025-09-08T13:11:44+00:00,Upload spaces.parquet with huggingface_hub
6d77386a464f61b0c02af716284d2e3cfd37f7fb,2025-09-08T13:09:02+00:00,Upload models.parquet with huggingface_hub
cb3c09620c431cabb39b040dd0dcafa8073f00cc,2025-09-08T13:02:20+00:00,Upload daily_papers.parquet with huggingface_hub
c2b0c209860a1be2577fe25d508eb7920d224d2f,2025-09-07T13:13:54+00:00,Upload posts.parquet with huggingface_hub
8633134a7303d41ebbeea20037545c079f4ad085,2025-09-07T13:13:43+00:00,Upload datasets.parquet with huggingface_hub
199e78fb6446ed072907b1e75bc89f659c3e6bfd,2025-09-07T13:12:01+00:00,Upload spaces.parquet with huggingface_hub
4aa52bb7c230bf1a89f4924171e08b17a9754884,2025-09-07T13:09:12+00:00,Upload models.parquet with huggingface_hub
1511b96056e9de59e9562950277751a82e7cfad4,2025-09-07T13:02:11+00:00,Upload daily_papers.parquet with huggingface_hub
799e901b1e3ebca194eafd0f969323ea72c00495,2025-09-06T13:13:25+00:00,Upload posts.parquet with huggingface_hub
807c10c9ff4d02b7d6cb4eeffc4df5d53d77d3b0,2025-09-06T13:13:16+00:00,Upload datasets.parquet with huggingface_hub
96cae4b7b4981310679a7c1aa6213c73dec9f90c,2025-09-06T13:11:32+00:00,Upload spaces.parquet with huggingface_hub
b1c369c690fe79a8554791b0d64dc1c69951fa84,2025-09-06T13:08:44+00:00,Upload models.parquet with huggingface_hub
447ea51da75f38b9bede7375d88ef7ddad443c4b,2025-09-06T13:02:20+00:00,Upload daily_papers.parquet with huggingface_hub
2292554e6c6342ffc1902b2d711d68e4bc44263f,2025-09-05T13:13:17+00:00,Upload posts.parquet with huggingface_hub
f46309dbd601b6baf5e8f4c9a697c7d3fc7abccf,2025-09-05T13:13:04+00:00,Upload datasets.parquet with huggingface_hub
fb3c26902ff5dc094d32843e0ba56fececd88c66,2025-09-05T13:11:23+00:00,Upload spaces.parquet with huggingface_hub
e95d17e1a2feac51b102f1bfdf2990e9e8076548,2025-09-05T13:08:46+00:00,Upload models.parquet with huggingface_hub
386677c7fe9441023d98a29b663feb4b69d9cb44,2025-09-05T13:02:08+00:00,Upload daily_papers.parquet with huggingface_hub
09c92cfd2ccb0289c9c9fd04958ab03d1b447b53,2025-09-04T13:15:07+00:00,Upload posts.parquet with huggingface_hub
03f00ddecdbd5f5070aa3809aba940f93309e8be,2025-09-04T13:14:57+00:00,Upload datasets.parquet with huggingface_hub
605e12dd71857c98bc12bae50a07242a16075e07,2025-09-04T13:13:13+00:00,Upload spaces.parquet with huggingface_hub
e5ec7219c3e7174a87b2c72c83f11ca9eab78f82,2025-09-04T13:10:30+00:00,Upload models.parquet with huggingface_hub
c515b40cd09fb842fd9c1bededc2f444c0101630,2025-09-04T13:03:46+00:00,Upload daily_papers.parquet with huggingface_hub
a044a79aca5e6f1d83ff1f7bcbb75047ffdb6c69,2025-09-03T13:14:05+00:00,Upload posts.parquet with huggingface_hub
62d58f3c4a6dcb99de624ee7e533872e0f875434,2025-09-03T13:13:55+00:00,Upload datasets.parquet with huggingface_hub
13dbc3c04a78e4a1e8ad44729103c4f9436a4a17,2025-09-03T13:12:08+00:00,Upload spaces.parquet with huggingface_hub
b628df68d429202c5408f79144fba7c5a7df840d,2025-09-03T13:09:20+00:00,Upload models.parquet with huggingface_hub
47d15aa10d7dec708c12d36f315ba2db83889f9b,2025-09-03T13:02:52+00:00,Upload daily_papers.parquet with huggingface_hub
9dc2a3fc548a7ca9e3305bf2cc1ef00488d39eb9,2025-09-02T13:13:25+00:00,Upload posts.parquet with huggingface_hub
b880147df7cdceea0a0380ff2845300f3cde1c24,2025-09-02T13:13:16+00:00,Upload datasets.parquet with huggingface_hub
f9049c979f8861d0f647a398e7526c35cadce3ec,2025-09-02T13:11:37+00:00,Upload spaces.parquet with huggingface_hub
277dd6aca88022ae467b2d45e8ba41002963bfc7,2025-09-02T13:08:54+00:00,Upload models.parquet with huggingface_hub
0142fe1be11873263e35765a66a739895acd834e,2025-09-02T13:02:21+00:00,Upload daily_papers.parquet with huggingface_hub
57f505cb1552a5a3d8fb0849ef60c16a84ec5fa8,2025-09-01T13:12:06+00:00,Upload posts.parquet with huggingface_hub
c9538aaa20f01266c07a9ebff2fabdb7ecf5ed67,2025-09-01T13:11:56+00:00,Upload datasets.parquet with huggingface_hub
7a7fda1d5acf0d4b5d6a04b87a97f1c168d84b88,2025-09-01T13:10:11+00:00,Upload spaces.parquet with huggingface_hub
5ab479d5b22e0504f291e9b3877fd30df9a41803,2025-09-01T13:07:24+00:00,Upload models.parquet with huggingface_hub
2c418394b4834a0fbeaf2d7465555e718a944692,2025-09-01T13:00:56+00:00,Upload daily_papers.parquet with huggingface_hub
45b7d824960c9635e69a97f3aeaba317985deb0a,2025-08-31T13:13:35+00:00,Upload posts.parquet with huggingface_hub
5066f9feeeae05fa6066f36536bae7915b48ab73,2025-08-31T13:13:24+00:00,Upload datasets.parquet with huggingface_hub
061287b92ab0663522cafa150a6b99f6ad80254c,2025-08-31T13:11:44+00:00,Upload spaces.parquet with huggingface_hub
9d10362f9a24048b28495303d98c93d67bcfb837,2025-08-31T13:09:08+00:00,Upload models.parquet with huggingface_hub
6c938c1e7b85638247d49b6b335201c957ff09aa,2025-08-31T13:02:37+00:00,Upload daily_papers.parquet with huggingface_hub
55b2976abf680ee70518b5b25c28653ddbe025d0,2025-08-30T13:14:04+00:00,Upload posts.parquet with huggingface_hub
c9323f3c8572480b46bd37446fc0147926dd0097,2025-08-30T13:13:54+00:00,Upload datasets.parquet with huggingface_hub
d4aae0d121c3b71f02052161db9a74bc28981e30,2025-08-30T13:12:13+00:00,Upload spaces.parquet with huggingface_hub
63d46f587b143b37de2865f5afd0f75a16eb103b,2025-08-30T13:09:31+00:00,Upload models.parquet with huggingface_hub
dadc418fe33996bc7fbb79f3f8c699ca822bd2e5,2025-08-30T13:02:54+00:00,Upload daily_papers.parquet with huggingface_hub
04146035f562b35c8d727605e702ea79a1d30abd,2025-08-29T13:13:15+00:00,Upload posts.parquet with huggingface_hub
3cfa479a1b6ee08fab1e5bef79eb2f0de9af9e45,2025-08-29T13:13:05+00:00,Upload datasets.parquet with huggingface_hub
c5f7fca5180d996efd63a502dabc1a22dcb93ef0,2025-08-29T13:11:25+00:00,Upload spaces.parquet with huggingface_hub
20559c65ff9ad67e1b5023f2b4e2cb7bb62fb8f5,2025-08-29T13:08:37+00:00,Upload models.parquet with huggingface_hub
77ea4fef7a82be69120d698c530de330bc8c1b64,2025-08-29T13:02:03+00:00,Upload daily_papers.parquet with huggingface_hub
69e7537ab024c15af91b7910174bb6f3843ec0ad,2025-08-28T13:16:16+00:00,Upload posts.parquet with huggingface_hub
d53e52fae46c9e1e55b28221d868f1e1790481dd,2025-08-28T13:16:03+00:00,Upload datasets.parquet with huggingface_hub
a671db3d453edb1d7dfe8f8bffd7ae2401fea843,2025-08-28T13:14:04+00:00,Upload spaces.parquet with huggingface_hub
e16bcf821e69b5960357576f8502612c098c0bc5,2025-08-28T13:11:00+00:00,Upload models.parquet with huggingface_hub
3138ad93f83ec8bd019f779c6b87323917a6e5aa,2025-08-28T13:02:50+00:00,Upload daily_papers.parquet with huggingface_hub
2f75bd4ac7876183bae42ad6b80a6268ad922819,2025-08-27T13:14:06+00:00,Upload posts.parquet with huggingface_hub
1f4c3357c2ef16ce3f95784e424c33f49c8d6ec3,2025-08-27T13:13:55+00:00,Upload datasets.parquet with huggingface_hub
1bb90ef15348cb63c7c5c98f0e1f102c50453aee,2025-08-27T13:12:05+00:00,Upload spaces.parquet with huggingface_hub
3d12ccd70f13d3521833baf96dcd5b450730149a,2025-08-27T13:09:14+00:00,Upload models.parquet with huggingface_hub
d6da0ec9c70414d11e9a32de0828d9061ccb7b62,2025-08-27T13:01:53+00:00,Upload daily_papers.parquet with huggingface_hub
f96212e0e1b00d3161e18bf683e14bd9f35daae0,2025-08-26T13:14:42+00:00,Upload posts.parquet with huggingface_hub
fa88319521a2ff2b362e8eef640fd50665464684,2025-08-26T13:14:31+00:00,Upload datasets.parquet with huggingface_hub
68bf85429f56b477cd45d9fc8081ef353948f6b3,2025-08-26T13:12:42+00:00,Upload spaces.parquet with huggingface_hub
9089f78b9c94ac2758952f4c258765ed1ad393d8,2025-08-26T13:09:47+00:00,Upload models.parquet with huggingface_hub
e14b9854e31432c005a69759a80f123113c3085c,2025-08-26T13:02:16+00:00,Upload daily_papers.parquet with huggingface_hub
f154fb0fcd4b6a76e97adb70187a8c2432ab385f,2025-08-25T13:14:50+00:00,Upload posts.parquet with huggingface_hub
d869976466a3d00d0c13ad7e5a9fdf42e2e44480,2025-08-25T13:14:38+00:00,Upload datasets.parquet with huggingface_hub
56df78b1bf359a851c79d6a52ee7b6c1a4af79dd,2025-08-25T13:12:47+00:00,Upload spaces.parquet with huggingface_hub
510957d184bda131430b7ed8da4d35898a1ab0d0,2025-08-25T13:09:45+00:00,Upload models.parquet with huggingface_hub
634f3ae193c6dbb3e98ea0d0735af15130fb50bb,2025-08-25T13:02:23+00:00,Upload daily_papers.parquet with huggingface_hub
6498fbb106b719419694d463ec7393026c10a323,2025-08-24T13:14:47+00:00,Upload posts.parquet with huggingface_hub
deb6fde187a84d7600f7a7c3f416f2cb8b782cb8,2025-08-24T13:14:37+00:00,Upload datasets.parquet with huggingface_hub
590ab11328bb110f63aa16ba6dba208eb06424c7,2025-08-24T13:12:49+00:00,Upload spaces.parquet with huggingface_hub
0fcca0f5b3dae76c56ec90f5df99b8fc2aa93514,2025-08-24T13:09:49+00:00,Upload models.parquet with huggingface_hub
a611228131dd85abfdc77c05ffdc4e6029c5a6f6,2025-08-24T13:02:42+00:00,Upload daily_papers.parquet with huggingface_hub
551e9cce6064139d357c588dadef9cb344aebf1f,2025-08-23T13:13:55+00:00,Upload posts.parquet with huggingface_hub
a683e77089cd71787112e0af73565ce73c713b7a,2025-08-23T13:13:46+00:00,Upload datasets.parquet with huggingface_hub
0dd2020ccb9709e1c6cb1750942d2593fd9e2ee0,2025-08-23T13:11:50+00:00,Upload spaces.parquet with huggingface_hub
bae8545e65e0baf593027f9620b6ecabe3a50afd,2025-08-23T13:08:54+00:00,Upload models.parquet with huggingface_hub
1f6ddb93bb6ee753cf62118e70199c662dfe33fd,2025-08-23T13:02:00+00:00,Upload daily_papers.parquet with huggingface_hub
c2912c55813c68c4f1b0f89621a17622aeacf362,2025-08-22T13:14:31+00:00,Upload posts.parquet with huggingface_hub
c0e986a92a8884af9b68d4b58025aa59187478e2,2025-08-22T13:14:21+00:00,Upload datasets.parquet with huggingface_hub
70a645702435dadbd29abdcf44bf9c52f5cb28cc,2025-08-22T13:12:35+00:00,Upload spaces.parquet with huggingface_hub
2b65aa9a5cd92c5750504de84c729ca3a149e272,2025-08-22T13:09:40+00:00,Upload models.parquet with huggingface_hub
97854a39f7b88a7a06818d040af6c976f7f9bc77,2025-08-22T13:02:31+00:00,Upload daily_papers.parquet with huggingface_hub
abb0e021fd6aee1c3125bf0633f64f96b783b81c,2025-08-21T13:15:04+00:00,Upload posts.parquet with huggingface_hub
9bb17a09a04e3c0cb28a519a6b30f68a000af8eb,2025-08-21T13:14:55+00:00,Upload datasets.parquet with huggingface_hub
123304b8b1a1308797238da20efa654333d81d96,2025-08-21T13:13:08+00:00,Upload spaces.parquet with huggingface_hub
05322599a8dbf4b82ffbda184e27b8707511d83f,2025-08-21T13:10:07+00:00,Upload models.parquet with huggingface_hub
0598f64be0c4cfb2334e8a4ed9576ecd3386cd7b,2025-08-21T13:02:59+00:00,Upload daily_papers.parquet with huggingface_hub
690657e6df21db43ab14b64a5d5e6f97a5091bd3,2025-08-20T13:14:38+00:00,Upload posts.parquet with huggingface_hub
d7016d3880faa250fc98397effb664b0e493a74e,2025-08-20T13:14:28+00:00,Upload datasets.parquet with huggingface_hub
ec8b67dc14728a379329b88e4ba4e46b6e3df295,2025-08-20T13:12:39+00:00,Upload spaces.parquet with huggingface_hub
111621c16db50795924b0c03c8bd75c0450e8438,2025-08-20T13:09:50+00:00,Upload models.parquet with huggingface_hub
2f26f2d20f9d292c7df75bbc5d39285ae5ef6ede,2025-08-20T13:02:44+00:00,Upload daily_papers.parquet with huggingface_hub
cdc9b442c9d3091c1911f548f0560e438f056719,2025-08-19T13:15:31+00:00,Upload posts.parquet with huggingface_hub
95809b28100d94cb0949e97a6dd0e2cd1a24a06b,2025-08-19T13:15:21+00:00,Upload datasets.parquet with huggingface_hub
11a87c62097363115aec3f8ec69453f8aafe6e96,2025-08-19T13:13:33+00:00,Upload spaces.parquet with huggingface_hub
3351095e26bbddf162ff785835169ec27123f53c,2025-08-19T13:10:25+00:00,Upload models.parquet with huggingface_hub
7c7f2ff5e0f07828797c71215a39b6cf09d84db2,2025-08-19T13:03:13+00:00,Upload daily_papers.parquet with huggingface_hub
bbd9538981e36de8a9b11206d90f6f396e8d5863,2025-08-18T13:13:34+00:00,Upload posts.parquet with huggingface_hub
565e24ee7770a3dd351a8cab6ef53f69c06eb667,2025-08-18T13:13:24+00:00,Upload datasets.parquet with huggingface_hub
81c7c99386994402ce216304056ad1f7155ced0c,2025-08-18T13:11:38+00:00,Upload spaces.parquet with huggingface_hub
c2a625b3c2e967d4b72ed32c921531e7b221f1af,2025-08-18T13:08:47+00:00,Upload models.parquet with huggingface_hub
c0dd31b680b226cd087488691f0a30d0f2eab64c,2025-08-18T13:01:53+00:00,Upload daily_papers.parquet with huggingface_hub
1c2d2c50056e19f6314cdc9ac0de4c1384235a46,2025-08-17T13:13:33+00:00,Upload posts.parquet with huggingface_hub
7b93c9ce01a3a4528bc63ffcc1370cc662e09d18,2025-08-17T13:13:23+00:00,Upload datasets.parquet with huggingface_hub
2062a006d2d9ef3a35f28b6cdbf2d10f8cfb0b9f,2025-08-17T13:11:35+00:00,Upload spaces.parquet with huggingface_hub
aa5af975c17fbe5b2864fb5b2b93507ee86b4e6f,2025-08-17T13:08:45+00:00,Upload models.parquet with huggingface_hub
2169327d7c76b4ac528f3e49abbed713a0e1d7d9,2025-08-17T13:01:40+00:00,Upload daily_papers.parquet with huggingface_hub
85d727d9457acdd91b33222cdae2f8d67894aa0d,2025-08-16T13:13:43+00:00,Upload posts.parquet with huggingface_hub
13b38f4e68ce2021b33c7d18b4731867ea992f4d,2025-08-16T13:13:33+00:00,Upload datasets.parquet with huggingface_hub
7aa4e4137a2ed9a73a460940e5b271022c1ec6eb,2025-08-16T13:11:49+00:00,Upload spaces.parquet with huggingface_hub
e8e47b3c4b8d6a936a17065d71bfe264aab537d6,2025-08-16T13:09:08+00:00,Upload models.parquet with huggingface_hub
b4c1b5d4b57f8becdd0be8691e993ac784e702fe,2025-08-16T13:02:08+00:00,Upload daily_papers.parquet with huggingface_hub
3bcef93c877d657f2591386e69180894199f9622,2025-08-15T13:14:17+00:00,Upload posts.parquet with huggingface_hub
e2f9ac08dc1e19250ad80e39acd799fbdaaee2c1,2025-08-15T13:14:07+00:00,Upload datasets.parquet with huggingface_hub
1c7e27492429ac6abea5278da7424bc3478ff38c,2025-08-15T13:12:18+00:00,Upload spaces.parquet with huggingface_hub
c6428d2fe2c4df198d9afc32d349d930cad3eb11,2025-08-15T13:09:24+00:00,Upload models.parquet with huggingface_hub
dad49aae2a96bd2e33fc87704dc43110914b0770,2025-08-15T13:02:21+00:00,Upload daily_papers.parquet with huggingface_hub
c150a55c27cf3f6408d22be7e3175991443fced7,2025-08-14T13:21:20+00:00,Upload posts.parquet with huggingface_hub
ac8f1f4ccda8cc1f4aefe227be3270504663f37d,2025-08-14T13:21:10+00:00,Upload datasets.parquet with huggingface_hub
db66fc2b33fe0175e47475237f3674d6794973d1,2025-08-14T13:19:18+00:00,Upload spaces.parquet with huggingface_hub
06be1412eb7b94075277d8d05d03cdb5b52bdabb,2025-08-14T13:16:26+00:00,Upload models.parquet with huggingface_hub
86686ee2ea973b6bc5bcbc1a49e111aff53af2fe,2025-08-14T13:09:33+00:00,Upload daily_papers.parquet with huggingface_hub
1681d550227ae53ad97862e71479e4ff49b2e206,2025-08-13T13:14:13+00:00,Upload posts.parquet with huggingface_hub
6cb7d95dd9484706000885153b1aeb082bad4c6d,2025-08-13T13:14:03+00:00,Upload datasets.parquet with huggingface_hub
5e4914dc9e653ec1027c0ac234a21550cad1159f,2025-08-13T13:12:14+00:00,Upload spaces.parquet with huggingface_hub
d38657f5dd164195e3fcc7c09124c3fc5b8b1bb9,2025-08-13T13:09:18+00:00,Upload models.parquet with huggingface_hub
248ee1eda34c07689988186c827b1917b05fed50,2025-08-13T13:02:13+00:00,Upload daily_papers.parquet with huggingface_hub
50c3b1e46ac24744688b8d26f17fa7d55e686e4a,2025-08-12T13:14:47+00:00,Upload posts.parquet with huggingface_hub
12c19155193fcfa6c72c61753f3437d0dc6d5809,2025-08-12T13:14:33+00:00,Upload datasets.parquet with huggingface_hub
8bbe24c4c4969f9822600d39ebba43de27b4ca79,2025-08-12T13:12:41+00:00,Upload spaces.parquet with huggingface_hub
89056f8146cb10ab29e2e4960f5e61ad567575d2,2025-08-12T13:09:26+00:00,Upload models.parquet with huggingface_hub
aafdc39ff7c53197e4d550b9e180e86d13b517cc,2025-08-12T13:02:32+00:00,Upload daily_papers.parquet with huggingface_hub
d18f98f233842b485dc4a2d7a67f235e6737cd8f,2025-08-11T13:13:54+00:00,Upload posts.parquet with huggingface_hub
a3011b6993749a7eff53281ce65f9ec241d15188,2025-08-11T13:13:41+00:00,Upload datasets.parquet with huggingface_hub
70b0a22f1a44125535b37bb37514855dfcae5680,2025-08-11T13:11:49+00:00,Upload spaces.parquet with huggingface_hub
a182fce366b83c927d19e6f4403ca1f6cdb7e4e9,2025-08-11T13:09:01+00:00,Upload models.parquet with huggingface_hub
ac39f29f6695c4925b215902b4d855d21cec72e2,2025-08-11T13:02:09+00:00,Upload daily_papers.parquet with huggingface_hub
1b23bbcef6ed3791b6efe8ed27275fa9b7e4e78f,2025-08-10T13:13:36+00:00,Upload posts.parquet with huggingface_hub
ee0dbfa9b0835e09e229cb9527ccb466fc19fd65,2025-08-10T13:13:27+00:00,Upload datasets.parquet with huggingface_hub
ce3d3f36224e40c8cc9b75a3cf5be61c8ee5ec93,2025-08-10T13:11:41+00:00,Upload spaces.parquet with huggingface_hub
e350105f346cc94dd2e7ce041c013d8c61797e94,2025-08-10T13:08:51+00:00,Upload models.parquet with huggingface_hub
ef0acba1c50ad9a80741fd66228da190c0df9143,2025-08-10T13:01:54+00:00,Upload daily_papers.parquet with huggingface_hub
28f8ebfc7c7c9efebc24ac9b9f754fb219143621,2025-08-09T13:13:14+00:00,Upload posts.parquet with huggingface_hub
c4be753ab9e4e75e7e505b34bdc905a2cd7d1f9c,2025-08-09T13:13:04+00:00,Upload datasets.parquet with huggingface_hub
8fa084d3c4c336513c740cf9fbfe4ee718f71aed,2025-08-09T13:11:20+00:00,Upload spaces.parquet with huggingface_hub
b070ebd24c5eb98ffec6562d8da76758d9df870c,2025-08-09T13:08:35+00:00,Upload models.parquet with huggingface_hub
d3966d721f2638df58b91a8ff1ff46bb4c389880,2025-08-09T13:01:59+00:00,Upload daily_papers.parquet with huggingface_hub
5f1396601186d31288625fb9daf670f6f4f2dc76,2025-08-08T13:14:21+00:00,Upload posts.parquet with huggingface_hub
f1d1852ff9abe967c8efd87439db574f2168fe5f,2025-08-08T13:14:07+00:00,Upload datasets.parquet with huggingface_hub
af53ee001554ba48a450828096f11cbb82bf9b67,2025-08-08T13:12:17+00:00,Upload spaces.parquet with huggingface_hub
9e1fded1b17d923e056749551b1a5a2a26ef6a2d,2025-08-08T13:09:29+00:00,Upload models.parquet with huggingface_hub
5dc805a8e2c1ed82bea9639f337a39fca84bf5c2,2025-08-08T13:02:48+00:00,Upload daily_papers.parquet with huggingface_hub
3557a46ff6ead482d954f652c9815c6269146f25,2025-08-07T13:14:08+00:00,Upload posts.parquet with huggingface_hub
9fa84bdc902e42b68f259d89bc1c9e27ad56ea6c,2025-08-07T13:13:57+00:00,Upload datasets.parquet with huggingface_hub
dbdcfa9dc74541fb7ee275de9edf735682ac6adf,2025-08-07T13:12:15+00:00,Upload spaces.parquet with huggingface_hub
d09e81963deae892f6759cc0b4b2b97e50e28165,2025-08-07T13:09:25+00:00,Upload models.parquet with huggingface_hub
0fed6ffa6ff33f5ed0a7915ba52eaf4191fe726f,2025-08-07T13:02:38+00:00,Upload daily_papers.parquet with huggingface_hub
98e54dc1bc102f94b971d9ec1cd67c52aad3a956,2025-08-06T13:15:25+00:00,Upload posts.parquet with huggingface_hub
01717ed146ba978e88fec7afa2456e9dbfd8300a,2025-08-06T13:15:13+00:00,Upload datasets.parquet with huggingface_hub
7192693cf1543de1174b1145aa4280f5c28f2ee2,2025-08-06T13:13:22+00:00,Upload spaces.parquet with huggingface_hub
a279b4fcb733eaa00aa7feec6d5b5884b3eb782b,2025-08-06T13:10:13+00:00,Upload models.parquet with huggingface_hub
34a818b6037411698bb7fc8060220b854d9e7aca,2025-08-06T13:03:08+00:00,Upload daily_papers.parquet with huggingface_hub
4b85d4534217c02e13c9062249362733357c9c0d,2025-08-05T13:14:08+00:00,Upload posts.parquet with huggingface_hub
5d3bde01199a54e1d30065058fc923d1fc49172f,2025-08-05T13:13:57+00:00,Upload datasets.parquet with huggingface_hub
a049c472784a74336c733a81237570c6e0844dd1,2025-08-05T13:12:11+00:00,Upload spaces.parquet with huggingface_hub
08220cce45e7c64b07d9e5b747394b922c29d82d,2025-08-05T13:09:27+00:00,Upload models.parquet with huggingface_hub
6b80d14e92db68808b23275518fc31fce45a1b1b,2025-08-05T13:02:33+00:00,Upload daily_papers.parquet with huggingface_hub
d38e8287dbbfc453ce65bcdc8f6962985568f1ab,2025-08-04T13:14:57+00:00,Upload posts.parquet with huggingface_hub
7dbdabb3fe5c9c4a9c6e69d3bb92869568734cc4,2025-08-04T13:14:48+00:00,Upload datasets.parquet with huggingface_hub
d71dfba762c2a71f359ae19366f5b4de2b74b104,2025-08-04T13:13:02+00:00,Upload spaces.parquet with huggingface_hub
726f4b0e06e55121423c8a860b2284486ef0e79a,2025-08-04T13:10:08+00:00,Upload models.parquet with huggingface_hub
fe3ca06eb6a6dfe522af72ffda6e2ffeb8e823d4,2025-08-04T13:03:27+00:00,Upload daily_papers.parquet with huggingface_hub
d93d4ca34b7e119e6086a601cf734bd450e0d4dc,2025-08-03T13:14:14+00:00,Upload posts.parquet with huggingface_hub
cfd51bf2b1671c0e80719b5fef8d4c17ed051928,2025-08-03T13:14:05+00:00,Upload datasets.parquet with huggingface_hub
c882e5f0b5247544d915101e69c193652020a57b,2025-08-03T13:12:23+00:00,Upload spaces.parquet with huggingface_hub
aeeb13f47e932276d4cd7ff1dfa5a4dee6119d60,2025-08-03T13:09:40+00:00,Upload models.parquet with huggingface_hub
dd72d357f562feaf1688984fe141d1fc9e556f05,2025-08-03T13:03:01+00:00,Upload daily_papers.parquet with huggingface_hub
80eef40b64f19b6a21657e589cbd06f52d11fcf1,2025-08-02T13:14:05+00:00,Upload posts.parquet with huggingface_hub
1ce9303175e1674e0a28157267f43a66ff33ef95,2025-08-02T13:13:54+00:00,Upload datasets.parquet with huggingface_hub
694a3823a7db7ef6f980dd9aa4fddadf691a574e,2025-08-02T13:12:09+00:00,Upload spaces.parquet with huggingface_hub
31ecde67b5aded18b1925b981060b14b45742009,2025-08-02T13:09:28+00:00,Upload models.parquet with huggingface_hub
f5373d148682408182f00a0eab777df134c00839,2025-08-02T13:02:59+00:00,Upload daily_papers.parquet with huggingface_hub
70122da518daea044ab736ba37c237c98aadc9a1,2025-08-01T13:13:48+00:00,Upload posts.parquet with huggingface_hub
399bce3b127eacc501c238a991dac8323af147ea,2025-08-01T13:13:39+00:00,Upload datasets.parquet with huggingface_hub
98a8bc7f4442943dc36dca7f0b121505e5d31802,2025-08-01T13:11:55+00:00,Upload spaces.parquet with huggingface_hub
1b3bab7e824abe125e65420f0321e0067da76ac8,2025-08-01T13:09:14+00:00,Upload models.parquet with huggingface_hub
6908f8374d64c29d883e4dd9ba86a0296b5cb948,2025-08-01T13:02:42+00:00,Upload daily_papers.parquet with huggingface_hub
7012753ac47a9e2635b8fd0de7aa69f2b928e6eb,2025-07-31T13:13:44+00:00,Upload posts.parquet with huggingface_hub
256e897d05e956490699a8eececeff6e14f82fa2,2025-07-31T13:13:32+00:00,Upload datasets.parquet with huggingface_hub
41c7377ca74cdc279f56e6f9572c39c5fc919ffc,2025-07-31T13:11:51+00:00,Upload spaces.parquet with huggingface_hub
0049bc5c939536abe41b517561b9ea4f2548cb2d,2025-07-31T13:09:09+00:00,Upload models.parquet with huggingface_hub
f9e9d2aa98d1df172a418348ab4794a3706645cf,2025-07-31T13:02:34+00:00,Upload daily_papers.parquet with huggingface_hub
d39bd6088ed658eda39131e231c5966cc6931fa2,2025-07-30T13:13:59+00:00,Upload posts.parquet with huggingface_hub
50e85cb303390007676ed7f14ab7c5a13ce51c59,2025-07-30T13:13:49+00:00,Upload datasets.parquet with huggingface_hub
0d202c58c2ca6ae57bcf9fca0a3f2d5b8b99d55a,2025-07-30T13:12:09+00:00,Upload spaces.parquet with huggingface_hub
2a9bea0c6d289a2983ddb0f7df278153254714f9,2025-07-30T13:09:25+00:00,Upload models.parquet with huggingface_hub
487a4cd9d264d8bfa360ba63b689be254bb676c0,2025-07-30T13:02:43+00:00,Upload daily_papers.parquet with huggingface_hub
4aaef96ccfc42cd9a89a5519449001503a985666,2025-07-29T13:14:18+00:00,Upload posts.parquet with huggingface_hub
8d2cb147a1568d8f70a8c1f0f80899417a4e6fb3,2025-07-29T13:14:09+00:00,Upload datasets.parquet with huggingface_hub
29f69cf702f1316b03c877f2e5edc2b0a1d33892,2025-07-29T13:12:24+00:00,Upload spaces.parquet with huggingface_hub
d98e6dcbddaec09fbe07988348fb3e64177bb5f0,2025-07-29T13:09:38+00:00,Upload models.parquet with huggingface_hub
9eefe1598f2532d6b42239ec453dc0ef8204b4d0,2025-07-29T13:02:49+00:00,Upload daily_papers.parquet with huggingface_hub
05a2587ecc6639015522622c5e5374ace1d1ff8f,2025-07-28T13:14:17+00:00,Upload posts.parquet with huggingface_hub
4337d76c3a573394575ed1cd8ad66baadbe8047b,2025-07-28T13:14:04+00:00,Upload datasets.parquet with huggingface_hub
9fa177a14c87cd8ee68825ced9b5578df067f457,2025-07-28T13:12:19+00:00,Upload spaces.parquet with huggingface_hub
71b42861a427aa6b8f394293b05aed1e0e6053e7,2025-07-28T13:09:32+00:00,Upload models.parquet with huggingface_hub
f216ca5c90c0ceca47e85937cc6fc91d1d2b040f,2025-07-28T13:02:54+00:00,Upload daily_papers.parquet with huggingface_hub
dc361a8d4cf8135cb464356cd267a323d9b7442a,2025-07-27T13:13:23+00:00,Upload posts.parquet with huggingface_hub
df4ff52320d289135d53104cdc55a1b5f43e3dfc,2025-07-27T13:13:14+00:00,Upload datasets.parquet with huggingface_hub
7348dc4f8d49652a34a5cd2733ab256ee46d6666,2025-07-27T13:11:38+00:00,Upload spaces.parquet with huggingface_hub
3d0625bd8e8f6b47f7374908f6d0b02fdebf6dd6,2025-07-27T13:09:01+00:00,Upload models.parquet with huggingface_hub
0c90dabde3b2cc279cc30e22540e30bbe8eeef65,2025-07-27T13:02:51+00:00,Upload daily_papers.parquet with huggingface_hub
7742100b23d4d3fd04dd2e6687ffe2d5e8591e0f,2025-07-26T13:13:31+00:00,Upload posts.parquet with huggingface_hub
3f32fbc89097b694837617f39b9412b31cf209bb,2025-07-26T13:13:21+00:00,Upload datasets.parquet with huggingface_hub
6f1dd1391c564706058867e9ddd1249dcf5b62b9,2025-07-26T13:11:30+00:00,Upload spaces.parquet with huggingface_hub
5bc8e4450181b7bc7f213c683498156bdde2bbcc,2025-07-26T13:08:55+00:00,Upload models.parquet with huggingface_hub
eacd0b10de27329629f80cf4843575a874e89c19,2025-07-26T13:02:32+00:00,Upload daily_papers.parquet with huggingface_hub
3772a022dd381581fb59ca8bb62ee2b2bb3b0133,2025-07-25T14:05:30+00:00,Update README.md
10c1cbbe0fe136d97a5615899cf087fe941b76cc,2025-07-25T13:14:47+00:00,Upload posts.parquet with huggingface_hub
ecd54e35fb588fcd8fe24173cb0b45cab235bb45,2025-07-25T13:14:37+00:00,Upload datasets.parquet with huggingface_hub
15e0fc8f822e362e4adc19ad71b81ddc1f8115f7,2025-07-25T13:12:57+00:00,Upload spaces.parquet with huggingface_hub
0247b29fbd5e2127ccac185b7559c7c0195c31a3,2025-07-25T13:10:10+00:00,Upload models.parquet with huggingface_hub
1acf006c32896af101b22725bee8c4abe2eee9f4,2025-07-25T13:03:33+00:00,Upload daily_papers.parquet with huggingface_hub
dea9821ee481d6dc3dc5a6791567e3417843e65f,2025-07-24T13:14:39+00:00,Upload posts.parquet with huggingface_hub
76ec6f1c89112404a66879aecdbf10ab262d6447,2025-07-24T13:14:30+00:00,Upload datasets.parquet with huggingface_hub
5d3e92f54efda36eeab8e950d1bc62fe754b70fe,2025-07-24T13:12:49+00:00,Upload spaces.parquet with huggingface_hub
3f7d2162dd159bbc657e9b8311ab182dfa7eeef3,2025-07-24T13:09:56+00:00,Upload models.parquet with huggingface_hub
0a11ee3f252aaaf4e373ee81274cdb62189bb78f,2025-07-24T13:03:25+00:00,Upload daily_papers.parquet with huggingface_hub
0fbbe4cfec1bcfbed47ff57564e9ba34ef016c94,2025-07-23T13:14:28+00:00,Upload posts.parquet with huggingface_hub
8bbf8029032c9741d4c997e51f570f03c6581161,2025-07-23T13:14:20+00:00,Upload datasets.parquet with huggingface_hub
005029f3e6b6176977fe369b3dedbc735c9d7a4a,2025-07-23T13:12:21+00:00,Upload spaces.parquet with huggingface_hub
7687cf364c936dacf3a74241c96d5da10147b456,2025-07-23T13:09:38+00:00,Upload models.parquet with huggingface_hub
e63a40c773a727022062fddb7040db0a27083844,2025-07-23T13:02:57+00:00,Upload daily_papers.parquet with huggingface_hub
b20f33e69b8619f0bca246ab8c6b3be3be6bc7fd,2025-07-22T13:13:30+00:00,Upload posts.parquet with huggingface_hub
fe7dd32d20f7adac275228cc81b8628095541928,2025-07-22T13:13:20+00:00,Upload datasets.parquet with huggingface_hub
9ea8a35a8b6fbcc8904cc2ac3fca6c4055911daa,2025-07-22T13:11:42+00:00,Upload spaces.parquet with huggingface_hub
cbaddc46f91e8d146c4099a5dfdec3153519a477,2025-07-22T13:08:48+00:00,Upload models.parquet with huggingface_hub
bcfec45bcbb19de1c0235e050b1abcdcd734b9e4,2025-07-22T13:02:17+00:00,Upload daily_papers.parquet with huggingface_hub
c1a78c75cd801db8b59ea57482ed7f1aad850868,2025-07-21T13:12:53+00:00,Upload posts.parquet with huggingface_hub
eb5e1964883fb0a1376fb4b567fc9c74190d252c,2025-07-21T13:12:40+00:00,Upload datasets.parquet with huggingface_hub
f52e3c858445ca133c30e74dff986896999ab2ca,2025-07-21T13:10:53+00:00,Upload spaces.parquet with huggingface_hub
8c5a4fe502657cf4637f8aff189734795305927b,2025-07-21T13:08:08+00:00,Upload models.parquet with huggingface_hub
8b02c6abb30088309e4932bb899c4b8fc34e6222,2025-07-21T13:01:06+00:00,Upload daily_papers.parquet with huggingface_hub
bc1fb32c804e599361e0e7cd7ef00d59b46901a1,2025-07-20T13:11:50+00:00,Upload posts.parquet with huggingface_hub
0b71ff238793b1dd3e2842b238ecb388c3f108cf,2025-07-20T13:11:40+00:00,Upload datasets.parquet with huggingface_hub
ad7b26ae2456d143b82528ac64a02afc374fc8f1,2025-07-20T13:09:54+00:00,Upload spaces.parquet with huggingface_hub
618ea3f556593baa5e09c664fb5520cfaf2d881a,2025-07-20T13:06:59+00:00,Upload models.parquet with huggingface_hub
e2cce470e9605716bd6ad52ad2daf4a37eff3d5a,2025-07-20T13:00:27+00:00,Upload daily_papers.parquet with huggingface_hub
abe2d720843ddc9c978074da8224cea434d0578b,2025-07-19T13:12:29+00:00,Upload posts.parquet with huggingface_hub
78dd5ff67acb30afd5fa721befdb05e5550b75f2,2025-07-19T13:12:17+00:00,Upload datasets.parquet with huggingface_hub
d5281c652f4debdabb6331d2e6cae8fb4f8d6afe,2025-07-19T13:10:39+00:00,Upload spaces.parquet with huggingface_hub
5a4208d27e916a5121bea68b37c0625397d5de6e,2025-07-19T13:08:00+00:00,Upload models.parquet with huggingface_hub
45f750ba64b439127d5f5ca82ef176d3571313a2,2025-07-19T13:01:28+00:00,Upload daily_papers.parquet with huggingface_hub
e9be5c07c875e8e02f6c1ffdec51cd48aada7337,2025-07-18T13:12:16+00:00,Upload posts.parquet with huggingface_hub
260414b5d89a3b50eb1e90196bad8e780d05f84b,2025-07-18T13:12:03+00:00,Upload datasets.parquet with huggingface_hub
fcada1110be0f24111f39bcb08425bbb3c3ed4a3,2025-07-18T13:10:06+00:00,Upload spaces.parquet with huggingface_hub
9c675e65676906dca0d168fe5c5f527d2b84fe17,2025-07-18T13:07:24+00:00,Upload models.parquet with huggingface_hub
858be4bd465c1923cdbe5dd6b1631811f926b7eb,2025-07-18T13:00:55+00:00,Upload daily_papers.parquet with huggingface_hub
783dd76db953c6ccf7b89267b587810e4a1e80b8,2025-07-17T13:12:08+00:00,Upload posts.parquet with huggingface_hub
b2f62bdec4c61ad9b00f4d801f2cdd058bdeb327,2025-07-17T13:11:58+00:00,Upload datasets.parquet with huggingface_hub
ea2df876e3cc33f76b08735fe6f9646efd73b258,2025-07-17T13:10:18+00:00,Upload spaces.parquet with huggingface_hub
56ee2550331db5aa785348abba25972868412ce1,2025-07-17T13:07:28+00:00,Upload models.parquet with huggingface_hub
13cee26055e9f7616bb716e3c400582df45a7753,2025-07-17T13:00:58+00:00,Upload daily_papers.parquet with huggingface_hub
9a374137a68331f282f8b3acde71da1f4cc61721,2025-07-16T13:12:12+00:00,Upload posts.parquet with huggingface_hub
5275ba730cd884c224b6baf122c62303906f3e1d,2025-07-16T13:12:02+00:00,Upload datasets.parquet with huggingface_hub
ec1c93ded078299d5a92fa3defbc31e99da6de36,2025-07-16T13:10:19+00:00,Upload spaces.parquet with huggingface_hub
fcf8ef27b6d60001550e9ba9c4fa62248058b5cc,2025-07-16T13:07:37+00:00,Upload models.parquet with huggingface_hub
221721b08eea75962086c072d3b62fda8856d650,2025-07-16T13:00:49+00:00,Upload daily_papers.parquet with huggingface_hub
329e433b9e31307523cfe19afa3abfda5287f836,2025-07-15T13:12:31+00:00,Upload posts.parquet with huggingface_hub
19032e2baa6dac8af7eaf99bb4df3ee5fc3f8895,2025-07-15T13:12:21+00:00,Upload datasets.parquet with huggingface_hub
9e96fbd1917562af4a6e478cdb8f935e3fbb89b4,2025-07-15T13:10:40+00:00,Upload spaces.parquet with huggingface_hub
404accd4da7aab8fbc74692cb83c1a590ac63a1b,2025-07-15T13:07:41+00:00,Upload models.parquet with huggingface_hub
4a25c88acb166a34aaa0efe2961d4739ddbd63bc,2025-07-15T13:01:00+00:00,Upload daily_papers.parquet with huggingface_hub
b36e1277a23332c5229ad1f16e6063bdeacff7ec,2025-07-14T13:12:12+00:00,Upload posts.parquet with huggingface_hub
f3899f96d0efa7e01a839347cf2300615f94080d,2025-07-14T13:12:02+00:00,Upload datasets.parquet with huggingface_hub
27ddc4b6c4fbcca2d78968626ecc3fbf8a12121f,2025-07-14T13:10:16+00:00,Upload spaces.parquet with huggingface_hub
7698d3c0c08cf0a7c771f9606c7d5d96aaf06158,2025-07-14T13:07:29+00:00,Upload models.parquet with huggingface_hub
ca4e2f7dfef738246faf021d2f57eee47400a19c,2025-07-14T13:00:52+00:00,Upload daily_papers.parquet with huggingface_hub
64d0615da269c5f90291fa2663591e7e33a3def0,2025-07-13T13:11:46+00:00,Upload posts.parquet with huggingface_hub
28aac3d7b59d7278c12df3ae4ddcca56d1e9f64b,2025-07-13T13:11:38+00:00,Upload datasets.parquet with huggingface_hub
e83f792becd24b1d2a70f3bcd52e6469ba472996,2025-07-13T13:09:56+00:00,Upload spaces.parquet with huggingface_hub
ec4d1d309743d5aa633bdbaa890e36728b055946,2025-07-13T13:07:15+00:00,Upload models.parquet with huggingface_hub
032bcc9a65d7a0b8b1e6ad580608a6dac51adc2a,2025-07-13T13:00:52+00:00,Upload daily_papers.parquet with huggingface_hub
f799b8ece7ebacf75d49e05dc3e081c28a37e06c,2025-07-12T13:11:43+00:00,Upload posts.parquet with huggingface_hub
91b38a3f9b316c47ecd601a3db147a7c62e0a4e2,2025-07-12T13:11:33+00:00,Upload datasets.parquet with huggingface_hub
b7fd583615637855d1f574e8963aec8e34217ed9,2025-07-12T13:09:53+00:00,Upload spaces.parquet with huggingface_hub
963add67da8a4423398bc43c00ee49227ce945e4,2025-07-12T13:07:09+00:00,Upload models.parquet with huggingface_hub
1420831b73a35a43c8e431d66965acb6ae784526,2025-07-12T13:00:45+00:00,Upload daily_papers.parquet with huggingface_hub
61ca8a8ab97f009746f867affeb1a609ad34a600,2025-07-11T13:12:12+00:00,Upload posts.parquet with huggingface_hub
53bdffe8499bfd61613a836b63165915b4789577,2025-07-11T13:12:00+00:00,Upload datasets.parquet with huggingface_hub
289333f3f4dec6e19656020ca6cedffe79a3e6c3,2025-07-11T13:10:11+00:00,Upload spaces.parquet with huggingface_hub
66546a8c5afcdce72b82fe94a70276e2a0f12b46,2025-07-11T13:07:35+00:00,Upload models.parquet with huggingface_hub
16d665822cce713e179a3d1007bef2467f22c8a6,2025-07-11T13:00:50+00:00,Upload daily_papers.parquet with huggingface_hub
3a7e3af5fce425cbe60d5352e27894674da7a888,2025-07-10T15:47:56+00:00,Update README.md
a307cd1fe700761beb0ca1d9d73db5f4aa06ebab,2025-07-10T13:12:50+00:00,Upload posts.parquet with huggingface_hub
31d65d678f3165ff01ecfffb4b09a7985bd65d6f,2025-07-10T13:12:35+00:00,Upload datasets.parquet with huggingface_hub
3cb91eac83ecb9ea4c8ef4e6d495eb5961219897,2025-07-10T13:10:41+00:00,Upload spaces.parquet with huggingface_hub
41f7b79969eef6e21c0433b0d4e9750186b6d45b,2025-07-10T13:08:00+00:00,Upload models.parquet with huggingface_hub
56b85ddc1dd9cbe6acc01a5d6ef29c44147c68d5,2025-07-10T13:01:30+00:00,Upload daily_papers.parquet with huggingface_hub
bd250293d5539c246fc18a942a3a7a882606b511,2025-07-09T19:37:15+00:00,Upload posts.parquet with huggingface_hub
6c67c605c461d81e1e8a544bfa60c9f45967ac81,2025-07-09T19:37:06+00:00,Upload datasets.parquet with huggingface_hub
7176d551534f4929bffd1e1be3a49c66f503fc4a,2025-07-09T19:35:24+00:00,Upload spaces.parquet with huggingface_hub
e44159ddcb3f670f89faf9c6a8fef98f343cb663,2025-07-09T19:32:42+00:00,Upload models.parquet with huggingface_hub
e565cdd722deff22bbbc4fe4ba2cd9c76a95fce9,2025-07-09T19:25:49+00:00,Upload daily_papers.parquet with huggingface_hub
0137bcc533890cdb7705bbf89b47fe5012ae658f,2025-07-09T18:55:45+00:00,Upload posts.parquet with huggingface_hub
7419dda738f9eb4ccff897ee6a12e597c64fb598,2025-07-09T18:55:35+00:00,Upload datasets.parquet with huggingface_hub
0ced45fa3c940fc56bcef21849d900c57232ceb5,2025-07-09T18:53:47+00:00,Upload spaces.parquet with huggingface_hub
a5e4e2229374f618e7c6fef1f12ba72de4f42f71,2025-07-09T18:51:18+00:00,Upload models.parquet with huggingface_hub
b3621cd83db78ac3919f2cf044a0277803e4101f,2025-07-09T18:44:53+00:00,Upload daily_papers.parquet with huggingface_hub
02c003cde204ea587c38aee5d2625b8a3e2a1be3,2025-07-09T18:35:03+00:00,Upload spaces.parquet with huggingface_hub
e30ddb32f9f268df7cdfe3caa82484a8d326b19a,2025-07-09T18:30:50+00:00,Upload models.parquet with huggingface_hub
bee0d8515071f3a50a854d31c01ece5636344980,2025-07-09T18:23:58+00:00,Update README.md
ec80c0bdd9033383428299f0bf1fc74fc86377ae,2025-07-09T18:22:55+00:00,Delete spaces.csv
27c2d0bd1f658d2707d5752d814c94ec48b1251d,2025-07-09T18:22:49+00:00,Delete posts.csv
23484c37cf42d730409c1b215cdc948716a0bfc7,2025-07-09T18:22:43+00:00,Delete models.csv
8081ba3b213b5937db3d6cd9f8e4330f2063a2f3,2025-07-09T18:22:38+00:00,Delete datasets.csv
37f6d0818b8d057d4517d038f1d90ac60f70ae11,2025-07-09T18:22:31+00:00,Delete daily_papers.csv
c17ca6fdeaa88515e4ff065bc52d8b16c0df854a,2025-07-09T18:21:57+00:00,Upload daily_papers.parquet with huggingface_hub
64737de0387f172f1988c0371f3552bb54e1d95b,2025-07-09T15:34:31+00:00,Update README.md
8300c70204b9361cb9dad8301e27e2327e35eb6f,2025-07-09T15:33:07+00:00,Update README.md
87924b0bed11276e504ac7dd6fa52b79f89264eb,2025-07-08T23:44:04+00:00,Upload models.csv with huggingface_hub
caf23d6500adbdb9a72ecae576bf89fc137473c0,2025-07-08T23:35:52+00:00,Upload spaces.csv with huggingface_hub
f3b7d7cd271fcc8d6c5f9680403e1ba42b31a10a,2025-07-08T23:32:52+00:00,Upload datasets.csv with huggingface_hub
433d7e375fd30044ae3853d1c2633d6882331fab,2025-07-08T23:30:22+00:00,Upload daily_papers.csv with huggingface_hub
14a748caf4b0d1321167654c57b4df3e3f0d31e8,2025-07-08T23:30:10+00:00,Upload posts.csv with huggingface_hub
0f1035cc05e9c4917b03fadfd78d1d40565a9b2d,2025-07-07T23:43:53+00:00,Upload models.csv with huggingface_hub
4ca0a3bcd74c18a13044aa36071a19adcf45a69d,2025-07-07T23:36:05+00:00,Upload spaces.csv with huggingface_hub
91e727ca1ed02de27547835b498e87a9a9e5d7dd,2025-07-07T23:33:05+00:00,Upload datasets.csv with huggingface_hub
ffb653505e36d4ff79e17ddc23b14f9c985662a1,2025-07-07T23:30:41+00:00,Upload daily_papers.csv with huggingface_hub
3b69998296eddfd3251941d783dff667d72c96fe,2025-07-07T23:30:28+00:00,Upload posts.csv with huggingface_hub
3f8dd3ac1d34aa2d3dd3ce7ab7a1dfc480f9877b,2025-07-06T23:43:36+00:00,Upload models.csv with huggingface_hub
a9ec5fbc0b157159f0c426cdace24177925ff2e0,2025-07-06T23:35:48+00:00,Upload spaces.csv with huggingface_hub
f54721f2741a33f628b47941fc9e8efbc8a2d4e1,2025-07-06T23:32:47+00:00,Upload datasets.csv with huggingface_hub
eda6d908712d95a26a1a35c0b78c65c63203c169,2025-07-06T23:30:22+00:00,Upload daily_papers.csv with huggingface_hub
231758f85c7ff0fce7b506430e2afc1f8d90adc6,2025-07-06T23:30:09+00:00,Upload posts.csv with huggingface_hub
7652b1b341dd26cb30b15648c8cd82faa1f8508b,2025-07-05T23:43:25+00:00,Upload models.csv with huggingface_hub
64ac3d603490b0ff89e552ddc267ad998ebf3e25,2025-07-05T23:35:47+00:00,Upload spaces.csv with huggingface_hub
e90de9c332b4556ad1731d840eea0cbfc23e3702,2025-07-05T23:32:54+00:00,Upload datasets.csv with huggingface_hub
75cd4fcffeebc60429ec4242ab9b2c43818f52ed,2025-07-05T23:30:23+00:00,Upload daily_papers.csv with huggingface_hub
7f97a6af57d8bf77d3701e877847de4c4a3abc5f,2025-07-05T23:30:12+00:00,Upload posts.csv with huggingface_hub
eb2cfe172191e3d9fac445b5d4e3a30fe71f5b24,2025-07-04T23:43:43+00:00,Upload models.csv with huggingface_hub
99aac2571dc2e4aafe938a657ac53b38b483fe71,2025-07-04T23:35:49+00:00,Upload spaces.csv with huggingface_hub
9b50ceedabfad7524004635289ce9ac965b36894,2025-07-04T23:32:55+00:00,Upload datasets.csv with huggingface_hub
10328fc34a033edf62631f8c0e86fbef44462a3a,2025-07-04T23:30:32+00:00,Upload daily_papers.csv with huggingface_hub
c5976c61f31fbdd4ebc592a1c30544398b8f678b,2025-07-04T23:30:18+00:00,Upload posts.csv with huggingface_hub
007c77ff7280d13072806f30c4341ca51baedd13,2025-07-03T23:43:20+00:00,Upload models.csv with huggingface_hub
8b3fb658d5a59eb34dc36c624699e31f5adc04b1,2025-07-03T23:35:57+00:00,Upload spaces.csv with huggingface_hub
0fa8d4e049c2f02c3d9a61da65253dc10dda1b67,2025-07-03T23:33:00+00:00,Upload datasets.csv with huggingface_hub
a2b70f48045aeb093473d1a5ee3c697873d9ab28,2025-07-03T23:30:40+00:00,Upload daily_papers.csv with huggingface_hub
e8513924a3b05eeb6db48b0e4ea2bcdd54ef75f9,2025-07-03T23:30:10+00:00,Upload posts.csv with huggingface_hub
fb08cc7bbd0d28146012f605f4a574788680b475,2025-07-02T23:43:32+00:00,Upload models.csv with huggingface_hub
6fbb7868e50f84f3d6e1201a45205696ef0ec3ed,2025-07-02T23:36:05+00:00,Upload spaces.csv with huggingface_hub
ce2179990031a2dcf17216d34cb0355b6936b80a,2025-07-02T23:33:07+00:00,Upload datasets.csv with huggingface_hub
672d51fc702a28e1b6350fba2ec87fd82f71fcb7,2025-07-02T23:30:38+00:00,Upload daily_papers.csv with huggingface_hub
877a9e58c19f93d640886e1c0b0f6ea127547a5b,2025-07-02T23:30:25+00:00,Upload posts.csv with huggingface_hub
cb7d82714b0d09d850dab47e9d8e0ddb1cf0c8eb,2025-07-01T23:43:34+00:00,Upload models.csv with huggingface_hub
86ef331dae5ce1639f031d09acb63398aac55a49,2025-07-01T23:35:48+00:00,Upload spaces.csv with huggingface_hub
235109928cf1c745affdd654d78ef7fcc6af4fe7,2025-07-01T23:32:50+00:00,Upload datasets.csv with huggingface_hub
bc849ec2f8584b104b6fbbc3b4f3ec6bfc5e3d92,2025-07-01T23:30:30+00:00,Upload daily_papers.csv with huggingface_hub
b808afc06e8cbca203e2b475aa6d8e29c37f572e,2025-07-01T23:30:13+00:00,Upload posts.csv with huggingface_hub
d63ebb6c941426d9467c22e5375252588290c239,2025-07-01T04:04:57+00:00,Delete spaces.csv
84117f52cd89271da3343b1ee838fa3618c6925f,2025-07-01T04:04:52+00:00,Delete posts.csv
68c6c45146f192fd4cb8e650bdfd86128464dc23,2025-07-01T04:04:47+00:00,Delete models.csv
7a21e15ef1c5e371ad29e4cbb02e901aa15a2f52,2025-07-01T04:04:41+00:00,Delete daily_papers.csv
2040e914d23fff09e0c92071dffdb4b43bb8711e,2025-07-01T04:04:32+00:00,Delete datasets.csv
8524f5c30ff5c35b6ff7bb903e1eaec0485d258d,2025-06-30T23:43:18+00:00,Upload models.csv with huggingface_hub
d61c91206f0f74e68c5bcc80971c5b87331f2680,2025-06-30T23:35:56+00:00,Upload spaces.csv with huggingface_hub
90800ed1082955d06e6d78bd83d02cf2c02d4e7c,2025-06-30T23:33:00+00:00,Upload datasets.csv with huggingface_hub
6dec3ca521d81a95bbd1941a5f05c650be709d97,2025-06-30T23:30:37+00:00,Upload daily_papers.csv with huggingface_hub
eb5bbca86e907f4f40dbd6c41c1a9b003fb77cae,2025-06-30T23:30:26+00:00,Upload posts.csv with huggingface_hub
033301d73042de3bb21c35891e15d59e0d4c0845,2025-06-30T18:50:50+00:00,Upload models.csv with huggingface_hub
8c98e45a4d6c0f3ee25dcb9d9147f84f7333b04a,2025-06-30T18:49:07+00:00,Delete models.csv
e3034913e82d35c417c8aa8d38015655ce66bff9,2025-06-30T18:49:02+00:00,Delete datasets.csv
6d5f5c8f1b67c5db6ddf051b1d08a650d2252b45,2025-06-30T18:48:56+00:00,Delete daily_papers.csv
93defad77f7004fb7c804bfa4453d3a5b723a7c6,2025-06-30T18:48:51+00:00,Delete spaces.csv
d63397e65f910fef46792b1a896f09db0e51bd72,2025-06-30T18:48:45+00:00,Delete posts.csv
09ec92e0a06048c7caa07feca7c45db7e3251393,2025-06-30T18:43:12+00:00,Upload spaces.csv with huggingface_hub
8bac91be9c0fc12fbb95ddf9aadb0b444b082667,2025-06-30T18:40:04+00:00,Upload datasets.csv with huggingface_hub
3f0c9d0b861a0d6b5752e0ae597c1805741d3040,2025-06-30T18:37:43+00:00,Upload daily_papers.csv with huggingface_hub
a3531625457bc39a18c1ba36273bb9358fb4b38a,2025-06-30T18:37:25+00:00,Upload posts.csv with huggingface_hub
2cd0f8974a106e386e4acdf41bb7e5a874600582,2025-06-30T18:33:46+00:00,Upload posts.parquet with huggingface_hub
7a6f9a41bb95013db03d7c7d848a66991823704e,2025-06-30T18:33:12+00:00,Upload posts.parquet with huggingface_hub
836be3c20eaac60c9ef65086de33f8e00841b302,2025-06-29T23:42:54+00:00,Upload models.csv with huggingface_hub
d87dc51fd6255784e405558c256d93af9213bfae,2025-06-29T23:35:12+00:00,Upload spaces.parquet with huggingface_hub
ce0f009e768b1e65a516d481145391702d60cef5,2025-06-29T23:32:43+00:00,Upload datasets.parquet with huggingface_hub
63f46477b18b070ad355025a8ed6f9a35a5571c1,2025-06-29T23:30:37+00:00,Upload daily_papers.parquet with huggingface_hub
ebd57813b62d01c9caae1486de33f037a3e4d6b9,2025-06-29T23:30:08+00:00,Upload posts.parquet with huggingface_hub
b7cae8ebe4b72d17b583eb0d60a578e12cc48b9e,2025-06-29T19:22:04+00:00,Delete models.csv
65b191d1852743796984ef2464fac22d6836573d,2025-06-29T19:17:32+00:00,Upload models.csv with huggingface_hub
87f352ed938b965107aa5ec250335fb5db335208,2025-06-29T19:09:44+00:00,Upload spaces.parquet with huggingface_hub
622147a9b61a3cb35b76624e91c8a56b29d62b82,2025-06-29T19:07:21+00:00,Upload datasets.parquet with huggingface_hub
e4772f3a0676861b4fdaa3c86eaf1e8ec777b0e6,2025-06-29T19:05:13+00:00,Upload daily_papers.parquet with huggingface_hub
f2a4e62732c083f7233a2258c68898fe9bc2fc3b,2025-06-29T19:04:56+00:00,Upload posts.parquet with huggingface_hub
5b4879e5251d21e50390663f051a96f54780fc79,2025-06-28T23:34:58+00:00,Upload spaces.parquet with huggingface_hub
3843dc2b9b43adbb2de4ddc1a74ac6a33adfcb47,2025-06-28T23:32:41+00:00,Upload datasets.parquet with huggingface_hub
70be0d4284f3b6c43e6215f46ddb6acf34b34cd3,2025-06-28T23:30:39+00:00,Upload daily_papers.parquet with huggingface_hub
0c803a0a06f865c90ed7592f2ff24c58aa623d38,2025-06-28T23:30:10+00:00,Upload posts.parquet with huggingface_hub
ea76b72879a08eac77cb906b0e8aaff7b993e30d,2025-06-27T23:35:01+00:00,Upload spaces.parquet with huggingface_hub
76b067cdc10cbe2328fb30387af12ee811ada87e,2025-06-27T23:32:44+00:00,Upload datasets.parquet with huggingface_hub
c9a90b961c5178266f9099859f42f5dffdcfa255,2025-06-27T23:30:38+00:00,Upload daily_papers.parquet with huggingface_hub
a4a6671c67e51fb3ec8bba61e6e761139023b34e,2025-06-27T23:30:27+00:00,Upload posts.parquet with huggingface_hub
e678003360198fe47b31db3fc1fd961b350108ab,2025-06-26T23:35:03+00:00,Upload spaces.parquet with huggingface_hub
2f0003e64efb0a8c4c03b6ab7f162d39f9487cae,2025-06-26T23:32:46+00:00,Upload datasets.parquet with huggingface_hub
34fa803f809fb0cf6f7b183046f5f210fde383eb,2025-06-26T23:30:37+00:00,Upload daily_papers.parquet with huggingface_hub
90477553128242d0be3d861f5f7ba0825e99c06f,2025-06-26T23:30:27+00:00,Upload posts.parquet with huggingface_hub
182cd32785ffe1f3bef2f019c4ccaa8604298057,2025-06-25T23:34:59+00:00,Upload spaces.parquet with huggingface_hub
363214bde40837a40c0113625a4476ade5c1ae60,2025-06-25T23:32:39+00:00,Upload datasets.parquet with huggingface_hub
d217230e4805370df10c1a35e4a038ca788facda,2025-06-25T23:30:19+00:00,Upload daily_papers.parquet with huggingface_hub
9c86d65983af43877564d3f42ff6cf3b8af70838,2025-06-25T23:30:09+00:00,Upload posts.parquet with huggingface_hub
20317342e31ea18fff891acf296ba414d91f1076,2025-06-24T23:35:02+00:00,Upload spaces.parquet with huggingface_hub
fd073d0e46c1ab67446fda819ccd76bcc6ef72eb,2025-06-24T23:32:43+00:00,Upload datasets.parquet with huggingface_hub
0adb55ccedbcf26f4201ceeee61370c25d6d6041,2025-06-24T23:30:36+00:00,Upload daily_papers.parquet with huggingface_hub
e815afb5ffeccdc7862a47d77fa3ced24b2d6295,2025-06-24T23:30:27+00:00,Upload posts.parquet with huggingface_hub
95c223ac7e7c0c170b6f2958992cb7a56c3901b1,2025-06-24T19:12:31+00:00,Upload spaces.parquet with huggingface_hub
6d84500b661367e56357537448065e7f90b32594,2025-06-24T19:10:23+00:00,Upload datasets.parquet with huggingface_hub
dcf4477facebf5c88e9ca924842659a0d102e61a,2025-06-24T19:08:22+00:00,Upload daily_papers.parquet with huggingface_hub
b31dfd75c879c6b74cab47f8cd9dbc9896e21e43,2025-06-24T19:08:09+00:00,Upload posts.parquet with huggingface_hub
fa76297f5f166d7e7fdd81db2e5b837721421665,2025-06-24T18:54:20+00:00,Upload spaces.parquet with huggingface_hub
7f88c1d3235144b0c82e8dc6fbf79a994b5e6a85,2025-06-24T18:52:16+00:00,Upload datasets.parquet with huggingface_hub
440619994008e673c10998896ff0b5fe6ba0c84c,2025-06-24T18:50:11+00:00,Upload daily_papers.parquet with huggingface_hub
da2d7665fa734fd92ac030e6dd4193913a6c4a55,2025-06-24T18:49:57+00:00,Upload posts.parquet with huggingface_hub
d5978cd8ceb3d6566231f96b16732238890cda8b,2025-06-24T18:18:28+00:00,Upload spaces.parquet with huggingface_hub
ed1b96b88119d2862c526eeb7b3e86b1208cebe0,2025-06-24T18:16:13+00:00,Upload datasets.parquet with huggingface_hub
54ec95b6efed686331047e42e8bf1f806b67c0c2,2025-06-24T18:14:14+00:00,Upload daily_papers.parquet with huggingface_hub
a8f812c19a469cb7784b79308eaf5fa2e52cf3e3,2025-06-24T18:13:59+00:00,Upload posts.parquet with huggingface_hub
d17bed27d760c8817ad48ac3886177d021e05a20,2025-06-22T23:35:12+00:00,Upload spaces.parquet with huggingface_hub
efc4c040165645449b2b7d951451745b4f0e0e70,2025-06-22T23:32:38+00:00,Upload datasets.parquet with huggingface_hub
794226cf68b92c3d8329571edc15d3396efc3c70,2025-06-22T23:30:19+00:00,Upload daily_papers.parquet with huggingface_hub
7e19e551d507edac65e035da4d15efaed72e4f1e,2025-06-22T23:30:07+00:00,Upload posts.parquet with huggingface_hub
0f9ae7d9409aeaeb1e827ddc70070a59ffed390f,2025-06-21T23:35:20+00:00,Upload spaces.parquet with huggingface_hub
dfd3a3227c1bd9fd73ebe4e6185c966e8e102af5,2025-06-21T23:32:45+00:00,Upload datasets.parquet with huggingface_hub
3c53412f58a5954f7e9f3300af652d794b1c9842,2025-06-21T23:30:41+00:00,Upload daily_papers.parquet with huggingface_hub
904712a071fb92f9c9bf614a3baeeabc9938c2fd,2025-06-21T23:30:08+00:00,Upload posts.parquet with huggingface_hub
87dde979e53764360cbe33f7195787d218381924,2025-06-20T23:35:10+00:00,Upload spaces.parquet with huggingface_hub
0cf3c196b07c881642a777e38a1c6b8db57a1853,2025-06-20T23:32:44+00:00,Upload datasets.parquet with huggingface_hub
130d8680ffd712f0fb7930cfede10f82e841494f,2025-06-20T23:30:39+00:00,Upload daily_papers.parquet with huggingface_hub
47526b21629173c73b28d3c111dc1ad6afbb9868,2025-06-20T23:30:09+00:00,Upload posts.parquet with huggingface_hub
c84a718813c4f31109776b9dbda0f24daf898a28,2025-06-19T23:35:12+00:00,Upload spaces.parquet with huggingface_hub
4ac5e0173fcfee6c8be02ca049279c6a3d9c5ad8,2025-06-19T23:32:39+00:00,Upload datasets.parquet with huggingface_hub
75e36c9896b25c8fadad5e7e47b85c605745f62c,2025-06-19T23:30:39+00:00,Upload daily_papers.parquet with huggingface_hub
55b22bca8ed3509450d21cc6560cfbebeceece11,2025-06-19T23:30:08+00:00,Upload posts.parquet with huggingface_hub
5091161c31a2f304014519b6da67767f7eb68a14,2025-06-18T23:35:04+00:00,Upload spaces.parquet with huggingface_hub
17aa649bde607e16c261cc0ffaac9bd3e8f7c8d4,2025-06-18T23:32:40+00:00,Upload datasets.parquet with huggingface_hub
be9e7638d4b764ec0812bdfb426454fde4754046,2025-06-18T23:30:39+00:00,Upload daily_papers.parquet with huggingface_hub
84523dc9a7fec14569572dc1622e20e1ba8ce59b,2025-06-18T23:30:07+00:00,Upload posts.parquet with huggingface_hub
41e16645b9dd24a02ddadd0123bbcc6df38e398c,2025-06-17T23:34:59+00:00,Upload spaces.parquet with huggingface_hub
f8d6c7d8f5469fb20d6ad261c7eacf9bc36a09b1,2025-06-17T23:32:39+00:00,Upload datasets.parquet with huggingface_hub
78c429e23d967a680704b6bbf7051a72ee711367,2025-06-17T23:30:36+00:00,Upload daily_papers.parquet with huggingface_hub
04d4f4d25c91476921e5455d4d08ac22b8b81f8b,2025-06-17T23:30:07+00:00,Upload posts.parquet with huggingface_hub
cd35d825fd02d7670e055f7c2fbdf9b66f20e047,2025-06-16T23:35:04+00:00,Upload spaces.parquet with huggingface_hub
95fae85cf0823d0c3b4d0e3b2be4e902e2b3ad4c,2025-06-16T23:32:35+00:00,Upload datasets.parquet with huggingface_hub
0e842db168ea905eab007582b127b08b0841d176,2025-06-16T23:30:37+00:00,Upload daily_papers.parquet with huggingface_hub
911055aa847db0fbdf0fa4a01791a62666f70247,2025-06-16T23:30:08+00:00,Upload posts.parquet with huggingface_hub
0ff9ee208104cdb791d05a1ab3c05c3786388c49,2025-06-15T23:34:57+00:00,Upload spaces.parquet with huggingface_hub
5c37b4067ae5fa708c1e311cfc659f4b8ca7facb,2025-06-15T23:32:32+00:00,Upload datasets.parquet with huggingface_hub
70fdedcc61278ecfaa3b4f2819c10b380e165e40,2025-06-15T23:30:17+00:00,Upload daily_papers.parquet with huggingface_hub
ba9a2f4fb7b99aec97704c6ff53580ae5a31824b,2025-06-15T23:30:06+00:00,Upload posts.parquet with huggingface_hub
a6d19c7a5f6a308a50e24b0f24ff6d8756833e33,2025-06-14T23:34:55+00:00,Upload spaces.parquet with huggingface_hub
5f50d4200ca199ca7d12db19ab27062f4f9833ae,2025-06-14T23:32:33+00:00,Upload datasets.parquet with huggingface_hub
0729259f504cc9143dd2dd6ec91555ee05e7eb05,2025-06-14T23:30:43+00:00,Upload daily_papers.parquet with huggingface_hub
3f6bd06b4a3a671f2b80015e106c3778b6ab7056,2025-06-14T23:30:31+00:00,Upload posts.parquet with huggingface_hub
06ec8eea81e3520768e8677424bb69f13e30b0a7,2025-06-13T23:35:14+00:00,Upload spaces.parquet with huggingface_hub
389119eadba14d53457d01923a68d2332e20eb67,2025-06-13T23:32:41+00:00,Upload datasets.parquet with huggingface_hub
b8818a3179ae7ffeebb72f9b1929bdff056191b2,2025-06-13T23:30:42+00:00,Upload daily_papers.parquet with huggingface_hub
1d95d5a80f645ab5a35acf8784064dbcf955176a,2025-06-13T23:30:08+00:00,Upload posts.parquet with huggingface_hub
c841b4688e5296be72d9788a575462d405b729f0,2025-06-12T23:35:12+00:00,Upload spaces.parquet with huggingface_hub
a0532d45af8f7eaa865c9e4d1bf5e4e56a647dcf,2025-06-12T23:32:47+00:00,Upload datasets.parquet with huggingface_hub
5037bc5f45551910882cf130671a2975bbc972b7,2025-06-12T23:30:41+00:00,Upload daily_papers.parquet with huggingface_hub
33d5381510beb0fcbed6cfde56e0fb9eb97d54c3,2025-06-12T23:30:12+00:00,Upload posts.parquet with huggingface_hub
7d5cf41661096574da97c5b9832ef7ae91aa1ead,2025-06-11T23:35:37+00:00,Upload spaces.parquet with huggingface_hub
06fee378343f914f5ab61a5664c3103a23510bb1,2025-06-11T23:32:51+00:00,Upload datasets.parquet with huggingface_hub
dae57196003e3a7aef44710bf155b3d4bc3cc7fa,2025-06-11T23:30:40+00:00,Upload daily_papers.parquet with huggingface_hub
aa9d2cc5879b80e9765ff6031a089b8985fa33c9,2025-06-11T23:30:30+00:00,Upload posts.parquet with huggingface_hub
10b51d79bedf3a887865e738c5729505d6d427ae,2025-06-10T23:35:17+00:00,Upload spaces.parquet with huggingface_hub
7bcd8568c33b511f6142bb9400a03c2849336f12,2025-06-10T23:32:52+00:00,Upload datasets.parquet with huggingface_hub
2ea39109a566a3ca47dbf402593f02979c70848a,2025-06-10T23:30:39+00:00,Upload daily_papers.parquet with huggingface_hub
5b820fa4dbc8e07e0cdbf8a84351482f32ff8dc9,2025-06-10T23:30:29+00:00,Upload posts.parquet with huggingface_hub
de5450b0488da91a0a18c45bf9ce00e8f01b914b,2025-06-09T23:35:32+00:00,Upload spaces.parquet with huggingface_hub
c34328273db10d8d017866d8699ca3bc5b0c36e3,2025-06-09T23:32:51+00:00,Upload datasets.parquet with huggingface_hub
2964062237076de8425146ca954d7bed0444fd90,2025-06-09T23:30:44+00:00,Upload daily_papers.parquet with huggingface_hub
164ded9caafa10a6ffb37970cc68fa3a1ca821b0,2025-06-09T23:30:12+00:00,Upload posts.parquet with huggingface_hub
ecdac8595831dc27e686eacb2474381f4379d76a,2025-06-08T23:35:11+00:00,Upload spaces.parquet with huggingface_hub
4b165c1ecdf5e5b4aec9fab1d80bbd2a596d1fc0,2025-06-08T23:32:45+00:00,Upload datasets.parquet with huggingface_hub
52ce75865955b84bbea5507a38b0d29da50cbe21,2025-06-08T23:30:39+00:00,Upload daily_papers.parquet with huggingface_hub
a980f67bcdde037bc89e9e5500bcda86ddfd2bde,2025-06-08T23:30:08+00:00,Upload posts.parquet with huggingface_hub
c0cc0b257b9f435f666198902fbeb1c3ed9b6141,2025-06-07T23:35:09+00:00,Upload spaces.parquet with huggingface_hub
9c9f7546371a9a7f0e588a04cb83d34b5fb7ded2,2025-06-07T23:32:35+00:00,Upload datasets.parquet with huggingface_hub
2ab36833c227e3c1ced932a64ae9870e2293153f,2025-06-07T23:30:19+00:00,Upload daily_papers.parquet with huggingface_hub
fc866c53a43dae5837b115f2093c0efbc3f9b86e,2025-06-07T23:30:08+00:00,Upload posts.parquet with huggingface_hub
5c83746aecb2c2521e47df74151b928e4f9062fb,2025-06-06T23:34:57+00:00,Upload spaces.parquet with huggingface_hub
eeaaebc8e90e6d7a3c85763a0f753e98817f81f2,2025-06-06T23:32:31+00:00,Upload datasets.parquet with huggingface_hub
fec63f01c1cc522e9ef1518f22303b4aa95d029f,2025-06-06T23:30:26+00:00,Upload daily_papers.parquet with huggingface_hub
0d842e3ec02ceb02095d5dff0161c794af3d2c65,2025-06-06T23:30:09+00:00,Upload posts.parquet with huggingface_hub
82f9933c3215492844f3721649ed5fe132957fea,2025-06-05T23:35:30+00:00,Upload spaces.parquet with huggingface_hub
39bfb64d651814c2ef1257b51f36e403d7b8c744,2025-06-05T23:32:49+00:00,Upload datasets.parquet with huggingface_hub
551564d964d9fdf9f5f441ce8815e78add67a3d5,2025-06-05T23:30:40+00:00,Upload daily_papers.parquet with huggingface_hub
778abb9f79b6b37b7c85375127f369d83b6d1fc8,2025-06-05T23:30:09+00:00,Upload posts.parquet with huggingface_hub
d99424085408dcf14c3b235a4b874fd0ebd2fcd7,2025-06-04T23:34:52+00:00,Upload spaces.parquet with huggingface_hub
153c14dcfdfcffa8ba3707e0875f81ff9b2aff72,2025-06-04T23:32:30+00:00,Upload datasets.parquet with huggingface_hub
672eb211f1e4d64751d0b4eddb4491f6288835b2,2025-06-04T23:30:19+00:00,Upload daily_papers.parquet with huggingface_hub
1947c2698a7ef8bb2b92227b8c0aadbbf7162a6e,2025-06-04T23:30:09+00:00,Upload posts.parquet with huggingface_hub
64fcd0f24639675490b078d9bc7fb8b784756519,2025-06-03T23:41:20+00:00,Upload models.parquet with huggingface_hub
6d83e11ed4d3d24e8d3b3a5523c4f181532bc597,2025-06-03T23:35:02+00:00,Upload spaces.parquet with huggingface_hub
175b47c7211f0fc78712ba683e33f8692dcbd97a,2025-06-03T23:32:29+00:00,Upload datasets.parquet with huggingface_hub
897383b96afabd5c5309be0b945b960aef6c9964,2025-06-03T23:30:24+00:00,Upload daily_papers.parquet with huggingface_hub
cc16511906c1cba57b8a2ec53fa2659e0484a06d,2025-06-03T23:30:10+00:00,Upload posts.parquet with huggingface_hub
2d25937c4e52321894a7e503464ebc43fdc68ef5,2025-06-02T23:41:24+00:00,Upload models.parquet with huggingface_hub
4025f5898f95cc80de4b15b724e5bcc2d9ba7a9d,2025-06-02T23:35:10+00:00,Upload spaces.parquet with huggingface_hub
6cfa10da67e2801a41669b651ced49b32bec0428,2025-06-02T23:32:43+00:00,Upload datasets.parquet with huggingface_hub
1c620d1b68893896adca6ae502b6d868df8aa637,2025-06-02T23:30:26+00:00,Upload daily_papers.parquet with huggingface_hub
65eae4be55825cb64e1cb74525305cb8b01fa117,2025-06-02T23:30:12+00:00,Upload posts.parquet with huggingface_hub
5e630495133cf2401658abf8001e7f242910b83f,2025-06-01T23:41:29+00:00,Upload models.parquet with huggingface_hub
7ed1c25f1a77b49519a8e39f1ac52c90559767d5,2025-06-01T23:35:31+00:00,Upload spaces.parquet with huggingface_hub
b380961e9aff25361b97c7059f57217dc0110f61,2025-06-01T23:32:41+00:00,Upload datasets.parquet with huggingface_hub
6dcc8361309a3ce1ffec9614f88658d4e1b3c94f,2025-06-01T23:30:27+00:00,Upload daily_papers.parquet with huggingface_hub
e5947446403b37bb5692e5c9dc514a926b95a7af,2025-06-01T23:30:11+00:00,Upload posts.parquet with huggingface_hub
d6a4c2cfba05436d1aae1584f83d2e75255c52d1,2025-05-31T23:41:00+00:00,Upload models.parquet with huggingface_hub
a6a1f8f3943d47ad275057a56e264304323f7283,2025-05-31T23:35:07+00:00,Upload spaces.parquet with huggingface_hub
b8ede687b59957473a533ce67f6da8dbcef50017,2025-05-31T23:32:29+00:00,Upload datasets.parquet with huggingface_hub
c55079d5c5222b6ec03e3e99210123ee65cb95f0,2025-05-31T23:30:27+00:00,Upload daily_papers.parquet with huggingface_hub
21820c72fe978cd82fce40422c9c15eaf462f2fb,2025-05-31T23:30:10+00:00,Upload posts.parquet with huggingface_hub
e2ac03f986e3c97a8c2265b50f5c8625768a63aa,2025-05-30T23:41:00+00:00,Upload models.parquet with huggingface_hub
43e4b0bd83b741a945aa214ae8aa7abec7dbcb04,2025-05-30T23:35:07+00:00,Upload spaces.parquet with huggingface_hub
3e68737e0158ab9cb2fb16405ef45812c8f5b421,2025-05-30T23:32:34+00:00,Upload datasets.parquet with huggingface_hub
3e372a96a52380fbbacf6c0f2acdc89285f436ac,2025-05-30T23:30:27+00:00,Upload daily_papers.parquet with huggingface_hub
90967de04c4bc78b3dbd5d82fa54a8a3b146b13d,2025-05-30T23:30:11+00:00,Upload posts.parquet with huggingface_hub
0e485b5c4268184d3108fab65ffee9a6e6535a67,2025-05-29T23:40:51+00:00,Upload models.parquet with huggingface_hub
cb9d497a8417861211b33ba22f5a28cefe4f4826,2025-05-29T23:35:05+00:00,Upload spaces.parquet with huggingface_hub
45b88d799966d2ce5b4dbbd9d44a89d607859196,2025-05-29T23:32:25+00:00,Upload datasets.parquet with huggingface_hub
76d3cb290a4a000ff7f5441964f2c536c0139889,2025-05-29T23:30:21+00:00,Upload daily_papers.parquet with huggingface_hub
3dd7da619c84b2a6907bc7e0949d66360d210a53,2025-05-29T23:30:08+00:00,Upload posts.parquet with huggingface_hub
b7f7dae9fa978bc4a81eb306969b98b0e01d34ee,2025-05-28T23:41:04+00:00,Upload models.parquet with huggingface_hub
8067bd965659d5da3d84f8097735d7b5cfab5163,2025-05-28T23:35:03+00:00,Upload spaces.parquet with huggingface_hub
207b3d9c8e686452232eba6c3f4c7b9c5fbfb4a5,2025-05-28T23:32:38+00:00,Upload datasets.parquet with huggingface_hub
cf6af2485fab2deccc5648e9a52d27018fa70203,2025-05-28T23:30:21+00:00,Upload daily_papers.parquet with huggingface_hub
76a0d3322b8d19a7dfdc8f72c49c14e43aaaedf2,2025-05-28T23:30:11+00:00,Upload posts.parquet with huggingface_hub
e81355ce1e969dffa423702211d52c0b0c30f489,2025-05-27T23:40:37+00:00,Upload models.parquet with huggingface_hub
c022f1a284b7ae7db7bb9e1b80a1239abda7037f,2025-05-27T23:34:56+00:00,Upload spaces.parquet with huggingface_hub
a857e17315865eec380ec6661a2d94dae6399f92,2025-05-27T23:32:32+00:00,Upload datasets.parquet with huggingface_hub
8d312bd54cd13cda5c2cc625b761e62bf1b54477,2025-05-27T23:30:19+00:00,Upload daily_papers.parquet with huggingface_hub
04da51b93f34415676da64cc60dd459e0bba8da9,2025-05-27T23:30:09+00:00,Upload posts.parquet with huggingface_hub
0b2748b46c359b8deeb6e66d882ef18c310811a4,2025-05-26T23:40:46+00:00,Upload models.parquet with huggingface_hub
3b72a64cc16faf0629c0ba1c1797f2561e51af92,2025-05-26T23:34:47+00:00,Upload spaces.parquet with huggingface_hub
e92acb13111bfdf168b74f94494e58c71050cfe8,2025-05-26T23:32:31+00:00,Upload datasets.parquet with huggingface_hub
6cbc8670c025dd9db685af931e8706e4dc7161f4,2025-05-26T23:30:25+00:00,Upload daily_papers.parquet with huggingface_hub
95a5b2bd34b5f35bdc02c2fa42b95e18de41b2d1,2025-05-26T23:30:09+00:00,Upload posts.parquet with huggingface_hub
b9e16e99da24c7db43e90452ee3f8ac8ab5dc997,2025-05-25T23:40:22+00:00,Upload models.parquet with huggingface_hub
9673c6a27e47a1ca8678644f866462645b1bdfd4,2025-05-25T23:34:40+00:00,Upload spaces.parquet with huggingface_hub
b3e8c12dcfb23a154e0bc86913eea56c2161e360,2025-05-25T23:32:28+00:00,Upload datasets.parquet with huggingface_hub
bd2dabbad6633b55067b68ebfdc52e54e57e8ae8,2025-05-25T23:30:27+00:00,Upload daily_papers.parquet with huggingface_hub
d3985ba352197ba9eaaddf4af7b8f79ed0f5ec17,2025-05-25T23:30:08+00:00,Upload posts.parquet with huggingface_hub
3f2b02496e03e7295b935282abddef8486bd4756,2025-05-24T23:40:31+00:00,Upload models.parquet with huggingface_hub
9787acd8a13a800139948cdaf74cfb72da461f3f,2025-05-24T23:34:48+00:00,Upload spaces.parquet with huggingface_hub
5aaedf80c3beb4d72c3bf3615dfc1d3468a0fda7,2025-05-24T23:32:26+00:00,Upload datasets.parquet with huggingface_hub
13c2e9c007b8bb76f5708afed75c70ac20edbc67,2025-05-24T23:30:17+00:00,Upload daily_papers.parquet with huggingface_hub
3d8548baa08e64443ab8767fecc2d38639d3d6d8,2025-05-24T23:30:07+00:00,Upload posts.parquet with huggingface_hub
9325be1c0b52ea74bdd55a6137bbda08e5c38a80,2025-05-23T23:40:58+00:00,Upload models.parquet with huggingface_hub
c6f3e200dd745881191caec595980393a8301305,2025-05-23T23:34:54+00:00,Upload spaces.parquet with huggingface_hub
97c8116550c7c451be0f87f77e6a568639a7baa4,2025-05-23T23:32:31+00:00,Upload datasets.parquet with huggingface_hub
e0bbedb57c54d93a2c6125d3e2bb015dc2e1dcf5,2025-05-23T23:30:21+00:00,Upload daily_papers.parquet with huggingface_hub
c6afec3dcc83634f426227515493f89275396db9,2025-05-23T23:30:07+00:00,Upload posts.parquet with huggingface_hub
1f84761d46902898840c6a1979754df56dee74b7,2025-05-22T23:40:42+00:00,Upload models.parquet with huggingface_hub
b95aaa0698b9b05af0b7c50a83aad02bf3d9acfe,2025-05-22T23:34:50+00:00,Upload spaces.parquet with huggingface_hub
2eb251ad3b9a7b5e6d549949954129fee25e0bb8,2025-05-22T23:32:31+00:00,Upload datasets.parquet with huggingface_hub
9e8c92bc025fb66843819d607a757827f7ef8c10,2025-05-22T23:30:25+00:00,Upload daily_papers.parquet with huggingface_hub
f205fb102bc1c0514d8843be202d8d87fc6bca62,2025-05-22T23:30:13+00:00,Upload posts.parquet with huggingface_hub
21342cf5eda606680dca402eb6f62bd8fea4bc6b,2025-05-21T23:40:44+00:00,Upload models.parquet with huggingface_hub
af8c731d464b357b96458fe5017858acf16cdc77,2025-05-21T23:34:57+00:00,Upload spaces.parquet with huggingface_hub
3cd99a8cb1e835946bed1f4d0ae1b37fe81918d7,2025-05-21T23:32:27+00:00,Upload datasets.parquet with huggingface_hub
c64f0053417f2671d2f095eb49d5039d3ddfec84,2025-05-21T23:30:18+00:00,Upload daily_papers.parquet with huggingface_hub
9de4a8f61eb790de91cc5f8b45e9c24cffe62906,2025-05-21T23:30:13+00:00,Upload posts.parquet with huggingface_hub
d5eec850744d3838f9fdd0e5bb90199077ca25d4,2025-05-20T23:40:43+00:00,Upload models.parquet with huggingface_hub
e75cf598d58d23e5af4479a2a0d0bb8852bc2817,2025-05-20T23:34:57+00:00,Upload spaces.parquet with huggingface_hub
3a5a3f5c5f79750eea41ce8655e7b4ff9c0f5002,2025-05-20T23:32:30+00:00,Upload datasets.parquet with huggingface_hub
16ffedeee56715fa53666620f107daa3ddcf990f,2025-05-20T23:30:25+00:00,Upload daily_papers.parquet with huggingface_hub
4e9eb1f6bf76ba51b9018d75ecdbcb0f454300af,2025-05-20T23:30:09+00:00,Upload posts.parquet with huggingface_hub
7cb2024fbe9a0721ba0619d0f31eb1aae6fecf35,2025-05-19T23:42:26+00:00,Upload models.parquet with huggingface_hub
045d50c7aecd28f261a7bad123cf28cc77806b73,2025-05-19T23:35:24+00:00,Upload spaces.parquet with huggingface_hub
5706b4f6465de8af257641c61c332b09235dadc7,2025-05-19T23:33:14+00:00,Upload datasets.parquet with huggingface_hub
b1c1c9c0134082a5ece1074e51a83e8fd3f34bc6,2025-05-19T23:30:40+00:00,Upload daily_papers.parquet with huggingface_hub
a69d3042ab80bbad7d0bdb32e67dce52ab9b4cec,2025-05-19T23:30:18+00:00,Upload posts.parquet with huggingface_hub
61ae454dedf555fc1ee08723445795cf4aea2f69,2025-05-18T23:41:04+00:00,Upload models.parquet with huggingface_hub
0feffc17f77eca01edab8155a2c13acb0d112d45,2025-05-18T23:35:03+00:00,Upload spaces.parquet with huggingface_hub
0adb767a42c448060cae900616e6b9c841957cd8,2025-05-18T23:32:42+00:00,Upload datasets.parquet with huggingface_hub
0b6f066c75ec16f7335b46f05cd62b46a32d13aa,2025-05-18T23:30:23+00:00,Upload daily_papers.parquet with huggingface_hub
916864ba06fdf44ea7748ad6af9d1eb1efb38b3e,2025-05-18T23:30:10+00:00,Upload posts.parquet with huggingface_hub
8b33f16d7faddb2f6db6b517b1813c07f828f3b4,2025-05-17T23:40:28+00:00,Upload models.parquet with huggingface_hub
6c8542042ef39e0c677ddf1e6196ced4d10a179b,2025-05-17T23:34:47+00:00,Upload spaces.parquet with huggingface_hub
78a91b0e167a2e6ddf6c9b1301dcfd7bd907f5d7,2025-05-17T23:32:25+00:00,Upload datasets.parquet with huggingface_hub
6caa759be2c965961a30c2c4a303ffc94a3f89a3,2025-05-17T23:30:20+00:00,Upload daily_papers.parquet with huggingface_hub
b90a4be1528c658da06b8ce0b318acc0fd05b1d7,2025-05-17T23:30:09+00:00,Upload posts.parquet with huggingface_hub
c18e1a33e334660004c1f5fb79b4bd1d9d0e04be,2025-05-16T23:40:59+00:00,Upload models.parquet with huggingface_hub
2ec0e974efce3c6a081979f6164301a067399868,2025-05-16T23:35:07+00:00,Upload spaces.parquet with huggingface_hub
64ce97333ba35fa671e13ba425eeec6aca89bbef,2025-05-16T23:32:28+00:00,Upload datasets.parquet with huggingface_hub
9961cfb7aba29b04d89562615dd6449d3b238eee,2025-05-16T23:30:21+00:00,Upload daily_papers.parquet with huggingface_hub
1dc24204260f943baf57424840c69cf9fa129f9d,2025-05-16T23:30:07+00:00,Upload posts.parquet with huggingface_hub
04ce05eeb4ac958da53a80429d83ed9dc48088a7,2025-05-16T17:39:29+00:00,Update README.md
a91fae48eb7fd3a75e52557653f3df83ca25d978,2025-05-16T17:39:10+00:00,Delete data/spaces.parquet
10fc2cc70599f92656b9cd02605db00b0c538524,2025-05-16T17:39:04+00:00,Delete data/posts.parquet
c6eb0e29eebc94f3461625f4f5a58d46f164331d,2025-05-16T17:38:59+00:00,Delete data/datasets.parquet
e57511bb2fe54759280074448c90d3216c8776a2,2025-05-16T17:38:51+00:00,Delete data/models.parquet
0828f5f0c2bcf9cd8bd25fa4650b498e9a3fa500,2025-05-16T17:38:45+00:00,Delete data/daily_papers.parquet
419029e7951edac68cde3672854ecf689eac125c,2025-05-15T23:40:57+00:00,Upload models.parquet with huggingface_hub
6c768874ae337753359d6ccb44e81a942c1d362d,2025-05-15T23:34:48+00:00,Upload spaces.parquet with huggingface_hub
9ab68b3a846cc03e1baa7c0755b22f261df0acd7,2025-05-15T23:32:32+00:00,Upload datasets.parquet with huggingface_hub
8e06a19ae72ff590f2c496296519a3dc77d60f65,2025-05-15T23:30:19+00:00,Upload daily_papers.parquet with huggingface_hub
05b0a6b4c8db25dd0572feec0cdbab5daa8329d0,2025-05-15T23:30:08+00:00,Upload posts.parquet with huggingface_hub
c1f2c0fafda65ec1b245d8f0375a2519b39d0eac,2025-05-14T23:40:24+00:00,Upload models.parquet with huggingface_hub
759227e3c85c4c0d8db7bdbc3dba8b7acdec5377,2025-05-14T23:34:47+00:00,Upload spaces.parquet with huggingface_hub
5b261364af5d45b2136a6a717279116256560bda,2025-05-14T23:32:25+00:00,Upload datasets.parquet with huggingface_hub
2626870522ed6bba4081bff921c09ae2d935e6a0,2025-05-14T23:30:25+00:00,Upload daily_papers.parquet with huggingface_hub
e3b2660f4df453c50b9aee07204435fd5157e029,2025-05-14T23:30:11+00:00,Upload posts.parquet with huggingface_hub
e2db6490887537a1ec92eb2c5829c37a2b3a5068,2025-05-14T18:26:06+00:00,Upload models.parquet with huggingface_hub
709b0625effae65b4de54129c5d985420ae0a06b,2025-05-14T18:19:54+00:00,Upload spaces.parquet with huggingface_hub
2cf564674738f391a8b57e9878ff8e7204562ed8,2025-05-14T18:17:29+00:00,Upload datasets.parquet with huggingface_hub
c7b095ee8d6fd86555d7ab179a72e56fbe535c6f,2025-05-14T18:15:17+00:00,Upload daily_papers.parquet with huggingface_hub
4da3dc50c17bce023cc54d1da609e650d2647d79,2025-05-14T18:15:03+00:00,Upload posts.parquet with huggingface_hub
466d331d1dfe02ee3b25267c40f02cd6377e96eb,2025-05-14T16:12:08+00:00,Update README.md
a6b39cb246310e67f85d32fb7acebb77cc057f37,2025-05-13T23:40:07+00:00,Upload models.parquet with huggingface_hub
43cb7acaeeb5725ebe303be0f0ee798feb7e9e58,2025-05-13T23:34:42+00:00,Upload spaces.parquet with huggingface_hub
b418217f352770d9302ef048392389b025b7542a,2025-05-13T23:32:21+00:00,Upload datasets.parquet with huggingface_hub
0a52d31578fd76fee37974064be4dc83aa5c9e0a,2025-05-13T23:30:20+00:00,Upload daily_papers.parquet with huggingface_hub
73d35904c5e3fbc035889db0c3d9fb6e3cb906ca,2025-05-13T23:30:09+00:00,Upload posts.parquet with huggingface_hub
9615c899ec28914fc016bdc4a4ecae2955a8b1a6,2025-05-12T23:40:20+00:00,Upload models.parquet with huggingface_hub
76c207c172e46d323d2a27e7efdec6f63bfb329e,2025-05-12T23:34:48+00:00,Upload spaces.parquet with huggingface_hub
e7a05c99cbe80eba18c140b5f65b566ec284ab34,2025-05-12T23:32:30+00:00,Upload datasets.parquet with huggingface_hub
ece9fec557eca3c72684095c295f9b3c8f4218b8,2025-05-12T23:30:28+00:00,Upload daily_papers.parquet with huggingface_hub
6926eaee5eac14ce9d542c82edd35ff6f3a2a8e5,2025-05-12T23:30:13+00:00,Upload posts.parquet with huggingface_hub
c65178ccd8c27d0376e6ed20517b0d91381bcc78,2025-05-11T23:40:19+00:00,Upload models.parquet with huggingface_hub
1f7399d166d7fd49e3c082578bb4c3b112563c41,2025-05-11T23:34:37+00:00,Upload spaces.parquet with huggingface_hub
088ad7617e35e809d8058cc8839a0401a9590e14,2025-05-11T23:32:21+00:00,Upload datasets.parquet with huggingface_hub
9216d62075cff9eb47e39cd6f0168e665c128f37,2025-05-11T23:30:19+00:00,Upload daily_papers.parquet with huggingface_hub
01ffabea40a816995590362b36a830c6742f9425,2025-05-11T23:30:07+00:00,Upload posts.parquet with huggingface_hub
3c8e3c3484ac2bfe916f27608c4005d96f4abb1f,2025-05-11T19:10:54+00:00,Update README.md
903ec542e07320515c3d02aa4332950d94910b46,2025-05-10T23:40:11+00:00,Upload models.parquet with huggingface_hub
9696e8afad79839957030e16a603c9ee42664c98,2025-05-10T23:34:32+00:00,Upload spaces.parquet with huggingface_hub
a2c6f81938a05292afeabbe4be1ae109bb63d800,2025-05-10T23:32:15+00:00,Upload datasets.parquet with huggingface_hub
58bce430d208ea3a30b3a8a675553c3dcddb72eb,2025-05-10T23:30:16+00:00,Upload daily_papers.parquet with huggingface_hub
a5103ce09a9bc8046e75d48ac33c233a2f9be40f,2025-05-10T23:30:08+00:00,Upload posts.parquet with huggingface_hub
3bae6ebf33ffacfc707a1cfbe7a0a127167a3bf9,2025-05-09T23:40:28+00:00,Upload models.parquet with huggingface_hub
1d3d0db006b2be6a093fa0745ff39c30b4fa37bf,2025-05-09T23:34:46+00:00,Upload spaces.parquet with huggingface_hub
ac5b2e87a72bd8edcba793d4729fa0d94c2f6332,2025-05-09T23:32:33+00:00,Upload datasets.parquet with huggingface_hub
72215bc1ec2d22760dfc2ffbf15469c1d1f2824c,2025-05-09T23:30:26+00:00,Upload daily_papers.parquet with huggingface_hub
eedd02348edee66cd45b33f335528c9df48f9d7c,2025-05-09T23:30:14+00:00,Upload posts.parquet with huggingface_hub
f78bfb9d4648dc7c6a892f596d5b4bd47b31eb6b,2025-05-09T20:25:54+00:00,Delete data/test.md
0c763144f1d67cc02b07ab8f525a49f6c8c5dabb,2025-05-09T20:25:31+00:00,Update README.md
06be1434eccd923c3ce10f97e5d81f9eab1b56b3,2025-05-09T20:25:11+00:00,Rename data/models (2).parquet to data/models.parquet
598d1ceeffed48bb7ec5434115c8fc803cab7f75,2025-05-09T20:25:04+00:00,Upload 5 files
8a9289049b5d69e2b214ad84dc0fff008e772dc4,2025-05-09T20:23:56+00:00,Create data/test.md
b86165e1fb902bc19f6f17096908f8d3fdbb0a42,2025-05-08T23:40:25+00:00,Upload models.parquet with huggingface_hub
dbe5f392756c96eb1f02feeef1d9e4c755a38e60,2025-05-08T23:34:38+00:00,Upload spaces.parquet with huggingface_hub
af23d4635a00c2a13a7c04df68742253385ebc50,2025-05-08T23:32:27+00:00,Upload datasets.parquet with huggingface_hub
553fa92617b780eb191c463ef63c73f98a148c55,2025-05-08T23:30:16+00:00,Upload daily_papers.parquet with huggingface_hub
34749f0b4c29079f4df895911f832f8520a51c3c,2025-05-08T23:30:08+00:00,Upload posts.parquet with huggingface_hub
474f0c127021939309808a416ab84544e93c6f95,2025-05-08T18:43:48+00:00,Upload models.parquet with huggingface_hub
80559fc2f9eb9c88a3c6b86c9bc5c83de93beec4,2025-05-08T18:38:15+00:00,Upload spaces.parquet with huggingface_hub
b5556e9663e9ef2dffbb788ccbdbf7e624b03d8e,2025-05-08T18:35:57+00:00,Upload datasets.parquet with huggingface_hub
0c706b6dd05c3639d39120b36b627decdf111017,2025-05-08T18:33:48+00:00,Upload daily_papers.parquet with huggingface_hub
25b25a72c6839bc5a808a9063ce8e0150825288a,2025-05-08T18:33:38+00:00,Upload posts.parquet with huggingface_hub
6e6d0518940ce16961d0c24360be2fc776f0b756,2025-05-07T23:30:18+00:00,Upload daily_papers.parquet with huggingface_hub
30991d5d37965629d0dcae605a5e27b453eea18c,2025-05-07T23:30:08+00:00,Upload posts.parquet with huggingface_hub
1026c8e5b13ad427395246dd120334b748578b91,2025-05-06T23:40:22+00:00,Upload models.parquet with huggingface_hub
88fedc0e32e26d0e2c9b1fac5ff747654f11c729,2025-05-06T23:34:58+00:00,Upload spaces.parquet with huggingface_hub
31870b7b9e76bb6adaf260b55bff2e1584bdfc94,2025-05-06T23:32:23+00:00,Upload datasets.parquet with huggingface_hub
f0a5f932e8e4391c7e1be902face67fc6bdcffae,2025-05-06T23:30:24+00:00,Upload daily_papers.parquet with huggingface_hub
60994f38e0692776e1a9aaadee6f32c48d0a6375,2025-05-06T23:30:10+00:00,Upload posts.parquet with huggingface_hub
53fd47aa0ffcaa5ae714f0206fe12e06798ce762,2025-05-05T23:40:26+00:00,Upload models.parquet with huggingface_hub
0528f4c69221b4f5bcc956b0512febe428e3b4a4,2025-05-05T23:35:02+00:00,Upload spaces.parquet with huggingface_hub
8e477c4c54cd76844bb57e6ff702ed23eafb223b,2025-05-05T23:32:28+00:00,Upload datasets.parquet with huggingface_hub
00e9095619076e9bea06941f0a59bb3166574b72,2025-05-05T23:30:20+00:00,Upload daily_papers.parquet with huggingface_hub
a27c274208b139028f93810daf279ef2fa8b22f4,2025-05-05T23:30:09+00:00,Upload posts.parquet with huggingface_hub
d0790f43911d661f523cb5e1a3a6c0d7459fb84c,2025-05-04T23:40:08+00:00,Upload models.parquet with huggingface_hub
385c2ded1c63147ebd5f0c07d6b23981ad096dba,2025-05-04T23:34:41+00:00,Upload spaces.parquet with huggingface_hub
d017494228bb231141979cbae002630f559b5bac,2025-05-04T23:32:22+00:00,Upload datasets.parquet with huggingface_hub
b575270af73304db36e95ba37d146fb254d5dfa6,2025-05-04T23:30:20+00:00,Upload daily_papers.parquet with huggingface_hub
311fd5e1027c8ba52534f76a13e181d525f2b28c,2025-05-04T23:30:07+00:00,Upload posts.parquet with huggingface_hub
e6adf69c87294dc3e91c12c63bac2623c439e398,2025-05-03T23:39:55+00:00,Upload models.parquet with huggingface_hub
6fbbc65d20086810b71e9c00951e11ca81f904a1,2025-05-03T23:34:32+00:00,Upload spaces.parquet with huggingface_hub
a8420f9588a02aa7de80528152cb73108b8a9b1a,2025-05-03T23:32:11+00:00,Upload datasets.parquet with huggingface_hub
510c95a5a45f21ca0b7c7a22150105d9a3e18b62,2025-05-03T23:30:17+00:00,Upload daily_papers.parquet with huggingface_hub
4593d680cbcf2318b103473d10bf527ee0fdfdb6,2025-05-03T23:30:07+00:00,Upload posts.parquet with huggingface_hub
acc1bf6fbddac7f5f668d7383c80976553144023,2025-05-02T23:40:39+00:00,Upload models.parquet with huggingface_hub
2e9c5b0b31b6812ce2026a89af8bdbc1de821a65,2025-05-02T23:34:50+00:00,Upload spaces.parquet with huggingface_hub
bf65f7baf026731535e23e5442a1374a24c496b9,2025-05-02T23:32:23+00:00,Upload datasets.parquet with huggingface_hub
a0c6facad8ef40acc5f68e18959fce578252d5a9,2025-05-02T23:30:20+00:00,Upload daily_papers.parquet with huggingface_hub
7b6fe2e087f46ad46c391947b80c8543f2a2283e,2025-05-02T23:30:09+00:00,Upload posts.parquet with huggingface_hub
0b35ba69dac012188669d6be77068b41b85da745,2025-05-01T23:40:39+00:00,Upload models.parquet with huggingface_hub
ca1a84f4f725b3d6f93dbaf70dcef10e26fdfdc6,2025-05-01T23:34:59+00:00,Upload spaces.parquet with huggingface_hub
44dc0052270af36a2f77ccb0b624b62930c3985e,2025-05-01T23:32:29+00:00,Upload datasets.parquet with huggingface_hub
c4870d80fbef16c6210981f300616206d5a4c1cd,2025-05-01T23:30:27+00:00,Upload daily_papers.parquet with huggingface_hub
e963bc17a9d0083ad981bd0af01584f7739833dc,2025-05-01T23:30:12+00:00,Upload posts.parquet with huggingface_hub
1fead5cfc6220384408cf556e52f6699b94827d0,2025-04-30T23:40:14+00:00,Upload models.parquet with huggingface_hub
a76839bea2d28cf8199130ef0760fc82cda5ce7f,2025-04-30T23:34:51+00:00,Upload spaces.parquet with huggingface_hub
b498435a49ac654cf412bbdfb35b1f98de53a384,2025-04-30T23:32:20+00:00,Upload datasets.parquet with huggingface_hub
79e4a46fc4d2c4e0339ad7723e24686919a7ce6d,2025-04-30T23:30:19+00:00,Upload daily_papers.parquet with huggingface_hub
2fcb64d7d46fa80d2caf3cd98e846f0ad88ad485,2025-04-30T23:30:08+00:00,Upload posts.parquet with huggingface_hub
1fb578659b829c7e85fabf84469d88db5ae7a282,2025-04-29T23:40:29+00:00,Upload models.parquet with huggingface_hub
ee252e5af1139db04466289ce2dc9606e232e819,2025-04-29T23:34:47+00:00,Upload spaces.parquet with huggingface_hub
bb30e0e0406bbf98951ddf3eb313507ff936e681,2025-04-29T23:32:21+00:00,Upload datasets.parquet with huggingface_hub
c469a0b459b777b1bf29b8859314fa39107ee3b6,2025-04-29T23:30:23+00:00,Upload daily_papers.parquet with huggingface_hub
3d4ee626533be09d9ac2f64c6935593452ac32f9,2025-04-29T23:30:09+00:00,Upload posts.parquet with huggingface_hub
9e8756eba860579f69db24f6c7ce2ab8d0c090ce,2025-04-28T23:40:32+00:00,Upload models.parquet with huggingface_hub
ac33a04b937b28d09daf10321ac0bf1f6ef81653,2025-04-28T23:34:53+00:00,Upload spaces.parquet with huggingface_hub
10c9387f92c1c11dba5f405f5bc04cf754c49433,2025-04-28T23:32:26+00:00,Upload datasets.parquet with huggingface_hub
55ab4f16034ae0d89ace3fbab7b3c89c67f65e48,2025-04-28T23:30:21+00:00,Upload daily_papers.parquet with huggingface_hub
34d7b2b8b1fe2b59b28f084c02d13c24b8240b68,2025-04-28T23:30:11+00:00,Upload posts.parquet with huggingface_hub
b2b75a0b67fe4a53971bfd6a32e57ae141c1d73d,2025-04-27T23:39:50+00:00,Upload models.parquet with huggingface_hub
1b9abcdaa7b2acee4576953391973f4010d496fb,2025-04-27T23:34:33+00:00,Upload spaces.parquet with huggingface_hub
b0c36dcde12c0f85c566fb4f17075c63d0f47c4f,2025-04-27T23:32:15+00:00,Upload datasets.parquet with huggingface_hub
fb98247562e35129b721b832b56de29a93f454c6,2025-04-27T23:30:16+00:00,Upload daily_papers.parquet with huggingface_hub
2369a91c6181de46262a85d74165ce256a2592ce,2025-04-27T23:30:08+00:00,Upload posts.parquet with huggingface_hub
7c9a55ec04cd0fc74f3ff5a24bdc186d9b31db4b,2025-04-26T23:40:10+00:00,Upload models.parquet with huggingface_hub
060966fd6e31a6beb1f38ac30f6f3610b3226618,2025-04-26T23:34:59+00:00,Upload spaces.parquet with huggingface_hub
5a35bdf910e32541e69d871a33d479c2eeb25a1e,2025-04-26T23:32:37+00:00,Upload datasets.parquet with huggingface_hub
d3fd1598fdc1cf7153f99be28d54111f41bfca0f,2025-04-26T23:30:30+00:00,Upload daily_papers.parquet with huggingface_hub
d4f16599fdd5fabb5f9475fcc08baa17280b70ea,2025-04-26T23:30:09+00:00,Upload posts.parquet with huggingface_hub
d7baf8315c08d966754d04f40ee61e67d867e8ab,2025-04-25T23:40:52+00:00,Upload models.parquet with huggingface_hub
8eba5cfc0215f91a3249e71f20a8c8bb9623ede7,2025-04-25T23:35:08+00:00,Upload spaces.parquet with huggingface_hub
742fea9caaa9cebd784c7b8540ebab5bc82aaab2,2025-04-25T23:32:29+00:00,Upload datasets.parquet with huggingface_hub
3c3fa7607bc7c31a77c08a551250f65b57f34fb2,2025-04-25T23:30:16+00:00,Upload daily_papers.parquet with huggingface_hub
6ec8556d1242a0d53f626d8d293ce5e5ae8ad4ff,2025-04-25T23:30:09+00:00,Upload posts.parquet with huggingface_hub
fe97ecfd49941cc9cc0aebcf4aa8d506b8a98f2f,2025-04-24T23:40:37+00:00,Upload models.parquet with huggingface_hub
9767fae081f69dca958888c296c6c85e0c4c6683,2025-04-24T23:34:48+00:00,Upload spaces.parquet with huggingface_hub
02ca0a1a6a986411b7671df6bca1a4369312b6f3,2025-04-24T23:32:33+00:00,Upload datasets.parquet with huggingface_hub
c54e1be381c8227c9ec5dab13f431e7c311fcab5,2025-04-24T23:30:23+00:00,Upload daily_papers.parquet with huggingface_hub
c6362f5aab0d0ce01d827a94095f63c9382d04f0,2025-04-24T23:30:10+00:00,Upload posts.parquet with huggingface_hub
cfbb107bd452df2513c0543c0bf427dd466cddd9,2025-04-23T23:40:24+00:00,Upload models.parquet with huggingface_hub
067a48e007498f9b864e945b208a60eb47ad2c4b,2025-04-23T23:34:58+00:00,Upload spaces.parquet with huggingface_hub
1feb6639b86dd16d1c4fc9e2ad833f7460418578,2025-04-23T23:32:28+00:00,Upload datasets.parquet with huggingface_hub
b251534029f27bb67b5da10d3f7f043c62aff40b,2025-04-23T23:30:23+00:00,Upload daily_papers.parquet with huggingface_hub
35fbe7e68fb557475e038cf581b02c022b014381,2025-04-23T23:30:08+00:00,Upload posts.parquet with huggingface_hub
69ab1b3a71d5f40220722ffb880083c9d5b68493,2025-04-22T23:40:37+00:00,Upload models.parquet with huggingface_hub
257e1c271c3b49d597fe3f829f62e1d590bb46b9,2025-04-22T23:35:09+00:00,Upload spaces.parquet with huggingface_hub
ac1e7b0baab97dce506abf36722ab8e45993e416,2025-04-22T23:32:34+00:00,Upload datasets.parquet with huggingface_hub
d979efc8e705b1ea9ffe0dbb1fafc4995b3f6e30,2025-04-22T23:30:24+00:00,Upload daily_papers.parquet with huggingface_hub
92b4655824f442a804bd2e874148061d5b603fd5,2025-04-22T23:30:10+00:00,Upload posts.parquet with huggingface_hub
1c4817890e09f9719523611ab8cf4a894f944af8,2025-04-20T23:40:10+00:00,Upload models.parquet with huggingface_hub
b64af72b62003a5b4292ace2aaaa233699ed9e65,2025-04-20T23:34:42+00:00,Upload spaces.parquet with huggingface_hub
8716b8f1404ee6995d2e3e228ff59217c1ad5595,2025-04-20T23:32:28+00:00,Upload datasets.parquet with huggingface_hub
7daddfc8d68b22f1c7cdfc84a7c5cea09302235f,2025-04-20T23:30:19+00:00,Upload daily_papers.parquet with huggingface_hub
76e060fef16eb7cb821755b0a3ed3f0e24b6cb3d,2025-04-20T23:30:07+00:00,Upload posts.parquet with huggingface_hub
cfbf52b651ae66434d584f3f83a80c8ca3c3cf4d,2025-04-19T23:40:03+00:00,Upload models.parquet with huggingface_hub
e73e86e8a0e8c3da66627ac69330636d586883b2,2025-04-19T23:34:36+00:00,Upload spaces.parquet with huggingface_hub
188abd4d3076a50c87287b89d2be8f2f62b8d1f9,2025-04-19T23:32:17+00:00,Upload datasets.parquet with huggingface_hub
53ed7b17ec93ed25c130e90a2db3449da4f6d22b,2025-04-19T23:30:18+00:00,Upload daily_papers.parquet with huggingface_hub
7cc948f9f17d06a1746c9222ea5f60f7756f3c8e,2025-04-19T23:30:08+00:00,Upload posts.parquet with huggingface_hub
f33a87a1cba3b371bc0ddcf8e64d1dd6e58a2654,2025-04-18T23:43:12+00:00,Upload models.parquet with huggingface_hub
b5095d718177bcb55a68870a94b5161412f17957,2025-04-18T23:36:06+00:00,Upload spaces.parquet with huggingface_hub
043b7c2253cf1eb844ce9e00a1bb2db7d3c8a50a,2025-04-18T23:32:51+00:00,Upload datasets.parquet with huggingface_hub
ce61ae18659eb62572d7416c9f84d33c82792573,2025-04-18T23:30:22+00:00,Upload daily_papers.parquet with huggingface_hub
5a6f9dc4e690501236653443cf054dc08a239f81,2025-04-18T23:30:09+00:00,Upload posts.parquet with huggingface_hub
6d4b4e50fa27ec61c2612d6f1518dfe61afc008b,2025-04-17T23:40:25+00:00,Upload models.parquet with huggingface_hub
90ad0862fc8b608ad9aafe76e186c9bdfb157753,2025-04-17T23:34:47+00:00,Upload spaces.parquet with huggingface_hub
ef1943a3c1bbf070a122dd4a9c03261efacc9d58,2025-04-17T23:32:26+00:00,Upload datasets.parquet with huggingface_hub
43ecbc0e1748b3fb82f4e64de9aea07e0ad4c7d1,2025-04-17T23:30:24+00:00,Upload daily_papers.parquet with huggingface_hub
60de51243096dc663d7e9cbe6e81eba5f55f7e86,2025-04-17T23:30:12+00:00,Upload posts.parquet with huggingface_hub
0e90aab81e745925542f46be8a831f5de7872a43,2025-04-16T23:39:57+00:00,Upload models.parquet with huggingface_hub
402e93fb1bd5bc7ce4993739a9289a0d65605b9c,2025-04-16T23:34:50+00:00,Upload spaces.parquet with huggingface_hub
c158be254f5ab477b1e0cd6a40c4b605f07ca060,2025-04-16T23:32:26+00:00,Upload datasets.parquet with huggingface_hub
86f70bfa4f95dc80ae9a4661dd38ade06e21d0c2,2025-04-16T23:30:19+00:00,Upload daily_papers.parquet with huggingface_hub
9e68c223bb0e4f937e3f96433152402daa011b82,2025-04-16T23:30:10+00:00,Upload posts.parquet with huggingface_hub
563eec01280818be67ff32047b869f445150675e,2025-04-15T23:40:54+00:00,Upload models.parquet with huggingface_hub
5b4342be08f306d84fb783685cfbc74fa244eee3,2025-04-15T23:34:37+00:00,Upload spaces.parquet with huggingface_hub
dad6d02a5a87a1859a7c1bf7262a97c4fe26a9d8,2025-04-15T23:32:55+00:00,Upload datasets.parquet with huggingface_hub
598b379029b49fb6c3d24361713d7c26032209be,2025-04-15T23:30:35+00:00,Upload posts.parquet with huggingface_hub
5ed5705816c6ddc91038a9e0eb9dbf7c8e0c045c,2025-04-15T23:30:20+00:00,Upload daily_papers.parquet with huggingface_hub
58cff4bb2a5749b57cbfda3ed9dd7a312e834fa5,2025-04-14T23:40:18+00:00,Upload models.parquet with huggingface_hub
00e56931449eeb4c858298f7fc525dc84850ec8c,2025-04-14T23:34:43+00:00,Upload spaces.parquet with huggingface_hub
276a988d13d45863525133b90a462fd95bf07630,2025-04-14T23:32:45+00:00,Upload datasets.parquet with huggingface_hub
914ac9d698d68f6908e9b2d9a8d0e02cdc24d11b,2025-04-14T23:30:20+00:00,Upload daily_papers.parquet with huggingface_hub
b57f1ac7de0e5923f8759d6bdec31a332bc0e3cd,2025-04-14T23:30:09+00:00,Upload posts.parquet with huggingface_hub
f3bec689bfdb76a4a8e12ba02fd19f6bb11e3e26,2025-04-14T15:13:04+00:00,Upload datasets.parquet with huggingface_hub
443a5f3f4d1e3229914c16c4e1bf50fd0009e74b,2025-04-13T23:41:09+00:00,Upload models.parquet with huggingface_hub
0290d44618d524771dc69d02c3f46a8787ec6799,2025-04-13T23:34:54+00:00,Upload spaces.parquet with huggingface_hub
28e6a10d1b7d8fe62bbaaa2ced07465f454bb073,2025-04-13T23:32:46+00:00,Upload datasets.parquet with huggingface_hub
2076d9419661a0f0de78c01aabdc547674198f55,2025-04-13T23:30:19+00:00,Upload daily_papers.parquet with huggingface_hub
2c59e86066325a1e6e7b3b78c4a18473b4bb81d4,2025-04-13T23:30:08+00:00,Upload posts.parquet with huggingface_hub
cb31d960de86d7471cc76ccd140298c7c6127f6f,2025-04-12T23:39:57+00:00,Upload models.parquet with huggingface_hub
35901208a852db4271d7ab0aeafb84ba2a9b8cdf,2025-04-12T23:34:37+00:00,Upload spaces.parquet with huggingface_hub
5f7e4995b16d2b2c534e137f2aca33262c21ce8e,2025-04-12T23:32:19+00:00,Upload datasets.parquet with huggingface_hub
117c1c5a8ded892adf4f14318869dae587fb553c,2025-04-12T23:30:19+00:00,Upload daily_papers.parquet with huggingface_hub
df5620bfa967ba66fa59f69c5dff111f503f1594,2025-04-12T23:30:09+00:00,Upload posts.parquet with huggingface_hub
ce9f134aa8643ddb9aa1ea3e1de6336db58fd005,2025-04-11T23:39:30+00:00,Upload models.parquet with huggingface_hub
772e527db8cab0bc1b043d7517e17a96c42d90b0,2025-04-11T23:34:31+00:00,Upload spaces.parquet with huggingface_hub
0d0b4b244ca6f4f24237f01a9735b135a2278c9a,2025-04-11T23:32:15+00:00,Upload datasets.parquet with huggingface_hub
60e2bafa8635d06a611b4e87201c2c0b09bb37e8,2025-04-11T23:30:21+00:00,Upload daily_papers.parquet with huggingface_hub
a7449ae1435d92e9135edf2153b61e2d80be00d1,2025-04-11T23:30:08+00:00,Upload posts.parquet with huggingface_hub
98f5cb00420a4790018c293ce8c4121bfef56fcb,2025-04-10T23:39:42+00:00,Upload models.parquet with huggingface_hub
ff0891e4bf7e1e33aa8f763dcbefb303038fe24c,2025-04-10T23:34:30+00:00,Upload spaces.parquet with huggingface_hub
572251da2f6d35002d06d8bce667105845ea3991,2025-04-10T23:32:17+00:00,Upload datasets.parquet with huggingface_hub
53b77c316862a6ed10caf56a1b65aadcdbb4fc99,2025-04-10T23:30:25+00:00,Upload daily_papers.parquet with huggingface_hub
baf3469b93151ae7ec02d4878d0e053f2bb38cba,2025-04-10T23:30:11+00:00,Upload posts.parquet with huggingface_hub
368d1d6b4c98e8335bdc7b48c6e94894f94f4c8b,2025-04-09T23:40:14+00:00,Upload models.parquet with huggingface_hub
44df1bac87ba5181141ad96094b7b123896e486c,2025-04-09T23:34:48+00:00,Upload spaces.parquet with huggingface_hub
33c1cf116b2bd44ba4b416ad6269d9123a705f13,2025-04-09T23:32:24+00:00,Upload datasets.parquet with huggingface_hub
dc27ec1d208e8199139647f8219fa8aac9d9ae68,2025-04-09T23:30:20+00:00,Upload daily_papers.parquet with huggingface_hub
9f9b402e6fed437a011d8482356cc304a2048529,2025-04-09T23:30:10+00:00,Upload posts.parquet with huggingface_hub
0d92e4dc1b956571432ea7cd8d769f8c8e077d1a,2025-04-08T23:39:24+00:00,Upload models.parquet with huggingface_hub
b5782a2a525e43c0e05cd2ddc7dca1a3c20e033d,2025-04-08T23:34:25+00:00,Upload spaces.parquet with huggingface_hub
e25dcd4e5145972fd2a7a2b9073a13c6fe9f887c,2025-04-08T23:32:08+00:00,Upload datasets.parquet with huggingface_hub
9468ae5be61301b401faa93cc2693108a6972fc1,2025-04-08T23:30:17+00:00,Upload daily_papers.parquet with huggingface_hub
8b7ba8427130103f4b9ccbbdc3a3cb875c5ec700,2025-04-08T23:30:07+00:00,Upload posts.parquet with huggingface_hub
6e114803ebc53cb27fc68a6328859be0f77bbcaa,2025-04-07T23:40:05+00:00,Upload models.parquet with huggingface_hub
fbd8d2d329a6bc58d057b7b1011e6503227ec272,2025-04-07T23:34:46+00:00,Upload spaces.parquet with huggingface_hub
b2e660510b4e6828ae4ba3ba8f42c912d848c36c,2025-04-07T23:32:22+00:00,Upload datasets.parquet with huggingface_hub
0229fcad2cfa46f99004f374b99a5b0587f58a31,2025-04-07T23:30:19+00:00,Upload daily_papers.parquet with huggingface_hub
060f40af011ea277aee211f53c353e31d61fa070,2025-04-07T23:30:07+00:00,Upload posts.parquet with huggingface_hub
eaf0b876069d617e920a54c77a0ca698559f4e72,2025-04-06T23:40:25+00:00,Upload models.parquet with huggingface_hub
e64f2111cb8820d7d8bd7516b872c5bde595bd52,2025-04-06T23:34:44+00:00,Upload spaces.parquet with huggingface_hub
999426d288bf202c57f16b486809cc2947031753,2025-04-06T23:32:23+00:00,Upload datasets.parquet with huggingface_hub
03f8bb87aa8c91f6c6302a8cdd260186f783922d,2025-04-06T23:30:21+00:00,Upload daily_papers.parquet with huggingface_hub
d52f9bc89362116cd307a541b9ac0ef207dfbd35,2025-04-06T23:30:08+00:00,Upload posts.parquet with huggingface_hub
a6f1faf6e02e2cc2ae24ee80cd6037bcbcac1baa,2025-04-05T23:41:18+00:00,Upload models.parquet with huggingface_hub
13e012b31f8db93d2c7684f8bb87da1f2c28c4bf,2025-04-05T23:35:23+00:00,Upload spaces.parquet with huggingface_hub
1cf053c5c927f591a3e4499f2f23963cda43311a,2025-04-05T23:32:47+00:00,Upload datasets.parquet with huggingface_hub
9d77c820f7035666b885fcdc2e6d04ff144a5902,2025-04-05T23:30:24+00:00,Upload daily_papers.parquet with huggingface_hub
6811d3efa42844a0a18a80806fcf739340e9653e,2025-04-05T23:30:09+00:00,Upload posts.parquet with huggingface_hub
5983f3f92236d133eb6e21267e9262a361c07a6c,2025-04-04T23:40:15+00:00,Upload models.parquet with huggingface_hub
7436e90a9b877f94348a71a1ff3249dc6ff1aaef,2025-04-04T23:34:47+00:00,Upload spaces.parquet with huggingface_hub
0852391d4edb9b36c8a67ee67719d47c0a7a5725,2025-04-04T23:32:31+00:00,Upload datasets.parquet with huggingface_hub
030e959e1db5594446480352c78cf0fce1c2a1f0,2025-04-04T23:30:20+00:00,Upload daily_papers.parquet with huggingface_hub
20aa2f6c93c215846a02fb9a1da1525d56db8ec8,2025-04-04T23:30:07+00:00,Upload posts.parquet with huggingface_hub
e803cc0fc899aa8c800c974260cc797b878a99e6,2025-04-03T23:40:29+00:00,Upload models.parquet with huggingface_hub
dfaaf195222bbcdedb0ca518ca6783ecbd170eca,2025-04-03T23:35:11+00:00,Upload spaces.parquet with huggingface_hub
cfa19ac86251a709281ea913418a65ac16c0bb21,2025-04-03T23:32:38+00:00,Upload datasets.parquet with huggingface_hub
cface621ff9688f41f7dcb50a44d7f966ff7d105,2025-04-03T23:30:25+00:00,Upload daily_papers.parquet with huggingface_hub
503690b0f0b013a94bb8d19175d4bc9a5a784b85,2025-04-03T23:30:12+00:00,Upload posts.parquet with huggingface_hub
cfe40c73e7374ee7685346cd559efebf75367e04,2025-04-02T23:39:43+00:00,Upload models.parquet with huggingface_hub
272080a97d1cd72cdef5c2f6f2cd4ab2cc05ef94,2025-04-02T23:34:46+00:00,Upload spaces.parquet with huggingface_hub
4f50d54019bce4895a61bcb105801b0460c15e81,2025-04-02T23:32:30+00:00,Upload datasets.parquet with huggingface_hub
03a784286f6a59052d0de93f389b373c9b6b15d2,2025-04-02T23:30:20+00:00,Upload daily_papers.parquet with huggingface_hub
d2a1ea0adf7c20c92356919ce8d8f3c4d1ccd715,2025-04-02T23:30:10+00:00,Upload posts.parquet with huggingface_hub
9c1fb8b38a11192fc37b4cf1f06c2db70307edbf,2025-04-01T23:39:33+00:00,Upload models.parquet with huggingface_hub
51e686c3f51e91ff9e1927535da0a6a51231bc26,2025-04-01T23:34:26+00:00,Upload spaces.parquet with huggingface_hub
9faef591cb55fe92b7fccdda937e40472b1b46f6,2025-04-01T23:32:19+00:00,Upload datasets.parquet with huggingface_hub
4a20bd8ec02b94fd6aaeed2e16b50a0d2c23dd97,2025-04-01T23:30:17+00:00,Upload daily_papers.parquet with huggingface_hub
cdce4dd543988ba7415924e0cbcae7d2ef3074da,2025-04-01T23:30:08+00:00,Upload posts.parquet with huggingface_hub
e3def6b78ac1bbec007bc0d9919c47313bd118a2,2025-03-31T23:39:42+00:00,Upload models.parquet with huggingface_hub
2cc61983cb031f4f2929fde05590f92468079f61,2025-03-31T23:34:28+00:00,Upload spaces.parquet with huggingface_hub
35d590c8d6c9cbcb4affdc5df0485f54fb425788,2025-03-31T23:32:28+00:00,Upload datasets.parquet with huggingface_hub
033e2cc0734b77325e4808699117c38c0e745231,2025-03-31T23:30:15+00:00,Upload daily_papers.parquet with huggingface_hub
2cbe476f3f3833e09d94925713536dec2386963f,2025-03-31T23:30:07+00:00,Upload posts.parquet with huggingface_hub
bf9d34e329b2437e44e0ec2209b61b91d2483505,2025-03-30T23:39:29+00:00,Upload models.parquet with huggingface_hub
167b3cdd97d0a2b0319aea630db03fea48917493,2025-03-30T23:34:25+00:00,Upload spaces.parquet with huggingface_hub
320d3cb2869b99426b81e76cd7bf869c6b257b12,2025-03-30T23:32:32+00:00,Upload datasets.parquet with huggingface_hub
a15abee2982300d94558d8252bc433329a9634b9,2025-03-30T23:30:23+00:00,Upload daily_papers.parquet with huggingface_hub
f306d7bbc2f9265fc1add996b049287b983ccee6,2025-03-30T23:30:07+00:00,Upload posts.parquet with huggingface_hub
bb0e52e6a4c60da239ebd5084b012d9041464b83,2025-03-29T23:41:09+00:00,Upload models.parquet with huggingface_hub
fd6a04a6d886ab45b5d3999dbc98e820c4f24f6a,2025-03-29T23:35:42+00:00,Upload spaces.parquet with huggingface_hub
56448f63de64f9ccd10e7c2ba3a92fe48e81a6d9,2025-03-29T23:32:18+00:00,Upload datasets.parquet with huggingface_hub
7d1eac8b85c7d5d8308e4961fe249959d9713a9c,2025-03-29T23:30:21+00:00,Upload daily_papers.parquet with huggingface_hub
fd6d20a56a9be51453846e547e1faf3a181c4405,2025-03-29T23:30:06+00:00,Upload posts.parquet with huggingface_hub
1b3fb04e94caa43e5b1e86fb0eae6c8fce4290da,2025-03-28T23:39:42+00:00,Upload models.parquet with huggingface_hub
f22a8afdcf0f7778a1cd926883c35db9394523f1,2025-03-28T23:34:29+00:00,Upload spaces.parquet with huggingface_hub
479b1c4a2692e23cbbb240795cd546ea364d364b,2025-03-28T23:32:21+00:00,Upload datasets.parquet with huggingface_hub
663a44118b6ce4aa957e2398088613b053883b27,2025-03-28T23:30:27+00:00,Upload daily_papers.parquet with huggingface_hub
8d5b1df5acf1698854ae355825a5313625db0738,2025-03-28T23:30:09+00:00,Upload posts.parquet with huggingface_hub
b9912a33a1e5c14b2fc878c997ead11506e372ca,2025-03-27T23:39:11+00:00,Upload models.parquet with huggingface_hub
7b432be56f53f43fb70b061989de48c8e61565ac,2025-03-27T23:34:32+00:00,Upload spaces.parquet with huggingface_hub
d2e44ed2b152c4979b601ded90557c855508ce7b,2025-03-27T23:32:15+00:00,Upload datasets.parquet with huggingface_hub
28717c89fb4238ac24381ac5231a2c4a4e43e5e0,2025-03-27T23:30:21+00:00,Upload daily_papers.parquet with huggingface_hub
1fcdca8c984f5023662211f4f35d5f1466ac223a,2025-03-27T23:30:08+00:00,Upload posts.parquet with huggingface_hub
d89d9288509e8bdf32b84597ea7f7f92ce4fa7fb,2025-03-26T23:39:33+00:00,Upload models.parquet with huggingface_hub
768b327ddd250404a775b86c81a6752f8d84f816,2025-03-26T23:34:26+00:00,Upload spaces.parquet with huggingface_hub
5371b8cfdcf8f12d0c74709d9778f4824fd2c467,2025-03-26T23:32:13+00:00,Upload datasets.parquet with huggingface_hub
f74fd25a7664df5b69e843fa6402db854ae2ae80,2025-03-26T23:30:17+00:00,Upload daily_papers.parquet with huggingface_hub
03c44d612a2cb47fdd19f2cb5957bc06f060f569,2025-03-26T23:30:08+00:00,Upload posts.parquet with huggingface_hub
eca845320078cb809b338df64518ed0b03747331,2025-03-25T23:39:37+00:00,Upload models.parquet with huggingface_hub
57ff0a17f2f1bf6271352ae9cc0e24d34e4e73c9,2025-03-25T23:34:23+00:00,Upload spaces.parquet with huggingface_hub
f4f97b75754528414319f6b4ccd450e02c0388da,2025-03-25T23:32:19+00:00,Upload datasets.parquet with huggingface_hub
dbea3b1e3ef751469050c494dbd1fe08ddd0d540,2025-03-25T23:30:20+00:00,Upload daily_papers.parquet with huggingface_hub
be938df24324ea7496a9c7044faa61eaf61596aa,2025-03-25T23:30:13+00:00,Upload posts.parquet with huggingface_hub
3deac3b7e86cdb6dd6536a86d3b561857a86eed1,2025-03-24T23:40:12+00:00,Upload models.parquet with huggingface_hub
d143eb9c1c5a0ef1758f9aabce33f4289a2dd0ed,2025-03-24T23:34:48+00:00,Upload spaces.parquet with huggingface_hub
b85fe57e692df32f77f15b324992657f43a0b729,2025-03-24T23:32:27+00:00,Upload datasets.parquet with huggingface_hub
cc6b527ffb919bfb6b3c26af99215ed72b6d055d,2025-03-24T23:30:21+00:00,Upload daily_papers.parquet with huggingface_hub
f191791b0e978ac67fe112ef171eb908a623c1ad,2025-03-24T23:30:12+00:00,Upload posts.parquet with huggingface_hub
d32176a0467d9e921a81d51ae2c872ab2b99741b,2025-03-23T23:41:24+00:00,Upload models.parquet with huggingface_hub
163dda843bab339bbefd70fcc9ab1c3c9a801bcb,2025-03-23T23:35:04+00:00,Upload spaces.parquet with huggingface_hub
dbcb20efc93499a9e5aa0a4b0098638ecb19b308,2025-03-23T23:33:11+00:00,Upload datasets.parquet with huggingface_hub
669127e83da6e92c62ac8ab9b7b34c0b94d1aec6,2025-03-23T23:30:24+00:00,Upload daily_papers.parquet with huggingface_hub
7a5f19ce555745784698838ffbdc61673c3dc203,2025-03-23T23:30:17+00:00,Upload posts.parquet with huggingface_hub
efc32d65289966a885fd62470bdb9dfcc880cd81,2025-03-22T23:31:24+00:00,Upload daily_papers.parquet with huggingface_hub
310833b694e82633e8f1fc00c725af8dcd805888,2025-03-22T23:30:53+00:00,Upload posts.parquet with huggingface_hub
03877d38afa0e5df509e282eedd9e05e3e705ccb,2025-03-21T23:43:57+00:00,Upload models.parquet with huggingface_hub
6eb866048769f35a87b0a461d50f3be634596f1a,2025-03-21T23:36:00+00:00,Upload spaces.parquet with huggingface_hub
33c30fec12be2f01cd18d68b242a0f7b3393a368,2025-03-21T23:33:19+00:00,Upload datasets.parquet with huggingface_hub
1aa97c20c3a8437b075a619433db188a32f6b366,2025-03-21T23:30:30+00:00,Upload daily_papers.parquet with huggingface_hub
461de64b0eeace8cdf57c6d7273cc3d1feefc244,2025-03-21T23:30:13+00:00,Upload posts.parquet with huggingface_hub
3d2e26d6322f9b0961cf72141cd7019acb53ebc6,2025-03-20T23:40:59+00:00,Upload models.parquet with huggingface_hub
c1b7ccbdea6f3224bb023ebf1488e059ced7785a,2025-03-20T23:34:38+00:00,Upload spaces.parquet with huggingface_hub
57f7714d025b5865deebb2afe0e6383ecd2f3b25,2025-03-20T23:32:25+00:00,Upload datasets.parquet with huggingface_hub
257f75ca2a9b57565a6fbcfff4488d7c3bc1ce46,2025-03-20T23:30:24+00:00,Upload daily_papers.parquet with huggingface_hub
2aeefe8c8bb14e81ef5cdcdf1a34a24d033593bc,2025-03-20T23:30:09+00:00,Upload posts.parquet with huggingface_hub
f6602fcef75e059ce2c1dd8284b939f8864c7aa0,2025-03-19T23:41:04+00:00,Upload models.parquet with huggingface_hub
405f937e04ea5a4ad9ded2db0de55eac367dadc8,2025-03-19T23:35:02+00:00,Upload spaces.parquet with huggingface_hub
3b6deab555886e2d839fa8261844c3adbceded6f,2025-03-19T23:32:33+00:00,Upload datasets.parquet with huggingface_hub
9398ae6e1379af7b37ed640e127bc5e57deadc65,2025-03-19T23:30:22+00:00,Upload daily_papers.parquet with huggingface_hub
6c279516ee9ec604724e6c4915b39d68ab596a36,2025-03-19T23:30:08+00:00,Upload posts.parquet with huggingface_hub
c78f1244eeaa12d9f921ce3dde73d85791a51db9,2025-03-19T18:48:37+00:00,Upload posts.parquet with huggingface_hub
933a6b966c8347d5ee45873abd7c3295679149aa,2025-03-19T18:46:27+00:00,Upload datasets.parquet with huggingface_hub
7e5cecde353ea147d8768ec83c6398644913b9ef,2025-03-19T18:43:54+00:00,Upload models.parquet with huggingface_hub
121ea17e6b1e3509be2cf30659cdf544d3ec9ce0,2025-03-19T18:33:44+00:00,Upload spaces.parquet with huggingface_hub
bf46894fdb84c00bf605fe43d89e549259b1bc57,2025-03-19T18:29:37+00:00,Upload daily_papers.parquet with huggingface_hub
abacc92f1713ac35591777f98363b5facdffa260,2025-03-19T14:21:55+00:00,Update README.md
f1277c6f87288d6a9bac3be8312073d6d0725b34,2025-03-19T14:21:22+00:00,Update README.md
e1039e33121cc9b84d382ae5f9284c0dca16db9d,2025-03-19T13:53:45+00:00,Update README.md
55ad70131587506be7a462d7b40d057b1f9749b3,2025-03-19T12:08:30+00:00,add clarification (#3)
b784094b35d181e85f4357c0d6c75ec01bd2bb60,2025-03-18T23:39:48+00:00,Upload models.parquet with huggingface_hub
340006ccc8cd46962b50ebc5a51fc67a1cd6cd42,2025-03-18T23:34:41+00:00,Upload spaces.parquet with huggingface_hub
3cb2336a7c6fd7f0d6c5e2af79e71c5af95aa21f,2025-03-18T23:32:40+00:00,Upload datasets.parquet with huggingface_hub
7f27867fe7b6509ade7b64580c9a3b3bc2668265,2025-03-18T23:30:23+00:00,Upload daily_papers.parquet with huggingface_hub
e47484a540d6338311e1ddaea9f4bef792fa764f,2025-03-18T23:30:07+00:00,Upload posts.parquet with huggingface_hub
a34df2bdfbfa1c8ec6eb5b139bfc4919d1fc0da5,2025-03-17T23:40:48+00:00,Upload models.parquet with huggingface_hub
1caddb83a4484084fa75e5bb09ed2990ed67b25a,2025-03-17T23:34:31+00:00,Upload spaces.parquet with huggingface_hub
78fa5e308449dcccc3b016e5374357cdb08a5d02,2025-03-17T23:32:37+00:00,Upload datasets.parquet with huggingface_hub
683ff23f77d8c4c05b33a1e45dc4553871bc1c77,2025-03-17T23:30:21+00:00,Upload daily_papers.parquet with huggingface_hub
2bde583c71d0071d0ba3449649a2c98dfe4ab004,2025-03-17T23:30:09+00:00,Upload posts.parquet with huggingface_hub
85c02ec839d9f9833c7751eb3c2e82ec8863b3fb,2025-03-16T23:39:31+00:00,Upload models.parquet with huggingface_hub
7140415f0bc4fad0c31ac275c7e5fa614e0fd54b,2025-03-16T23:34:44+00:00,Upload spaces.parquet with huggingface_hub
57b065b2022aec09a3029a390fd011b929d48d01,2025-03-16T23:32:41+00:00,Upload datasets.parquet with huggingface_hub
96204f9b8a792cd26cb63112e09f89f9a5a14873,2025-03-16T23:30:31+00:00,Upload daily_papers.parquet with huggingface_hub
5592f770f6e127afefef7ce506bb0d720f3d2aaf,2025-03-16T23:30:13+00:00,Upload posts.parquet with huggingface_hub
a625f7cfd49871804c176d6c03dabd1e10de1385,2025-03-15T23:40:15+00:00,Upload models.parquet with huggingface_hub
52580aa701d6e64dd83ab7027b3589c9b391bc44,2025-03-15T23:34:41+00:00,Upload spaces.parquet with huggingface_hub
d79f9e173848f20e63ff2fce675a5e458082388d,2025-03-15T23:32:21+00:00,Upload datasets.parquet with huggingface_hub
f9e01c8267f7f50fcd4799f9917262f658d22858,2025-03-15T23:30:23+00:00,Upload daily_papers.parquet with huggingface_hub
6b63729a19a0d51988651d7d5ce5e8e14e85521c,2025-03-15T23:30:11+00:00,Upload posts.parquet with huggingface_hub
2b5ada1d52d7d2d1924e74051293878e98f4a7a0,2025-03-14T23:39:30+00:00,Upload models.parquet with huggingface_hub
2164399d51966ede9019b00098f6fc079f552cf2,2025-03-14T23:34:19+00:00,Upload spaces.parquet with huggingface_hub
1c467c548695a681b83ba8b51703cc81e32f78f4,2025-03-14T23:32:19+00:00,Upload datasets.parquet with huggingface_hub
d33670537341a1304e72bdf9b2dd81dbceb1be5f,2025-03-14T23:30:23+00:00,Upload daily_papers.parquet with huggingface_hub
cb3b825f224c743d3eff65ee7a41dacdb8c863c9,2025-03-14T23:30:09+00:00,Upload posts.parquet with huggingface_hub
e17b03836f8c91ba9af251413e10b2da7b15eb86,2025-03-13T23:40:09+00:00,Upload models.parquet with huggingface_hub
76a84b568355ff326c7c8a2d09064eccc7aafa09,2025-03-13T23:34:55+00:00,Upload spaces.parquet with huggingface_hub
9b4e316b121108bd0a83345f5bab6a717130c4c0,2025-03-13T23:33:03+00:00,Upload datasets.parquet with huggingface_hub
180dbfd43183a18c0e1512d7aad839f5627757cf,2025-03-13T23:31:27+00:00,Upload daily_papers.parquet with huggingface_hub
c2ee6b832b83b3afe7f87894386182363acba261,2025-03-13T23:30:20+00:00,Upload posts.parquet with huggingface_hub
575ed2950e3ef83cb3d788846ca0aa312601ef05,2025-03-12T23:38:44+00:00,Upload models.parquet with huggingface_hub
454d15229196af6388270b6382496b9d3fa4a16f,2025-03-12T23:34:10+00:00,Upload spaces.parquet with huggingface_hub
291e55f1fd8224769f02bb58550a375b2a386270,2025-03-12T23:32:09+00:00,Upload datasets.parquet with huggingface_hub
b217203a279813cd281d78900fdc227ba7a8c50f,2025-03-12T23:30:26+00:00,Upload daily_papers.parquet with huggingface_hub
c408a0693bb9e3c768d4c568a4e93ddb7107f637,2025-03-12T23:30:05+00:00,Upload posts.parquet with huggingface_hub
7301e0028dba79b0fef19612dbd7381d31901417,2025-03-11T23:40:32+00:00,Upload models.parquet with huggingface_hub
b1986f19f2d269d1f4d19fc0118a4e81818e9951,2025-03-11T23:34:46+00:00,Upload spaces.parquet with huggingface_hub
aa20f5195aca46b3956e9ae01ed77cdb057c40c8,2025-03-11T23:32:42+00:00,Upload datasets.parquet with huggingface_hub
0bf142796355565fa3356555f736005fc4fa3d72,2025-03-11T23:30:47+00:00,Upload daily_papers.parquet with huggingface_hub
01e59f463d59bec9d0ca6e902fb65e3341cb0327,2025-03-11T23:30:18+00:00,Upload posts.parquet with huggingface_hub
647621a1eef6c0afde79bf06e01df193f26a5678,2025-03-10T23:40:08+00:00,Upload models.parquet with huggingface_hub
911eefb51fd3822dd7b7879c9e24c1f295affbff,2025-03-10T23:34:43+00:00,Upload spaces.parquet with huggingface_hub
1b6ee7d27b40c9eec6bf3d6c28d33f2efe068565,2025-03-10T23:32:35+00:00,Upload datasets.parquet with huggingface_hub
41dbe665593a111b2c33a9af06edd4b7629ef4d5,2025-03-10T23:30:39+00:00,Upload daily_papers.parquet with huggingface_hub
28398309e0ddb4ef06dc13f531d2ea3164d278cf,2025-03-10T23:30:17+00:00,Upload posts.parquet with huggingface_hub
a9736ab8f50e3d8712c652c0300269517b2ecdb1,2025-03-09T23:39:34+00:00,Upload models.parquet with huggingface_hub
22fd905d6b21ace25009c9d62ae3ea33ae7a5b84,2025-03-09T23:34:15+00:00,Upload spaces.parquet with huggingface_hub
961fd7fe5f5a090dd85296a19470caec6c239cd4,2025-03-09T23:32:09+00:00,Upload datasets.parquet with huggingface_hub
0f0ffe9841261067ee87852b40babe11aa1d50ae,2025-03-09T23:30:33+00:00,Upload daily_papers.parquet with huggingface_hub
794a8ea011c96f0b8badedf5db8ff3f8100d8a92,2025-03-09T23:30:06+00:00,Upload posts.parquet with huggingface_hub
77e56e55823dde79aa53ff42977f49a1c384cfd1,2025-03-09T00:39:06+00:00,Upload models.parquet with huggingface_hub
790f15b5054319393d6f701349caebc52db8b2d3,2025-03-09T00:34:19+00:00,Upload spaces.parquet with huggingface_hub
d14c25338f45b1eab6719a9f6a2b68cec9a92edb,2025-03-09T00:32:14+00:00,Upload datasets.parquet with huggingface_hub
6d5030ea91373323ce2be4126fb2347a045e7bdb,2025-03-09T00:30:30+00:00,Upload daily_papers.parquet with huggingface_hub
63073187d7a669b27814aa4a5c45278fa57efe1d,2025-03-09T00:30:07+00:00,Upload posts.parquet with huggingface_hub
eb4ec0f5f45a1eeb5e430c40328a009a56b957eb,2025-03-08T00:38:54+00:00,Upload models.parquet with huggingface_hub
0c682014376119a20256f575175e1ee493df0bfa,2025-03-08T00:34:15+00:00,Upload spaces.parquet with huggingface_hub
d2c74a497d8f7c825f8909c3c24e3346d41aaad2,2025-03-08T00:32:12+00:00,Upload datasets.parquet with huggingface_hub
df9c241b1b5401be6d34b2b3eabacb7dbdcb9c9d,2025-03-08T00:30:31+00:00,Upload daily_papers.parquet with huggingface_hub
6bdc74ef9b4c818b4f25e48d093a1a3b580ee9e1,2025-03-08T00:30:08+00:00,Upload posts.parquet with huggingface_hub
337e5a55dbec832382c0123a6af0e6549e243e19,2025-03-07T00:38:46+00:00,Upload models.parquet with huggingface_hub
57c2d789f1eab21ee0cf6c737a40afb323fceaf8,2025-03-07T00:34:06+00:00,Upload spaces.parquet with huggingface_hub
3c03ca42ded8c5d79348b012c9d3b24c4ebc3cf4,2025-03-07T00:32:04+00:00,Upload datasets.parquet with huggingface_hub
418aa10d9d8b57bf1057ebd9aad52551a0cc6622,2025-03-07T00:30:27+00:00,Upload daily_papers.parquet with huggingface_hub
f18a2f9036e37758d390a90bda60fc8cee61cb1b,2025-03-07T00:30:07+00:00,Upload posts.parquet with huggingface_hub
d23dc46d70d87ec20465a3abbc2423663affc507,2025-03-06T00:39:10+00:00,Upload models.parquet with huggingface_hub
7d006c980a36d6020e5076d8be4490dc23c9f11b,2025-03-06T00:34:30+00:00,Upload spaces.parquet with huggingface_hub
c7d01be53ccb4b0efddb1f73ca064c854813e630,2025-03-06T00:32:22+00:00,Upload datasets.parquet with huggingface_hub
eb957a309dde5c8f3ab943409d2ec9e385a25fec,2025-03-06T00:30:35+00:00,Upload daily_papers.parquet with huggingface_hub
54b11d337c66844691c502ba7adbd2f910368f87,2025-03-06T00:30:07+00:00,Upload posts.parquet with huggingface_hub
e44c012881fc6ae137fe44a1ee67c7b363227ac3,2025-03-05T00:38:47+00:00,Upload models.parquet with huggingface_hub
32cb57df84ee6e7c8632ba7c903bdb25d3fa2d81,2025-03-05T00:34:06+00:00,Upload spaces.parquet with huggingface_hub
77ffc5818db44b1c1b79d4fb7067cf5499f333d0,2025-03-05T00:32:10+00:00,Upload datasets.parquet with huggingface_hub
45aad3744b0e818c11021c9c83ffb590c9f622d7,2025-03-05T00:30:27+00:00,Upload daily_papers.parquet with huggingface_hub
494cd5e8f6d3e30aa31ecd2350559438e49ab927,2025-03-05T00:30:07+00:00,Upload posts.parquet with huggingface_hub
e09bdc087d0ec63ec41d04fb4ddcf2520a44cbac,2025-03-04T00:39:07+00:00,Upload models.parquet with huggingface_hub
9d5463f045af49476e35c267adb30aba57eecb60,2025-03-04T00:34:09+00:00,Upload spaces.parquet with huggingface_hub
923484b64ef9dd7b217d4c3afd7e3d9f0e2c70b2,2025-03-04T00:32:08+00:00,Upload datasets.parquet with huggingface_hub
d08ef9d2ac559ac17c5f2f982eb9f86198421e65,2025-03-04T00:30:28+00:00,Upload daily_papers.parquet with huggingface_hub
9b9687072325d45de6244f5c6ec80728d6b1f10d,2025-03-04T00:30:07+00:00,Upload posts.parquet with huggingface_hub
570459dd89e498cd04c5b62b0bfc0612cb734161,2025-03-03T14:22:58+00:00,Upload models.parquet with huggingface_hub
1f2ebe954e0f644994ab48d0603e019180082483,2025-03-03T14:07:29+00:00,Upload datasets.parquet with huggingface_hub
88f38ac6bece985aeb67a06fc6b3da69801b1a3a,2025-03-03T14:05:49+00:00,Upload daily_papers.parquet with huggingface_hub
cab99f6f6ae9ca185a4b17fcabc718c52355bbaa,2025-03-03T14:05:26+00:00,Upload posts.parquet with huggingface_hub
f6417c3416972aded52388c31149a51baf4b55f1,2025-03-03T13:52:34+00:00,Upload spaces.parquet with huggingface_hub
28cfe4078cff8e17cac4b52e6e8fec860d0b2012,2025-03-03T13:49:56+00:00,Upload daily_papers.parquet with huggingface_hub
0e2043970752488954c49b80b9f3f823aea0a6d6,2025-03-03T00:36:29+00:00,Upload spaces.parquet with huggingface_hub
bbec5d07a977044845ff3602f71e3b5c0e8d0be2,2025-03-03T00:30:52+00:00,Upload daily_papers.parquet with huggingface_hub
de42f9e98237b6880156311c7f36cd93bc8a8354,2025-03-02T00:32:57+00:00,Upload spaces.parquet with huggingface_hub
b05d3bfe43f223a71b4ddb5bca3e325922f9cd49,2025-03-02T00:30:26+00:00,Upload daily_papers.parquet with huggingface_hub
513a5448c0aea1022ece95dd60a668f5388cd7b9,2025-03-01T00:33:02+00:00,Upload spaces.parquet with huggingface_hub
d524ef0ac5e009c7898f258738cb050a23012c53,2025-03-01T00:30:26+00:00,Upload daily_papers.parquet with huggingface_hub
7cb2126788179ddb0b6d62400932ed0ea5f8df45,2025-02-28T14:23:23+00:00,Upload models.parquet with huggingface_hub
9020f81b30c3a51f48446768e3d9e659171c01c8,2025-02-28T13:30:35+00:00,Upload spaces.parquet with huggingface_hub
7482f70cc82a84a3745fa920c18adc1962a8a7cf,2025-02-28T13:28:09+00:00,Upload daily_papers.parquet with huggingface_hub
7b38f7608ff50b425004b7dbdaf337381383369d,2025-02-28T00:32:52+00:00,Upload spaces.parquet with huggingface_hub
61492ac69fd8e8e7f0bee945dfe350b29ac4736a,2025-02-28T00:30:24+00:00,Upload daily_papers.parquet with huggingface_hub
3528934c183b87499a56892a3d7e6520a2e8db32,2025-02-27T21:36:38+00:00,Upload spaces.parquet with huggingface_hub
5eb1030b39089316285f3fabd1b8becc8f3c36f9,2025-02-27T21:34:04+00:00,Upload daily_papers.parquet with huggingface_hub
21df4aa1d4716d97fb6e25736d67fd1588dfd74c,2025-02-27T21:18:06+00:00,Upload posts.parquet with huggingface_hub
4de026092feed7e4d894a4572927ba1c2ec53237,2025-02-27T21:17:40+00:00,Upload datasets.parquet with huggingface_hub
cde4236296031f0a285d966c46250210b2496602,2025-02-27T21:16:06+00:00,Upload models.parquet with huggingface_hub
db5639370baf1735aede96499279a93b30eb5a3e,2025-02-27T21:10:58+00:00,Upload spaces.parquet with huggingface_hub
b91d4ff2fabd553808fdf7972ab702e7f8ab473c,2025-02-27T21:08:23+00:00,Upload daily_papers.parquet with huggingface_hub
a2fc70ed3640884d9917466eb1134d6ec85ad60c,2025-02-27T20:58:47+00:00,Upload datasets.parquet with huggingface_hub
b0e2c72fff6656009b3c5e0c254359dd13785288,2025-02-27T20:57:15+00:00,Upload models.parquet with huggingface_hub
f27490dfab2c26af87b178f45a97823cd6ff753a,2025-02-27T20:56:18+00:00,Update README.md
89b78e68fdb59f0f0a2d7991be7690e8cd1d1c25,2025-02-27T20:52:12+00:00,Upload spaces.parquet with huggingface_hub
bad60dd2a6ac1ecc1c8b03db05754c2109c7091c,2025-02-27T20:49:50+00:00,Upload posts.parquet with huggingface_hub
2d40540a7aad3b8ec1112d50c422e83bf97c6285,2025-02-27T20:21:05+00:00,Update README.md
9598280d36db84307064b1f1dd725772394452a9,2025-02-27T20:20:38+00:00,Upload 5 files
a6c8a15b102fcbd5da06c595abc9fccd650576ef,2025-02-27T00:38:59+00:00,Upload datasets.parquet with huggingface_hub
6cbf8460c8e927afecb3af32bd87523489084dc1,2025-02-27T00:37:31+00:00,Upload models.parquet with huggingface_hub
439607770f2555cafa861313da1ce692d2950f47,2025-02-27T00:32:58+00:00,Upload spaces.parquet with huggingface_hub
6e4175b7aff4580bb3347e0b7eb9d33e7289c7d1,2025-02-27T00:30:29+00:00,Upload posts.parquet with huggingface_hub
6cb7746982415bdc476e59d2a102a855e02e56c8,2025-02-26T00:39:32+00:00,Upload datasets.parquet with huggingface_hub
9888cd1d6660cbe58e785b654777ca7da91d7b40,2025-02-26T00:38:02+00:00,Upload models.parquet with huggingface_hub
95da5b4e18740fb076ed5f9df70eab16cb3cbc4c,2025-02-26T00:33:06+00:00,Upload spaces.parquet with huggingface_hub
096e1949b400b05ec19fe5168b6becac6c4371a3,2025-02-26T00:30:39+00:00,Upload posts.parquet with huggingface_hub
11a3f1e7daa98664441948a624a7094ba06a8e32,2025-02-25T00:39:14+00:00,Upload datasets.parquet with huggingface_hub
88f4584da64389f84a438d8d85d9bfb17b4a1a09,2025-02-25T00:37:50+00:00,Upload models.parquet with huggingface_hub
b98e3bfc5a3712b4e0e8bd1b2073467fd85a1892,2025-02-25T00:33:10+00:00,Upload spaces.parquet with huggingface_hub
3c2798b0f7fb6e4ea013ddd901743204394c16e6,2025-02-25T00:30:39+00:00,Upload posts.parquet with huggingface_hub
d077eaa33293c475e3c9e3e058b8b01018096a86,2025-02-24T00:38:36+00:00,Upload datasets.parquet with huggingface_hub
0cb0edd9151f6dc407bc626c49003cd5dc510a86,2025-02-24T00:37:15+00:00,Upload models.parquet with huggingface_hub
395b6750412855631cacdc01b9a481c6bb390314,2025-02-24T00:32:50+00:00,Upload spaces.parquet with huggingface_hub
e56a071aa9f41b884054a7df4bc5d1e38b411545,2025-02-24T00:30:28+00:00,Upload posts.parquet with huggingface_hub
05c9b70d999f6ce56eb979f8c5e221b560246bae,2025-02-23T00:38:32+00:00,Upload datasets.parquet with huggingface_hub
61f1ad8ed38406339683fcebfedf66678f7b5381,2025-02-23T00:37:14+00:00,Upload models.parquet with huggingface_hub
bdf9ac2be355f680129c5df5ad4b38b551205322,2025-02-23T00:32:57+00:00,Upload spaces.parquet with huggingface_hub
77bbf52839e3233f2f10e87fa1c8c6c8d7415b21,2025-02-23T00:30:34+00:00,Upload posts.parquet with huggingface_hub
df1e6b23ffea232bad4db4f47408b88af8852b8e,2025-02-22T00:40:39+00:00,Upload datasets.parquet with huggingface_hub
e2c37c1a224e045824a0214c43859e2255b827bf,2025-02-22T00:38:58+00:00,Upload models.parquet with huggingface_hub
1d2269ef7e28e329b0130193401ab2c3eb9468de,2025-02-22T00:33:45+00:00,Upload spaces.parquet with huggingface_hub
eecb70cf07cc81a957b41b849f38f1d91d5c2304,2025-02-22T00:30:46+00:00,Upload posts.parquet with huggingface_hub
4bbc6a7fc32bc77da6346d57b6c9d26b8c1dae50,2025-02-21T00:38:48+00:00,Upload datasets.parquet with huggingface_hub
758790291f0e0691f9c5691c51f41266560c6820,2025-02-21T00:37:25+00:00,Upload models.parquet with huggingface_hub
370fcc484630d6689b8841fbd46c9fb8b69910a6,2025-02-21T00:32:59+00:00,Upload spaces.parquet with huggingface_hub
fb44ddc9acc84715b2c3fce7fae35223782f0b12,2025-02-21T00:30:32+00:00,Upload posts.parquet with huggingface_hub
7bd2b60c7a4e5729fb928662bb069569134de011,2025-02-20T00:41:22+00:00,Upload datasets.parquet with huggingface_hub
91890aee09f5a92584cff2844079e48fef799bb0,2025-02-20T00:39:54+00:00,Upload models.parquet with huggingface_hub
4e0b76583fa040447cd7431e712dd93c8c6b772e,2025-02-20T00:35:15+00:00,Upload spaces.parquet with huggingface_hub
1db0ff174b6b878f37c45212f618905a74d5d39b,2025-02-20T00:32:58+00:00,Upload posts.parquet with huggingface_hub
a9c779daefcd74c0be35ef020166c82a48121c62,2025-02-19T00:38:42+00:00,Upload datasets.parquet with huggingface_hub
1d6904db22c148b37b576f4b8e5782a04004fd5c,2025-02-19T00:37:24+00:00,Upload models.parquet with huggingface_hub
79fb2ebfa80e9d1636e3af0fc701d2290f01b4c7,2025-02-19T00:33:01+00:00,Upload spaces.parquet with huggingface_hub
9267c8dd5a019d9508724d019250e1d263282cca,2025-02-19T00:30:39+00:00,Upload posts.parquet with huggingface_hub
1b3237e4b4a76019f7f526e5f778328b231d503d,2025-02-18T00:38:52+00:00,Upload datasets.parquet with huggingface_hub
5ba9c225642603cbf474733d602e42262df60893,2025-02-18T00:37:27+00:00,Upload models.parquet with huggingface_hub
649898a350e29dcb1ede78c82fa4bbc26a6357e7,2025-02-18T00:33:05+00:00,Upload spaces.parquet with huggingface_hub
73e72e4f47e93e4cad25911617957449993fe623,2025-02-18T00:30:30+00:00,Upload posts.parquet with huggingface_hub
4008d24db2c676198174486c3bd343d160d0f5ca,2025-02-17T00:40:29+00:00,Upload datasets.parquet with huggingface_hub
8d1a4cd282b2bd292a5053b675a791d8b52a34f4,2025-02-17T00:38:48+00:00,Upload models.parquet with huggingface_hub
a2fc12b4d59b5735f21c3fb7dfb43ef715738372,2025-02-17T00:33:26+00:00,Upload spaces.parquet with huggingface_hub
7e1e4a36f71d4c0c223add6d6d253a6c62bdd745,2025-02-17T00:30:41+00:00,Upload posts.parquet with huggingface_hub
71c31d899b39f7827a8ed676995cf9a242808532,2025-02-16T00:39:21+00:00,Upload datasets.parquet with huggingface_hub
445bcdaa1afd8728ba01f09649d75c0a5694d77c,2025-02-16T00:37:46+00:00,Upload models.parquet with huggingface_hub
332321489e34cb8858b9353efcdad4402fb005c3,2025-02-16T00:32:56+00:00,Upload spaces.parquet with huggingface_hub
534d54956b0b45a531239262b0a0f7e2f55cc22f,2025-02-16T00:30:30+00:00,Upload posts.parquet with huggingface_hub
3e90005fa58151643a187235d77c882ff77c0b33,2025-02-15T00:39:57+00:00,Upload datasets.parquet with huggingface_hub
67c5827e9b9216606e07c2a2ab3535839be41ae2,2025-02-15T00:38:18+00:00,Upload models.parquet with huggingface_hub
c91f391ebffd7a2028e9efafcc629afb4a49ffb8,2025-02-15T00:33:16+00:00,Upload spaces.parquet with huggingface_hub
9ef030445e7ba4193ee163f3690d7a9cb3b6cd3b,2025-02-15T00:30:42+00:00,Upload posts.parquet with huggingface_hub
73518943a405cf505142c810f9477d615664f8a1,2025-02-14T00:38:17+00:00,Upload datasets.parquet with huggingface_hub
47deb1bdf162676e36b8ffcfc21164e4c71af15d,2025-02-14T00:36:56+00:00,Upload models.parquet with huggingface_hub
789c779d320a9263d2954b220e299d2915a4cfc9,2025-02-14T00:32:40+00:00,Upload spaces.parquet with huggingface_hub
8788569dc136684031a6eb3f3bc3fdf85a661a5b,2025-02-14T00:30:28+00:00,Upload posts.parquet with huggingface_hub
76317a51c033707497b3fb3d8c0d16eb8d7f524f,2025-02-13T00:43:35+00:00,Upload datasets.parquet with huggingface_hub
140d15ddf066a8b33c1e58a936cf633a46e60bf6,2025-02-13T00:41:26+00:00,Upload models.parquet with huggingface_hub
fec2613353392236f748a81f8598350d074d5863,2025-02-13T00:34:59+00:00,Upload spaces.parquet with huggingface_hub
e5857a1b839c03e9531095fb5d02e9d138cc1e3b,2025-02-13T00:30:47+00:00,Upload posts.parquet with huggingface_hub
86261e78fec9cae82077e867a37c9bb59e0467e9,2025-02-12T00:39:00+00:00,Upload datasets.parquet with huggingface_hub
84d3f62e7fed35f872a25a9d3dfa1548aec27609,2025-02-12T00:37:31+00:00,Upload models.parquet with huggingface_hub
b6f44e44d405f884743b8cadc217f128b2702191,2025-02-12T00:32:57+00:00,Upload spaces.parquet with huggingface_hub
8ce8029e889f2fbcd952475656772d31e0d2ac4f,2025-02-12T00:30:34+00:00,Upload posts.parquet with huggingface_hub
905077338d196ff89d2ff793c4389c8c5a6d0970,2025-02-11T00:39:50+00:00,Upload datasets.parquet with huggingface_hub
36ca78a428258446a58ca4ab24d73728623e0c3b,2025-02-11T00:38:14+00:00,Upload models.parquet with huggingface_hub
c8c212fa7f03b258a1f7fa1e7f5d08d5aea4ce49,2025-02-11T00:33:12+00:00,Upload spaces.parquet with huggingface_hub
eb0d8994fb89f9e15266bfd730fa5654eb11d80a,2025-02-11T00:30:35+00:00,Upload posts.parquet with huggingface_hub
d6483718dbe139c89e8c0a55609d1fae96fa6173,2025-02-10T00:38:49+00:00,Upload datasets.parquet with huggingface_hub
4a318040e6cc862d0becee61faa8bf9bf73949ff,2025-02-10T00:37:19+00:00,Upload models.parquet with huggingface_hub
73de0973d9945511bf442e7e93c69c7c37be3398,2025-02-10T00:32:51+00:00,Upload spaces.parquet with huggingface_hub
63b31808d3300eb7d57377d2a608f8f89e00dfa2,2025-02-10T00:30:32+00:00,Upload posts.parquet with huggingface_hub
43b0c0f6b9b5e963edef8712550b8c084bd1a99f,2025-02-09T00:39:15+00:00,Upload datasets.parquet with huggingface_hub
7b21259d09152e7416211ea50da8cfcc7483fa11,2025-02-09T00:37:41+00:00,Upload models.parquet with huggingface_hub
13563a97505e992e51de4fea0dc85282aac35c36,2025-02-09T00:32:58+00:00,Upload spaces.parquet with huggingface_hub
e275cfb5e21865a3d0c96a9b323267172756ff19,2025-02-09T00:30:33+00:00,Upload posts.parquet with huggingface_hub
c28a600567943668a34e7c93eb16ed13ea21892c,2025-02-08T00:39:03+00:00,Upload datasets.parquet with huggingface_hub
29c9d11bf7b98bb62dda72b1b7c8ded8f0dad1e9,2025-02-08T00:37:34+00:00,Upload models.parquet with huggingface_hub
41aa6e0deb024d49cc5782cb25fb24d398804d78,2025-02-08T00:32:55+00:00,Upload spaces.parquet with huggingface_hub
a8deae33fd253107b1e06ce94cf99bdbf678a0ed,2025-02-08T00:30:36+00:00,Upload posts.parquet with huggingface_hub
7d445f6f6fa310a683b2af62aabac6b5321ed1a4,2025-02-07T00:43:30+00:00,Upload datasets.parquet with huggingface_hub
b668bd11791ead4fd8c83a8bf491ab854f93847a,2025-02-07T00:41:51+00:00,Upload models.parquet with huggingface_hub
9e05cfaedd008c60b96efb066ca873f2afcdc652,2025-02-07T00:33:34+00:00,Upload spaces.parquet with huggingface_hub
bb4deb6cf03111802de469e0e2b8c176f7d13f32,2025-02-07T00:30:47+00:00,Upload posts.parquet with huggingface_hub
3441df3aefcc60478226591784a4666bdfcc3d3b,2025-02-06T00:40:27+00:00,Upload datasets.parquet with huggingface_hub
a976bb35a6689977faa5ff07060e9a6e19817b48,2025-02-06T00:38:47+00:00,Upload models.parquet with huggingface_hub
0ceec94dc6e0d81428d74b2ab9ea8f78f0f0f1cf,2025-02-06T00:33:41+00:00,Upload spaces.parquet with huggingface_hub
9dcb913a5b633905ae6086045808f45519b6fac2,2025-02-06T00:30:44+00:00,Upload posts.parquet with huggingface_hub
bfb3a242385b42c0f78ec809789ed806e1a88e53,2025-02-05T00:40:37+00:00,Upload datasets.parquet with huggingface_hub
0edf463fe1d8dbed9a52e42e3289873148aaa168,2025-02-05T00:38:55+00:00,Upload models.parquet with huggingface_hub
2322ed5b235340420ecedb1c064151b86fb35f78,2025-02-05T00:33:30+00:00,Upload spaces.parquet with huggingface_hub
b935e7ec26b23b0359bf16b914263b7cb32b22c5,2025-02-05T00:30:45+00:00,Upload posts.parquet with huggingface_hub
d2fd5f090d90eecbc66cd0ca8944f1a2fcbd607e,2025-02-04T00:42:20+00:00,Upload datasets.parquet with huggingface_hub
03f15e4c802439499e2f045c02b153658a00190f,2025-02-04T00:40:59+00:00,Upload models.parquet with huggingface_hub
3950c63c35c1b189463a81ca11f551718ff1a372,2025-02-04T00:33:04+00:00,Upload spaces.parquet with huggingface_hub
9a1303446bd244e32680ea601de99ce69f1bc872,2025-02-04T00:30:34+00:00,Upload posts.parquet with huggingface_hub
4d1f7c7ea60591457ba21125144d9c64ea515f6c,2025-02-03T00:40:43+00:00,Upload datasets.parquet with huggingface_hub
d09f73aba8380c5e9bfae58c50b13a9ea48264d0,2025-02-03T00:38:56+00:00,Upload models.parquet with huggingface_hub
636d5763997a03bea7192faf887e1a6eb76992d2,2025-02-03T00:33:38+00:00,Upload spaces.parquet with huggingface_hub
99d2cb6fa91d5a0a38a3a15216f9dff817302c8c,2025-02-03T00:30:43+00:00,Upload posts.parquet with huggingface_hub
a4c221690a6a26e2fa0394df6cdffd8ea909f25c,2025-02-02T00:40:56+00:00,Upload datasets.parquet with huggingface_hub
de74503c76c05faaa9101513f1fb1d55e7dce824,2025-02-02T00:39:05+00:00,Upload models.parquet with huggingface_hub
25ee1a40222c0d7f4e0073ec8447e4deb637ce89,2025-02-02T00:33:34+00:00,Upload spaces.parquet with huggingface_hub
c5ef7daf12f8e92068b2da302c823df8930752cf,2025-02-02T00:30:44+00:00,Upload posts.parquet with huggingface_hub
876595095b16dedaf064edac73a9b1ae55e17472,2025-02-01T00:39:49+00:00,Upload datasets.parquet with huggingface_hub
39112d707941e4bf8f71b6738834511913c03f7a,2025-02-01T00:37:58+00:00,Upload models.parquet with huggingface_hub
67c29cddd4b35bc1de39aea65a56ae8aa3926d18,2025-02-01T00:32:54+00:00,Upload spaces.parquet with huggingface_hub
12b22b4c44d312408b5142700f9868fa9bc77dc3,2025-02-01T00:30:32+00:00,Upload posts.parquet with huggingface_hub
8f9108b385bc4811c77398b8801d56af268e640c,2025-01-31T00:38:31+00:00,Upload datasets.parquet with huggingface_hub
5058c95d6eb67d317cca67ca4dc196a07e16b73d,2025-01-31T00:37:01+00:00,Upload models.parquet with huggingface_hub
86a4ed22531b938ed054b92fcd8cb3e4f3078290,2025-01-31T00:32:36+00:00,Upload spaces.parquet with huggingface_hub
ffd7b387f8c8592e11e9dc1f566fff96d3e9e999,2025-01-31T00:30:30+00:00,Upload posts.parquet with huggingface_hub
ddfd1466eddbbf6b830c9b6acf4c3b5f269bd04b,2025-01-29T00:39:14+00:00,Upload datasets.parquet with huggingface_hub
23e648289d6db9262d11f76792cbeb4bae008c18,2025-01-29T00:37:44+00:00,Upload models.parquet with huggingface_hub
607f8c88f9628abe746a6a5e373824714bdb17df,2025-01-29T00:33:11+00:00,Upload spaces.parquet with huggingface_hub
4444bba77957f2871bbc01a13430d16b227d271f,2025-01-29T00:30:34+00:00,Upload posts.parquet with huggingface_hub
24707fca57d0cbb78f1364c0587c49a81ebc2218,2025-01-28T00:38:48+00:00,Upload datasets.parquet with huggingface_hub
8eb32e182fbf7603cc4cb110d04a6c26557c016c,2025-01-28T00:37:22+00:00,Upload models.parquet with huggingface_hub
1b69947e84a9ad2d3fb87917884ad3787051dc88,2025-01-28T00:32:56+00:00,Upload spaces.parquet with huggingface_hub
6af7e8dd55bd82eefa2f257b0484a7945fde92ff,2025-01-28T00:30:30+00:00,Upload posts.parquet with huggingface_hub
9e86bfc2066acea6fe5d2a6e8546e1c7ae9dae86,2025-01-27T00:38:28+00:00,Upload datasets.parquet with huggingface_hub
7f80430a79dfd24c0cdb59bd15af9282e9915473,2025-01-27T00:37:02+00:00,Upload models.parquet with huggingface_hub
4ff2150d860fd881f96eb5ba1d966e14d0722945,2025-01-27T00:32:41+00:00,Upload spaces.parquet with huggingface_hub
65bf31bf0e834e19376d39cb08fc4c9f9cfa0424,2025-01-27T00:30:28+00:00,Upload posts.parquet with huggingface_hub
02286db6fd61813b8dd415855a956a3f6957407c,2025-01-26T00:37:31+00:00,Upload datasets.parquet with huggingface_hub
93a038af0d854b7bf27cf0ce03cf9372d46149ac,2025-01-26T00:36:17+00:00,Upload models.parquet with huggingface_hub
00584ccfbd3afb8ac7cd864aaa362d7afcc3e061,2025-01-26T00:32:30+00:00,Upload spaces.parquet with huggingface_hub
438ac98a5bfdc9bfba0b2b751b0b7d1960cc1347,2025-01-26T00:30:26+00:00,Upload posts.parquet with huggingface_hub
19c666c642227891ee3eaf1d9a2298a715f202d1,2025-01-25T00:38:24+00:00,Upload datasets.parquet with huggingface_hub
e8863d1c0139cf5328ab25afba50cb5f4091e2b5,2025-01-25T00:37:04+00:00,Upload models.parquet with huggingface_hub
6be2dd5ccb4034beab2da56034369d917d1c7946,2025-01-25T00:32:53+00:00,Upload spaces.parquet with huggingface_hub
5b3ec89fa8648b248af409b269c6f50b265251b2,2025-01-25T00:30:31+00:00,Upload posts.parquet with huggingface_hub
930853ed23cd1d279f47c0cf4daf0cd443bc8c1e,2025-01-24T00:38:33+00:00,Upload datasets.parquet with huggingface_hub
74b24b57473841a668b78cc50cf23a79fdc5a4e5,2025-01-24T00:37:14+00:00,Upload models.parquet with huggingface_hub
255a20a80aa86670fc2515a39d17a6cedd39edab,2025-01-24T00:32:47+00:00,Upload spaces.parquet with huggingface_hub
5519cd9b8456b497393be8ce75c8054ab492b874,2025-01-24T00:30:30+00:00,Upload posts.parquet with huggingface_hub
52dc6359453195e02a9429f8e5e4acfe3f781f79,2025-01-23T00:37:48+00:00,Upload datasets.parquet with huggingface_hub
23cc37db8b27487000dcc55976050d60f00aa186,2025-01-23T00:36:32+00:00,Upload models.parquet with huggingface_hub
cfbe4c4b6dcacb3b4e2430df2873be46e01e0b0f,2025-01-23T00:32:41+00:00,Upload spaces.parquet with huggingface_hub
6402f9b9e5fdfd5d4c327443309ccfba2c34c73e,2025-01-23T00:30:26+00:00,Upload posts.parquet with huggingface_hub
aae39a7700856cf126f2928e3053ea060f021578,2025-01-22T00:37:42+00:00,Upload datasets.parquet with huggingface_hub
89a3892b70d3a96ef7d44b039cadce96eab659f4,2025-01-22T00:36:26+00:00,Upload models.parquet with huggingface_hub
da17cfd5170806f3bb5af348f358baa685cc3819,2025-01-22T00:32:27+00:00,Upload spaces.parquet with huggingface_hub
445843f8e68f55d8392401e4af59d6394ae69bf9,2025-01-22T00:30:25+00:00,Upload posts.parquet with huggingface_hub
13f982517873cf6bbda848802b609b74ef3e843d,2025-01-21T00:37:28+00:00,Upload datasets.parquet with huggingface_hub
6c75f324a8a5c87c84e3ca05df9983e0fb86b8c4,2025-01-21T00:36:13+00:00,Upload models.parquet with huggingface_hub
6b258ddc0e2400fc48b3a5103b62c5ca5d9fbc91,2025-01-21T00:32:30+00:00,Upload spaces.parquet with huggingface_hub
5cc739d5b77686f5c9815b46ebb609b4221aa457,2025-01-21T00:30:23+00:00,Upload posts.parquet with huggingface_hub
91181582f05eceb33538cdada2f29db1b7ed060a,2025-01-20T00:37:19+00:00,Upload datasets.parquet with huggingface_hub
b92c9917878d79d29cd495602d9635952c567794,2025-01-20T00:36:07+00:00,Upload models.parquet with huggingface_hub
2d19db64ab9676deb581f93030a90a88755822ba,2025-01-20T00:32:29+00:00,Upload spaces.parquet with huggingface_hub
7de2e55ba2e3b3032f2755f832af9a0dcaa6a58a,2025-01-20T00:30:23+00:00,Upload posts.parquet with huggingface_hub
ad8b04f83dbde911c245c2a8d3c26e9c0d52a359,2025-01-19T00:37:49+00:00,Upload datasets.parquet with huggingface_hub
b436b172567980682306ab55b95d059515567191,2025-01-19T00:36:29+00:00,Upload models.parquet with huggingface_hub
1624b8a26f36505be1066828a0e9436fb5d80e19,2025-01-19T00:32:40+00:00,Upload spaces.parquet with huggingface_hub
17ebef04fb45d1388b464c19d79f28a7d6b485a6,2025-01-19T00:30:28+00:00,Upload posts.parquet with huggingface_hub
83ecb9e27f02533d043a8d88aa7b50d3773fbd56,2025-01-18T00:38:00+00:00,Upload datasets.parquet with huggingface_hub
7e39255827115a9b59e6a251bf3adb346fe1c1f7,2025-01-18T00:36:41+00:00,Upload models.parquet with huggingface_hub
110986bfb541514f4a7234c92391ddeddc49ab59,2025-01-18T00:32:38+00:00,Upload spaces.parquet with huggingface_hub
8e7cedc8f5edae5930497bd825aa7cce41508d08,2025-01-18T00:30:28+00:00,Upload posts.parquet with huggingface_hub
3ef0150c0a3952890bf42f0210fe7594eb2b4381,2025-01-17T00:37:27+00:00,Upload datasets.parquet with huggingface_hub
61bab7529980cea6bd72768243976758d1dad144,2025-01-17T00:36:11+00:00,Upload models.parquet with huggingface_hub
e0293b3ce60c4760eb5e3d039f16fa775cc5c48f,2025-01-17T00:32:25+00:00,Upload spaces.parquet with huggingface_hub
18b432117afbdf0178e3e77c0ee9196f21d28d42,2025-01-17T00:30:27+00:00,Upload posts.parquet with huggingface_hub
cf13284542f23626fceca0874e63fdbee436142b,2025-01-16T00:37:30+00:00,Upload datasets.parquet with huggingface_hub
66c65aa846a52c5d47321d7024b8d459973bd886,2025-01-16T00:36:11+00:00,Upload models.parquet with huggingface_hub
41620e179d03d8875580763dc53805d2d6f268ed,2025-01-16T00:32:30+00:00,Upload spaces.parquet with huggingface_hub
57b36a563a099b59725f9745a9dcaf22cbdc2236,2025-01-16T00:30:24+00:00,Upload posts.parquet with huggingface_hub
595ae9c9f7a2d3f9aca11b526a0778081d4ee554,2025-01-15T00:37:00+00:00,Upload datasets.parquet with huggingface_hub
05eabc04321ee81669a1cacb8a5df0049c4afe1d,2025-01-15T00:35:50+00:00,Upload models.parquet with huggingface_hub
179a40a0f65f0c29828a7096f857926dc481c0c2,2025-01-15T00:32:24+00:00,Upload spaces.parquet with huggingface_hub
3e1df61993330905498617436546c5c03f2a03db,2025-01-15T00:30:24+00:00,Upload posts.parquet with huggingface_hub
7245e38b5af3f5643288450e7136d8a068beca02,2025-01-14T00:37:02+00:00,Upload datasets.parquet with huggingface_hub
3584ce71bea4aaa69527919af4db91b399b08a06,2025-01-14T00:35:55+00:00,Upload models.parquet with huggingface_hub
c319d101797df35938790fb04930309a8da71c8c,2025-01-14T00:32:24+00:00,Upload spaces.parquet with huggingface_hub
c40e7a1fd2b098d7105d323f3eeef403dd1e733c,2025-01-14T00:30:28+00:00,Upload posts.parquet with huggingface_hub
7e4cd395e70f1a79363d33bdafcfb9641e1fd421,2025-01-13T00:37:01+00:00,Upload datasets.parquet with huggingface_hub
1b350a69e6ceca3ef89849ec2f13c6e29f525976,2025-01-13T00:35:52+00:00,Upload models.parquet with huggingface_hub
e34ca5aa68a8ad78272fbbb29463e487e294a79a,2025-01-13T00:32:19+00:00,Upload spaces.parquet with huggingface_hub
359ad0c883aa87155676672ecdd780c8ed4f8941,2025-01-13T00:30:25+00:00,Upload posts.parquet with huggingface_hub
c133f757cd5650ff5804ec08366edf4019e57317,2025-01-12T00:36:55+00:00,Upload datasets.parquet with huggingface_hub
bfe79b35ee0e181a19c4091a34777418406bb2a5,2025-01-12T00:35:46+00:00,Upload models.parquet with huggingface_hub
b1e73ead0df46b28457c0db899183347a1f1d34d,2025-01-12T00:32:13+00:00,Upload spaces.parquet with huggingface_hub
a7ab02ae56c5f7d8481e0ee87a6e2948ae59fe53,2025-01-12T00:30:23+00:00,Upload posts.parquet with huggingface_hub
b72a8576ec0b8a181e069f92764b3b462db992d6,2025-01-11T00:38:19+00:00,Upload datasets.parquet with huggingface_hub
7e5d7450c97d717f888113bcc60695dc8e5d3491,2025-01-11T00:36:52+00:00,Upload models.parquet with huggingface_hub
485fcef1de39c5b021b93fd9ce360f2632a5082f,2025-01-11T00:32:41+00:00,Upload spaces.parquet with huggingface_hub
1b11eb908b6bf7475640538857d3f3897db4135e,2025-01-11T00:30:30+00:00,Upload posts.parquet with huggingface_hub
474405dfe0a6c851714232fd759c8cef864d314a,2025-01-10T00:38:18+00:00,Upload datasets.parquet with huggingface_hub
ea00c2910741623fa09ffc9c986f42691ed4316b,2025-01-10T00:36:56+00:00,Upload models.parquet with huggingface_hub
38d5c1bb9635e927293997ee8efb08fb83512bec,2025-01-10T00:32:40+00:00,Upload spaces.parquet with huggingface_hub
4095839c674ee79525bd1d26028a0d350a87f24a,2025-01-10T00:30:25+00:00,Upload posts.parquet with huggingface_hub
08e097ad95f8c82232fc56f5ee4fff4913bab54c,2025-01-09T13:57:03+00:00,Upload datasets.parquet with huggingface_hub
9ae291bd52dae798240fc10d41fe75780eab4d55,2025-01-09T13:55:32+00:00,Upload models.parquet with huggingface_hub
3318c2fa809a2a0c4c7ea242844aa314c4a2bace,2025-01-09T13:51:32+00:00,Update README.md
22a34688d6c2f0e0e75ce730d9577de833c14764,2025-01-09T13:50:52+00:00,Upload spaces.parquet with huggingface_hub
922037e523a117ee575ebcd0fee88d56e1f2bc11,2025-01-09T13:48:23+00:00,Upload posts.parquet with huggingface_hub
da0e7ebc68b4f02034749038982d7ef44c1bf1fb,2025-01-09T00:37:42+00:00,Upload datasets.parquet with huggingface_hub
7c7b7803e8e2ed6f19f1532fd58feebcf936fd15,2025-01-09T00:36:22+00:00,Upload models.parquet with huggingface_hub
fd4835be8dd54affbe1a03f7162b1a0e0c1bbfbe,2025-01-09T00:32:30+00:00,Upload spaces.parquet with huggingface_hub
9e2d07f95fbf04c741452b234a25d7d619f9bd00,2025-01-09T00:30:26+00:00,Upload posts.parquet with huggingface_hub
ae0f0207099ab21e8af51c8155c442cd1e6e8f36,2025-01-08T15:18:19+00:00,Upload spaces.parquet with huggingface_hub
bf85a183fe8e2c48a4fe709ec5391ace935b72be,2025-01-08T15:15:30+00:00,Upload posts.parquet with huggingface_hub
5bc8aece845c083ed3c2fe55ba2250f34e40ef85,2025-01-08T00:37:39+00:00,Upload datasets.parquet with huggingface_hub
63b2f8ecf271df71852865ff04e9ea26b7c4ed66,2025-01-08T00:36:21+00:00,Upload models.parquet with huggingface_hub
afde1bc9da6919fa8a6a18f8a4dd9c78a709cdbc,2025-01-08T00:32:34+00:00,Upload spaces.parquet with huggingface_hub
3dbb3b80cae8508515aea0dca100befe186c6711,2025-01-08T00:30:29+00:00,Upload posts.parquet with huggingface_hub
1e1e654823993bf826d9abe642d09c2963393912,2025-01-07T18:19:29+00:00,Upload datasets.parquet with huggingface_hub
2cbe62daccbc4b7bba37585a5860790360e6cde1,2025-01-07T18:17:53+00:00,Upload models.parquet with huggingface_hub
70f3d9df578d92d650cafd2d70a46b57413cc45c,2025-01-07T18:13:07+00:00,Upload spaces.parquet with huggingface_hub
14793d119b68104b677f16a4345fb624130e2131,2025-01-07T18:10:31+00:00,Upload posts.parquet with huggingface_hub
9ad54784663ae84f1525632bcb0d4598603a5f6b,2025-01-07T00:38:05+00:00,Upload datasets.parquet with huggingface_hub
4ad9e9999a5b07b02ccfc53b8862a4673ac51642,2025-01-07T00:36:49+00:00,Upload models.parquet with huggingface_hub
9b94161344381dbda9a961de6b3ed181bc67fbac,2025-01-07T00:32:58+00:00,Upload spaces.parquet with huggingface_hub
03a8d7fd92746d8ad6e7bc4a06696ede4a2756a5,2025-01-07T00:30:32+00:00,Upload posts.parquet with huggingface_hub
50a6ff0673658a72c560f0f4a0dad79ba5e58119,2025-01-06T00:37:41+00:00,Upload datasets.parquet with huggingface_hub
371d5ac334adbb69fec5543db30bf209fbde64ff,2025-01-06T00:36:27+00:00,Upload models.parquet with huggingface_hub
d029348b00092a59e051c4f5b3e96793083f7b44,2025-01-06T00:32:40+00:00,Upload spaces.parquet with huggingface_hub
74afa2fcbc091a303ddfedbfa3de2b6b4bc32531,2025-01-06T00:30:26+00:00,Upload posts.parquet with huggingface_hub
1ae78e6237ffe0fcf2a3d8dc617537508816e22a,2025-01-05T00:38:24+00:00,Upload datasets.parquet with huggingface_hub
67cb642fb6aa207b964b3be970d3e3449e5ae9f0,2025-01-05T00:36:55+00:00,Upload models.parquet with huggingface_hub
85263453c1fd2695caf861163b95c7ad6e0e4387,2025-01-05T00:32:54+00:00,Upload spaces.parquet with huggingface_hub
a4cdbfc2c9f270be37f1afdf2c6ee6b65d1f7fc4,2025-01-05T00:30:30+00:00,Upload posts.parquet with huggingface_hub
03613eadec9ceeda670e6a828dae76f4d44f60cc,2025-01-04T00:37:29+00:00,Upload datasets.parquet with huggingface_hub
62d1baef00a20e1752b848dc0ce51e1d90f372f7,2025-01-04T00:36:17+00:00,Upload models.parquet with huggingface_hub
19bfa82b1ff8c3875d365d56ed38f6f1de02d4a9,2025-01-04T00:32:31+00:00,Upload spaces.parquet with huggingface_hub
b94e18497eeb43600bbeb2a8248a87c70fb87492,2025-01-04T00:30:27+00:00,Upload posts.parquet with huggingface_hub
1c6e1459914ad90aa79f58f8d1b94542b93c9c48,2025-01-03T00:38:10+00:00,Upload datasets.parquet with huggingface_hub
84611be2055fd22d181180d0a2c2bf90aa931f50,2025-01-03T00:36:51+00:00,Upload models.parquet with huggingface_hub
6ed62e5f8ad8767f3639e9fff4dcdd7ed31d5333,2025-01-03T00:32:56+00:00,Upload spaces.parquet with huggingface_hub
3da7e03db045dbea1b6580ed7129e79fb075b27d,2025-01-03T00:30:31+00:00,Upload posts.parquet with huggingface_hub
785ee9c3674753d427c480ac5c34f834a9173f3e,2025-01-02T00:39:39+00:00,Upload datasets.parquet with huggingface_hub
4eea950b17c85764ef6c44670fab651e1d9c974c,2025-01-02T00:38:07+00:00,Upload models.parquet with huggingface_hub
90b88cab599c5d3683e33073fa10f8e0de3aadd9,2025-01-02T00:33:34+00:00,Upload spaces.parquet with huggingface_hub
686ecee3ce0628bda2d38b6043836ce51674c781,2025-01-02T00:30:37+00:00,Upload posts.parquet with huggingface_hub
5d2fcf74bce85946164c3570de5843ef7b6713bc,2025-01-01T00:37:21+00:00,Upload datasets.parquet with huggingface_hub
e19ba482fc7891cf17c931a10f52f50d979eb85a,2025-01-01T00:36:08+00:00,Upload models.parquet with huggingface_hub
1dc32dc7351f58060200bb32266b3ee730adb4a8,2025-01-01T00:32:35+00:00,Upload spaces.parquet with huggingface_hub
0e3b7e81eeb9bffebb94dd8500a47e5b095db9bd,2025-01-01T00:30:25+00:00,Upload posts.parquet with huggingface_hub
c949da63dee164fc8bb160a7c275662f924ff54c,2024-12-31T00:37:22+00:00,Upload datasets.parquet with huggingface_hub
e3aa313fdf6cf92a48487f764daefabdb2261897,2024-12-31T00:36:10+00:00,Upload models.parquet with huggingface_hub
1b70fcc66f67d91f1d6deab1f9a3196162e91d19,2024-12-31T00:32:32+00:00,Upload spaces.parquet with huggingface_hub
e8fe1a84114457ec47662a23919f43ecffe2e36f,2024-12-31T00:30:26+00:00,Upload posts.parquet with huggingface_hub
9395ef1fec71f51815850ead815de4da4a8d8e89,2024-12-30T00:36:26+00:00,Upload datasets.parquet with huggingface_hub
f552836da0f788c9743df123f5bbd9579687acc3,2024-12-30T00:35:24+00:00,Upload models.parquet with huggingface_hub
f151a13902ef6daf64d12ab81a7f87c04024bd7a,2024-12-30T00:32:14+00:00,Upload spaces.parquet with huggingface_hub
d00a2232496d9690929e3053fb55b6cc1f77f430,2024-12-30T00:30:24+00:00,Upload posts.parquet with huggingface_hub
db406c763698536774a0a374beec5811d60e14b6,2024-12-29T00:36:27+00:00,Upload datasets.parquet with huggingface_hub
a643cd83cd160302a4f42a3cdb1a5c79afc5b9e1,2024-12-29T00:35:23+00:00,Upload models.parquet with huggingface_hub
042302ff8fa6cf58a33ee4fbacf9fe0b39642b6c,2024-12-29T00:32:12+00:00,Upload spaces.parquet with huggingface_hub
a6c0ff9ed2098d205fff402a21671b4618490fd5,2024-12-29T00:30:21+00:00,Upload posts.parquet with huggingface_hub
a94fb5756ce9d187af6096878c5407d1f6f6ff3e,2024-12-28T00:36:56+00:00,Upload datasets.parquet with huggingface_hub
b4de9cc9c51c0dd9ca449e9f29ca244c1fea9eca,2024-12-28T00:35:50+00:00,Upload models.parquet with huggingface_hub
af34e4abe0086dec10550e924febbabfb45bd002,2024-12-28T00:32:26+00:00,Upload spaces.parquet with huggingface_hub
dd1fa67625f50b9fa4bec339dc0be62b6f198d7c,2024-12-28T00:30:27+00:00,Upload posts.parquet with huggingface_hub
a4a91e01373ab93d17e347f34aa2042f9a878181,2024-12-27T00:37:04+00:00,Upload datasets.parquet with huggingface_hub
8b24755258d4ed00099c56ce8ac36594386995ad,2024-12-27T00:35:57+00:00,Upload models.parquet with huggingface_hub
fe81f89565bce090ababaac70c286600e0e4b461,2024-12-27T00:32:25+00:00,Upload spaces.parquet with huggingface_hub
c402130d10baa5d4749d9ec7c13debd8fff707b5,2024-12-27T00:30:23+00:00,Upload posts.parquet with huggingface_hub
3e55f31950562925f2b1ad53d6ace47a6a28cf64,2024-12-26T00:37:24+00:00,Upload datasets.parquet with huggingface_hub
2aef11b1cb5b02390902ce6fd302a72479b1a7d4,2024-12-26T00:36:10+00:00,Upload models.parquet with huggingface_hub
7fce644e0860867b2b4352d9c37d0f8ab179f531,2024-12-26T00:32:37+00:00,Upload spaces.parquet with huggingface_hub
37c7929645695814b896f210ceb8df6cc53a8d97,2024-12-26T00:30:27+00:00,Upload posts.parquet with huggingface_hub
8a65a37cebe03919961dbba7885d49e050036a52,2024-12-25T00:36:26+00:00,Upload datasets.parquet with huggingface_hub
ddef929b84e1423fed4a0effd5a17ca333a37f43,2024-12-25T00:35:26+00:00,Upload models.parquet with huggingface_hub
207da3b6cd94d0c4d30992ed2933560340f32a37,2024-12-25T00:32:16+00:00,Upload spaces.parquet with huggingface_hub
722a5ecf98801a49bdc00564dd0efaaffa99bdf0,2024-12-25T00:30:25+00:00,Upload posts.parquet with huggingface_hub
ef8d0e27f4df79915899b54775945e0c6205117c,2024-12-24T00:36:21+00:00,Upload datasets.parquet with huggingface_hub
a71e389bb65a0a1c00db0d381e5701d78a6b3a21,2024-12-24T00:35:21+00:00,Upload models.parquet with huggingface_hub
a9239ff2e31f3f0ce37ec0dd02c011ed80e92b14,2024-12-24T00:32:14+00:00,Upload spaces.parquet with huggingface_hub
d499298530c054609bfb19ba7c69bdb550743a18,2024-12-24T00:30:23+00:00,Upload posts.parquet with huggingface_hub
3d2be698fb626a319873039d77a4ff774c899d9e,2024-12-23T00:37:03+00:00,Upload datasets.parquet with huggingface_hub
2650d121eca78e78fc1719c12da0aa22c08cd866,2024-12-23T00:35:55+00:00,Upload models.parquet with huggingface_hub
c3efe5059d20f58f34e11d794074e5a81c7a9d78,2024-12-23T00:32:29+00:00,Upload spaces.parquet with huggingface_hub
2482e91cf0b4ef57804467cf1225cfa26857bea3,2024-12-23T00:30:28+00:00,Upload posts.parquet with huggingface_hub
78dac0936d692b1524d983111bc28c10e4040939,2024-12-22T00:36:54+00:00,Upload datasets.parquet with huggingface_hub
31ca97b3adcc97da277cacf8ef7b060adbeb69e9,2024-12-22T00:35:37+00:00,Upload models.parquet with huggingface_hub
20da767629d47ea48b4bfc21f2170b2f81fe3ea3,2024-12-22T00:32:23+00:00,Upload spaces.parquet with huggingface_hub
2ccd193bf9eabbe54d8f62aca6a7c714067f99cc,2024-12-22T00:30:25+00:00,Upload posts.parquet with huggingface_hub
5951f802bce10f61ecaf1dce71cae414dc082b40,2024-12-21T00:36:48+00:00,Upload datasets.parquet with huggingface_hub
aba7664c708e85f36f0b597551413289caab7002,2024-12-21T00:35:42+00:00,Upload models.parquet with huggingface_hub
a459052e8b056fab599a4823019075308a58f31c,2024-12-21T00:32:23+00:00,Upload spaces.parquet with huggingface_hub
782a5103984b0a402ba0579059d1d556ef85fb15,2024-12-21T00:30:24+00:00,Upload posts.parquet with huggingface_hub
f4023368ef03c0540513ed9d1a896f70a26c5856,2024-12-20T00:36:28+00:00,Upload datasets.parquet with huggingface_hub
70610f58e9aff76ec38f55aaa49b00774a78b95a,2024-12-20T00:35:26+00:00,Upload models.parquet with huggingface_hub
57c3cb50d84cc120ca8a96d1282ccc7f75ea9738,2024-12-20T00:32:15+00:00,Upload spaces.parquet with huggingface_hub
e01a23f02fee72055ebef53432b1dbf9c2dfdd1c,2024-12-20T00:30:22+00:00,Upload posts.parquet with huggingface_hub
1d2ddf6611199fd439db79f3037a3ff1bb55db22,2024-12-19T00:36:38+00:00,Upload datasets.parquet with huggingface_hub
dd96193fb8bf73f301bfeebb2e495504aefcba9d,2024-12-19T00:35:30+00:00,Upload models.parquet with huggingface_hub
d93ee6d7e26cf90dc99ede0107bcf3f54ce4b5e2,2024-12-19T00:32:15+00:00,Upload spaces.parquet with huggingface_hub
01c793caf492618622e70b1e5a91a348e7a988f2,2024-12-19T00:30:22+00:00,Upload posts.parquet with huggingface_hub
5ac6c90480156ec402a3fe9bf75957166b2a4270,2024-12-18T00:36:29+00:00,Upload datasets.parquet with huggingface_hub
1e101dce3ce21c9c9a851d40ce646da32ead7f90,2024-12-18T00:35:24+00:00,Upload models.parquet with huggingface_hub
960837d5c01ab99b4dfca9948ffaa82f7231dfa9,2024-12-18T00:32:09+00:00,Upload spaces.parquet with huggingface_hub
752fe4d6951540e2319e39f2c856ed8cc18c4355,2024-12-18T00:30:22+00:00,Upload posts.parquet with huggingface_hub
da56b2dd411c0419e7abd17842747827ccb9c0cf,2024-12-17T00:36:25+00:00,Upload datasets.parquet with huggingface_hub
f277c8598f5ff703db78a805cf4f98acc5cd2c02,2024-12-17T00:35:20+00:00,Upload models.parquet with huggingface_hub
e74a01a96808ed4a2e18b4f44a3d945a5383fafc,2024-12-17T00:32:01+00:00,Upload spaces.parquet with huggingface_hub
557f893dc1f6d9c600395b16285a3db7ea17db27,2024-12-17T00:30:17+00:00,Upload posts.parquet with huggingface_hub
db67b9e6874249cb332d055bbf54e9b5767200ae,2024-12-16T00:36:38+00:00,Upload datasets.parquet with huggingface_hub
be48ca616e59530fa53d02f9d8d99d6a24fc55ca,2024-12-16T00:35:32+00:00,Upload models.parquet with huggingface_hub
6095475a84769e453c83b910b08bf09325212bfa,2024-12-16T00:32:10+00:00,Upload spaces.parquet with huggingface_hub
f15bfad26cf3ccdbf149fc7e8d82842cf6e0b68d,2024-12-16T00:30:22+00:00,Upload posts.parquet with huggingface_hub
dc741bcbd5c87889956bee4e5b0dbfbd1152e9dc,2024-12-15T00:36:46+00:00,Upload datasets.parquet with huggingface_hub
21b7a0948455480f0bc6183ece8131d046bdf2a7,2024-12-15T00:35:39+00:00,Upload models.parquet with huggingface_hub
5bbda17f5a48c5b242f95c6a6af7bb12b68974dd,2024-12-15T00:32:23+00:00,Upload spaces.parquet with huggingface_hub
9ad868230bb1583a469f12868cda10eb4b77867c,2024-12-15T00:30:21+00:00,Upload posts.parquet with huggingface_hub
5cde75fc36d0bc772c06680789989f09f7a7d6ad,2024-12-14T00:36:15+00:00,Upload datasets.parquet with huggingface_hub
83453c49f6d42abc6ccca13e333c6b49004e816d,2024-12-14T00:35:17+00:00,Upload models.parquet with huggingface_hub
1608bbc3d914b3c1c8ac7d3eaef944f6e49e8377,2024-12-14T00:32:13+00:00,Upload spaces.parquet with huggingface_hub
124472a5d7438c43ad755e8b9f4f8a282d4e6122,2024-12-14T00:30:21+00:00,Upload posts.parquet with huggingface_hub
b0186620006c85060c1311a135abe25f02b0dc66,2024-12-13T00:36:24+00:00,Upload datasets.parquet with huggingface_hub
db653964c4b38dc44b37f1e58fa960504e80b8df,2024-12-13T00:35:20+00:00,Upload models.parquet with huggingface_hub
2fd3e87d78a875e793b095d7b6c4b172dfcb07b8,2024-12-13T00:32:13+00:00,Upload spaces.parquet with huggingface_hub
8f366f50ead7d2a61bc2c503f145fcd2a195f606,2024-12-13T00:30:22+00:00,Upload posts.parquet with huggingface_hub
fdd6e052781916d1a896a7882e80d57865932ea8,2024-12-12T00:37:23+00:00,Upload datasets.parquet with huggingface_hub
b1461d306068f7962c7cf15f1019e825f27a786d,2024-12-12T00:36:10+00:00,Upload models.parquet with huggingface_hub
216cebdfa350ec06ae41aaf63561401ff56080ea,2024-12-12T00:32:26+00:00,Upload spaces.parquet with huggingface_hub
b9e6f665eb1d7df6200813563012a80dd862ae01,2024-12-12T00:30:27+00:00,Upload posts.parquet with huggingface_hub
820816c2af43711e351a74f89f52653dd2accb8c,2024-12-11T17:43:55+00:00,Upload datasets.parquet with huggingface_hub
74710dc4c100b483ab21b2c99dea93611b2b1666,2024-12-11T17:42:44+00:00,Upload models.parquet with huggingface_hub
2085ce124ab29a70d8865cb659f5767773c44f9b,2024-12-11T17:39:27+00:00,Upload spaces.parquet with huggingface_hub
57a4e07327f02bc9177237702e9283f77f8b9009,2024-12-11T17:37:36+00:00,Upload posts.parquet with huggingface_hub
4ccb21f812403e1cf0fdf8217d05b74d20d11935,2024-12-11T00:38:26+00:00,Upload datasets.parquet with huggingface_hub
80283f0a3a5e2e4d02e68d1e69fd60ad81c06735,2024-12-11T00:36:52+00:00,Upload models.parquet with huggingface_hub
bb0c55ec8765e4e93730278348ea1ad0602f88ab,2024-12-11T00:32:53+00:00,Upload spaces.parquet with huggingface_hub
18fea3a8bf6d0ac34281b01c65ec2e2ef9d1674e,2024-12-11T00:30:34+00:00,Upload posts.parquet with huggingface_hub
6d521b3d746c589863d89057e778e6fe585230c7,2024-12-10T00:36:11+00:00,Upload datasets.parquet with huggingface_hub
042afb855979dd2a58cf6f9aaa9cd8f5bac39853,2024-12-10T00:35:12+00:00,Upload models.parquet with huggingface_hub
b7fb5d4f69f2edb8432c2694917fef6a009b27c0,2024-12-10T00:32:09+00:00,Upload spaces.parquet with huggingface_hub
c7ecc4c0672737e83ccda5cae42a91c3965b62bd,2024-12-10T00:30:22+00:00,Upload posts.parquet with huggingface_hub
1a2b936cf37f6631620a4d8dd4d16bf3fd417ff1,2024-12-09T00:36:36+00:00,Upload datasets.parquet with huggingface_hub
60c5f21626bd0065d26e6b33d44025f52d2db610,2024-12-09T00:35:33+00:00,Upload models.parquet with huggingface_hub
d9b688f9c24055e3c26a2225096f58af0f0d4470,2024-12-09T00:32:21+00:00,Upload spaces.parquet with huggingface_hub
5531b85198fd50506dfee014039acbbe698ef71e,2024-12-09T00:30:23+00:00,Upload posts.parquet with huggingface_hub
c3f405500f9e2acf3f1502ee33529b35c75f97ad,2024-12-08T00:36:10+00:00,Upload datasets.parquet with huggingface_hub
a9301ddf827c965ac4c49763b44f66bfcb19f258,2024-12-08T00:35:10+00:00,Upload models.parquet with huggingface_hub
1ddffb13d9ff285237e4c42e7d11eb70273cbb5c,2024-12-08T00:32:01+00:00,Upload spaces.parquet with huggingface_hub
aae3c827ba085220fdac30faa1eedaa6e7cd41f3,2024-12-08T00:30:19+00:00,Upload posts.parquet with huggingface_hub
d818b353e87225378691b56718b1cc0b7c91f50c,2024-12-07T00:36:53+00:00,Upload datasets.parquet with huggingface_hub
490d6d75de48727935c2ccf4a95e2bca4174c63d,2024-12-07T00:35:47+00:00,Upload models.parquet with huggingface_hub
cc12675300ea5c9f5f0c6d2b54c5cf4c07624b90,2024-12-07T00:32:27+00:00,Upload spaces.parquet with huggingface_hub
75320d16ea1c9d77a40c6aec7831cfeeec4a89ce,2024-12-07T00:30:24+00:00,Upload posts.parquet with huggingface_hub
18626f88e08b750251b42439f10c30c70569ec46,2024-12-06T00:36:53+00:00,Upload datasets.parquet with huggingface_hub
b226648a9af23e11d38f089bc35248b374ee1d28,2024-12-06T00:35:39+00:00,Upload models.parquet with huggingface_hub
e054a7718d88e9ab37113303cee8771ad9bad9ac,2024-12-06T00:32:22+00:00,Upload spaces.parquet with huggingface_hub
1f9497035e828f68085234e2bb6b5e4f37682551,2024-12-06T00:30:24+00:00,Upload posts.parquet with huggingface_hub
9c89066770d9f3a130a6f464980d39a550f11779,2024-12-05T00:37:19+00:00,Upload datasets.parquet with huggingface_hub
b531eb8602ea8c18b380197010f6225f719f7b65,2024-12-05T00:36:06+00:00,Upload models.parquet with huggingface_hub
d65d140daca47e7ebb8dbbc8c6555ad4e8ef5671,2024-12-05T00:32:35+00:00,Upload spaces.parquet with huggingface_hub
288de589bac669e43bf899e2bfbfdc45a263eecb,2024-12-05T00:30:27+00:00,Upload posts.parquet with huggingface_hub
416d660b1d01b971fa4e59f07209cb005bcbec42,2024-12-04T00:37:03+00:00,Upload datasets.parquet with huggingface_hub
702cad8efec92040fcc02f07ea4eb3f502492c37,2024-12-04T00:35:52+00:00,Upload models.parquet with huggingface_hub
c312c0beea7baf0c19286fbad72fe02373df22a1,2024-12-04T00:32:29+00:00,Upload spaces.parquet with huggingface_hub
294f87f285d39297572051622204aa958b1890bb,2024-12-04T00:30:26+00:00,Upload posts.parquet with huggingface_hub
e2652d910aee5b8028955779929940326e98ceda,2024-12-03T00:36:13+00:00,Upload datasets.parquet with huggingface_hub
1b9488f47f9b379bb1cb5473ead63d7026e0b5b3,2024-12-03T00:35:12+00:00,Upload models.parquet with huggingface_hub
5ba21682e7a81a14d4941beb0a4ecc586fbdab72,2024-12-03T00:32:09+00:00,Upload spaces.parquet with huggingface_hub
9f35f186a174791d194e2e71a936392c63304c93,2024-12-03T00:30:21+00:00,Upload posts.parquet with huggingface_hub
e71a9182362df0588f6c3d6d1470414c684542bc,2024-12-02T00:37:28+00:00,Upload datasets.parquet with huggingface_hub
ce80396886894b13ee8ddfa66449a0c9cd36e2c8,2024-12-02T00:36:13+00:00,Upload models.parquet with huggingface_hub
3632dfcb75294d14fb78dce181920440b7aded09,2024-12-02T00:32:33+00:00,Upload spaces.parquet with huggingface_hub
b81ebbb1d9f1a848b22c6e76a83bc12190e644d1,2024-12-02T00:30:29+00:00,Upload posts.parquet with huggingface_hub
2984cda34f80054715f25bc4cf5172cb56ab6b7c,2024-12-01T00:36:44+00:00,Upload datasets.parquet with huggingface_hub
caa44caf6daa03ddfcfd3068c0341c182665b229,2024-12-01T00:35:35+00:00,Upload models.parquet with huggingface_hub
55fcfc87b9e8d1598014bbca46e00186e76ed034,2024-12-01T00:32:19+00:00,Upload spaces.parquet with huggingface_hub
c94caac79a99d515411a44fcaefdf5433efbbb30,2024-12-01T00:30:22+00:00,Upload posts.parquet with huggingface_hub
362cbd026f0c88cb086116a858cb6b67e3469ef1,2024-11-30T00:38:22+00:00,Upload datasets.parquet with huggingface_hub
888cd89abd29ac3c723a2d76feeef43511e140f0,2024-11-30T00:37:02+00:00,Upload models.parquet with huggingface_hub
786e60fa857bb53ec78260269e7a5427e9c709c8,2024-11-30T00:33:03+00:00,Upload spaces.parquet with huggingface_hub
0ba05cb3a73613da4fbb79ffc91d014ff59f7042,2024-11-30T00:30:32+00:00,Upload posts.parquet with huggingface_hub
47608b2cf5333f136f31e1062665372ef1c4a409,2024-11-29T00:37:38+00:00,Upload datasets.parquet with huggingface_hub
a6b40ca8970fa2e8c87bc1d84fe9da8b9d50ee30,2024-11-29T00:36:25+00:00,Upload models.parquet with huggingface_hub
b755ebbb834ea6bb2df4cb26fbb594865361d030,2024-11-29T00:32:49+00:00,Upload spaces.parquet with huggingface_hub
83026754821c4cefa96dbcff92a3f69ab14324e3,2024-11-29T00:30:27+00:00,Upload posts.parquet with huggingface_hub
795754b7a11632d87d6dc70fbe37169f02e865d0,2024-11-28T00:36:34+00:00,Upload datasets.parquet with huggingface_hub
48bbc0f1ab71f1c4e867c829b30a486b5aab47b0,2024-11-28T00:35:25+00:00,Upload models.parquet with huggingface_hub
bee40ec16352679f61544de0071686891b09c57b,2024-11-28T00:32:12+00:00,Upload spaces.parquet with huggingface_hub
c1d44f6aa4fc5c1a484a2729d6b5d1a8a1ca2f74,2024-11-28T00:30:20+00:00,Upload posts.parquet with huggingface_hub
0ad6176a9fa4d6d5784cab741b781cdab4b8476b,2024-11-27T00:36:19+00:00,Upload datasets.parquet with huggingface_hub
e4eb56ec6b797924ba91938a4e5d4ee3c940867a,2024-11-27T00:35:17+00:00,Upload models.parquet with huggingface_hub
8f67f8543267874e009603d4fdf85e1f2dc32ea5,2024-11-27T00:32:09+00:00,Upload spaces.parquet with huggingface_hub
616a1dbc73960a602d51b8311906df1d0a9f8ce9,2024-11-27T00:30:19+00:00,Upload posts.parquet with huggingface_hub
152ab4d7b1918fd147ea43c1566e04db456bceeb,2024-11-26T00:36:05+00:00,Upload datasets.parquet with huggingface_hub
034d41f0b8d8406ba4e24961c0220a52ecc488cb,2024-11-26T00:35:05+00:00,Upload models.parquet with huggingface_hub
15fe6fb7f856b2d1c31af24dd6d2467e608a8f9a,2024-11-26T00:32:02+00:00,Upload spaces.parquet with huggingface_hub
c4fcbb3a8083dca27919165216822d33dfe910fa,2024-11-26T00:30:18+00:00,Upload posts.parquet with huggingface_hub
52dd9125ad0fb204b3c6ca2738f0baf746ecd733,2024-11-25T07:42:10+00:00,Upload datasets.parquet with huggingface_hub
faa2c702f2f6236dfe9e7c8afd0899578c7f5356,2024-11-25T07:41:09+00:00,Upload models.parquet with huggingface_hub
ea962f44fa7f94169bd3928969c1463b4d8b407f,2024-11-25T07:37:57+00:00,Upload spaces.parquet with huggingface_hub
720e6d5073eab3199f6d89f8fb92d8bd85159c02,2024-11-25T07:36:18+00:00,Upload posts.parquet with huggingface_hub
af4904139fb6dd5cc7c5121ef5e4c9e0319a8f29,2024-11-25T00:35:48+00:00,Upload datasets.parquet with huggingface_hub
45a4256cd0b7cf731c17ae6116e3ca110cab114f,2024-11-25T00:34:50+00:00,Upload models.parquet with huggingface_hub
96f1b953cd41f33ad89d8dc0c0a55a9ebf2f540e,2024-11-25T00:31:52+00:00,Upload spaces.parquet with huggingface_hub
58e855ba27e70fce9ba3d814f5aa1c9756c447ee,2024-11-25T00:30:16+00:00,Upload posts.parquet with huggingface_hub
5d4f6d613020866c1a35941b93c2e01e3858e898,2024-11-24T22:30:19+00:00,Upload datasets.parquet with huggingface_hub
57c545734bbe286611e48ae73668ad93e86d053e,2024-11-24T22:29:23+00:00,Upload models.parquet with huggingface_hub
0884bbf02cd67d1d222049891606b6d16d7f8c3f,2024-11-24T22:26:34+00:00,Upload spaces.parquet with huggingface_hub
fa5abb44a3ab636659dadd68389327b45b28772a,2024-11-24T22:24:58+00:00,Upload posts.parquet with huggingface_hub
ea6a760889cd1309673d91b707ab6c06a1e21d16,2024-11-19T13:42:50+00:00,Upload datasets.parquet with huggingface_hub
7532b43bac645db7d4ee30951e8c9d1099d5d384,2024-11-19T13:42:48+00:00,Upload models.parquet with huggingface_hub
13532aae8168a48b966dc1500dab7f979e6f2eea,2024-11-19T13:42:43+00:00,Upload spaces.parquet with huggingface_hub
7b418f407e8e658f2b1708d2857dcd815c746331,2024-11-19T13:42:39+00:00,Upload posts.parquet with huggingface_hub
8222876d9b6256a3d64cc9bc86203fb91e3f8375,2024-11-19T13:31:14+00:00,Update README.md
11e610feea9938297f4ece1835eb26b36a0d4a3a,2024-11-19T01:47:04+00:00,Upload datasets.parquet with huggingface_hub
c2e27ca847c70d48543ec12a75965be8885e2991,2024-11-19T01:47:02+00:00,Upload models.parquet with huggingface_hub
bd31a4725ca53e8a7a5a970fcefd1e162fd8e61d,2024-11-19T01:46:59+00:00,Upload spaces.parquet with huggingface_hub
ad8740dc2faedf84cb8728ef37fbd06475070722,2024-11-19T01:46:56+00:00,Upload posts.parquet with huggingface_hub
e91bd0cfa70449b2b611eb1aa22025cef622215e,2024-11-19T01:37:53+00:00,Upload posts.parquet with huggingface_hub
2393e33a166324a17c3c11ab5c4844d605e87f0d,2024-11-19T00:37:48+00:00,Upload models.parquet with huggingface_hub
319b6962f4142580137c935b60d5ac76f68aecb4,2024-11-19T00:37:45+00:00,Upload datasets.parquet with huggingface_hub
229ac4d3a91f6bc0b5fc4cae59668a912dd615cc,2024-11-19T00:37:43+00:00,Upload spaces.parquet with huggingface_hub
af4243bff1cefc435e87979ce765c43405c5e74d,2024-11-18T21:25:24+00:00,Upload posts.parquet with huggingface_hub
fd583eec8ffd9acd3ea1d09d2d3f65427325229b,2024-11-18T21:22:35+00:00,Upload posts.parquet with huggingface_hub
474afb1fd1c2ab54615484fe96e5d1a2945f6a81,2024-11-18T21:17:51+00:00,Upload posts.parquet with huggingface_hub
f2ae5af4bcf6f1798e9279aebf47254ec37b673e,2024-11-18T21:13:48+00:00,Upload posts.parquet with huggingface_hub
7ad226e87af6dc8afb15070b6f3c9b205b2c6de9,2024-11-18T21:09:02+00:00,Update README.md
557faec445636cea7ec109c815e6bf1565528490,2024-11-18T21:07:54+00:00,Upload posts.parquet with huggingface_hub
b681c9050527625e744e69917f782a2a34dccd1a,2024-11-18T21:03:25+00:00,Upload posts.parquet with huggingface_hub
89010c101054e36bcb92fc82e35320c8540bc7a1,2024-11-18T20:00:25+00:00,Update README.md
273d9de7a6c9f26900b23aa6429e59494769bdd2,2024-11-18T20:00:14+00:00,Delete posts.parquet
e42cf600ebbc6389bfbd9a4fe1a1c868eb73bf97,2024-11-18T19:58:43+00:00,Update README.md
3f52bac6fd19a67b0cfc9e3e3c26117565bb854f,2024-11-18T19:58:06+00:00,Upload posts.parquet with huggingface_hub
7b5d1e0524a535a3ef240eed58a61f7cf8ec5a69,2024-11-18T19:58:06+00:00,Upload models.parquet with huggingface_hub
034a3a84afa3067c1a0b655f5202b1749f5b726c,2024-11-18T19:57:55+00:00,Upload datasets.parquet with huggingface_hub
4d06fb97a0ab6c8ef567a6fde391f8eb5619da39,2024-11-18T19:57:48+00:00,Upload spaces.parquet with huggingface_hub
2d22fd761a7dd03ee24404626a8ea1057d00d9d3,2024-11-18T00:36:36+00:00,Upload models.parquet with huggingface_hub
5fbaefdd1203da66bf4ce242e469fb030ff4320e,2024-11-18T00:36:34+00:00,Upload datasets.parquet with huggingface_hub
a8a890a46b1887980ff5fa55b5b2ed17429b10ec,2024-11-18T00:36:33+00:00,Upload spaces.parquet with huggingface_hub
f7dd40d4691b7c1fb91c8bdbb9695d5dd07a01c4,2024-11-17T00:36:51+00:00,Upload models.parquet with huggingface_hub
f4013565e613a855036f0568f501f40043091dc7,2024-11-17T00:36:48+00:00,Upload datasets.parquet with huggingface_hub
f2eb923da04aad72889ab5c0d6b6e86d740341e8,2024-11-17T00:36:47+00:00,Upload spaces.parquet with huggingface_hub
3421823130ad665726339c5b9a523b1b24daf6c4,2024-11-16T00:36:39+00:00,Upload models.parquet with huggingface_hub
085665c7f891d7debb64c2fca89cd8b43bf29844,2024-11-16T00:36:37+00:00,Upload datasets.parquet with huggingface_hub
6a09102753b9fc93b9e005bf1234082240118cd1,2024-11-16T00:36:34+00:00,Upload spaces.parquet with huggingface_hub
96ac6351b9b35c8449fd938487f5d32538fde309,2024-11-15T00:36:01+00:00,Upload models.parquet with huggingface_hub
bc1800f39fc1ed49f4bd61588006d5081bbcb4d3,2024-11-15T00:35:58+00:00,Upload datasets.parquet with huggingface_hub
1c0af6a68591ac387494487bcb693ab6848e24ae,2024-11-15T00:35:55+00:00,Upload spaces.parquet with huggingface_hub
d87a38dabff326ca7eb1544b48bae7a691668de4,2024-11-14T00:36:02+00:00,Upload models.parquet with huggingface_hub
f62f37a43aca89b2db9b41bd00701c273ae9f9d7,2024-11-14T00:36:00+00:00,Upload datasets.parquet with huggingface_hub
54e20a2669503ee902d73fef087d6309bce1500f,2024-11-14T00:35:58+00:00,Upload spaces.parquet with huggingface_hub
d1081985c95d956985d608b91aa3263ac89b7872,2024-11-13T00:36:04+00:00,Upload models.parquet with huggingface_hub
f0286d969b8a75b87fc7f6004c67788714421f33,2024-11-13T00:36:01+00:00,Upload datasets.parquet with huggingface_hub
ae63b3c6ed5acf95df3bb3301cd5a0049368798c,2024-11-13T00:35:59+00:00,Upload spaces.parquet with huggingface_hub
e9e314115fa3b137e6654c4242d42d919364afe2,2024-11-12T00:35:59+00:00,Upload models.parquet with huggingface_hub
760424e4b107d048fb24ec6a405179ec643f7929,2024-11-12T00:35:57+00:00,Upload datasets.parquet with huggingface_hub
dc1af71a867451cb19cae4a3accb590a81debbdf,2024-11-12T00:35:55+00:00,Upload spaces.parquet with huggingface_hub
1ce6b1121711b88890b7898e4314220652cab35e,2024-11-11T00:36:17+00:00,Upload models.parquet with huggingface_hub
6e55037cd5ab42d28e34b4afa18e4dba270070b2,2024-11-11T00:36:14+00:00,Upload datasets.parquet with huggingface_hub
66fa61148ec4940426603c845226597a4dabba88,2024-11-11T00:36:13+00:00,Upload spaces.parquet with huggingface_hub
c0234da055d6e46f4c9118f9a9a0240a57fb9271,2024-11-10T00:35:54+00:00,Upload models.parquet with huggingface_hub
db8b4fc7ece6e8b8e53823f75d7257988262ccfb,2024-11-10T00:35:51+00:00,Upload datasets.parquet with huggingface_hub
61601664e03b33b7ee1bd5c287dc659c093edd48,2024-11-10T00:35:49+00:00,Upload spaces.parquet with huggingface_hub
b1c1cabcc080d29e05c7eca6144b0142e8f7c96d,2024-11-09T00:35:43+00:00,Upload models.parquet with huggingface_hub
237eb1b232c0c4a37a67eca9d3ff9d02faef2216,2024-11-09T00:35:41+00:00,Upload datasets.parquet with huggingface_hub
b8f88f58664f0f8fc10922d637ce4df648566dd4,2024-11-09T00:35:40+00:00,Upload spaces.parquet with huggingface_hub
421668bc31f68ef0f30300d5d49013210b014ac5,2024-11-08T00:35:40+00:00,Upload models.parquet with huggingface_hub
80e7f71c69dece878ab4b2eb5a8929e9f63fd586,2024-11-08T00:35:37+00:00,Upload datasets.parquet with huggingface_hub
b8f3ba541552c25765af2f4c955ae619912ef033,2024-11-08T00:35:36+00:00,Upload spaces.parquet with huggingface_hub
85df00d027317a7b64ddd2633b654962d36a9aeb,2024-11-07T00:35:43+00:00,Upload models.parquet with huggingface_hub
93dffc9be2986a53f419a209306a9aaf0a5ff81b,2024-11-07T00:35:40+00:00,Upload datasets.parquet with huggingface_hub
2d14266512059d36d291a22ab9128bb5881c6a8e,2024-11-07T00:35:39+00:00,Upload spaces.parquet with huggingface_hub
8f72fa4c6140b1fe5d1e9fe9d44f5f85356e2bee,2024-11-06T00:35:32+00:00,Upload models.parquet with huggingface_hub
2b6ba75c05e812a50438c23a404445afa8b117ed,2024-11-06T00:35:30+00:00,Upload datasets.parquet with huggingface_hub
8a492f533a71e91302b5376396bd345b266e1cc1,2024-11-06T00:35:28+00:00,Upload spaces.parquet with huggingface_hub
b1a1a035ed6c910f837dd3e7311152da2b802002,2024-11-05T00:36:08+00:00,Upload models.parquet with huggingface_hub
b1307c772078f13aec4304d9162cd3bcbeae99c6,2024-11-05T00:36:05+00:00,Upload datasets.parquet with huggingface_hub
f2c55532a8f41ce3421caf2e75c6494d2f38380e,2024-11-05T00:36:03+00:00,Upload spaces.parquet with huggingface_hub
5c839c1e88c9033066cd0624d692a03ab2bc4cb4,2024-11-04T00:35:20+00:00,Upload models.parquet with huggingface_hub
12e139a1f44237380d68cfb07fe817e1a973b8db,2024-11-04T00:35:18+00:00,Upload datasets.parquet with huggingface_hub
ce0e39cd496773ceceb1350625101fb65e2429ef,2024-11-04T00:35:16+00:00,Upload spaces.parquet with huggingface_hub
d8ac6fe8a20913689ab2a13c519efa0c0349a1c9,2024-11-02T23:35:12+00:00,Upload models.parquet with huggingface_hub
9d5ae81e0e1407e94c0086b8ef7305bb62200910,2024-11-02T23:35:10+00:00,Upload datasets.parquet with huggingface_hub
b3b8b723660e336e0bc64453ce2ed831ceadf96c,2024-11-02T23:35:09+00:00,Upload spaces.parquet with huggingface_hub
5178d136773f3293b855c27c633e3ed5fde14482,2024-11-01T23:35:35+00:00,Upload models.parquet with huggingface_hub
647f53c94ce0a426cfcdf90f0f91fc03c46288e4,2024-11-01T23:35:33+00:00,Upload datasets.parquet with huggingface_hub
c61f6967162a60e9917e66d46f45ae904d2a0c35,2024-11-01T23:35:32+00:00,Upload spaces.parquet with huggingface_hub
c3966cb5dc8152608196fdb9c739187dd4e8b420,2024-10-31T23:38:10+00:00,Upload models.parquet with huggingface_hub
580864f8f21369a4af1c3fb9635a895bc2052736,2024-10-31T23:38:06+00:00,Upload datasets.parquet with huggingface_hub
abcf666a6a586de9646c806e4b68cd06a7266db3,2024-10-31T23:38:04+00:00,Upload spaces.parquet with huggingface_hub
a8bd310a64ca9ef3f16324d95d9aea091cafc57e,2024-10-30T23:37:27+00:00,Upload models.parquet with huggingface_hub
3009f8cac7e4d6dc99af1a5d62d8858769175ec0,2024-10-30T23:37:24+00:00,Upload datasets.parquet with huggingface_hub
137596694232c6d8e25d9a07f8ee81e04a555d59,2024-10-30T23:37:22+00:00,Upload spaces.parquet with huggingface_hub
bd306f3bbc39af150167b745ef0731b137379a4a,2024-10-29T23:37:34+00:00,Upload models.parquet with huggingface_hub
59072b591eca0421ebf4630483cd0c4c73914869,2024-10-29T23:37:30+00:00,Upload datasets.parquet with huggingface_hub
d7fd143d045cd9ddb43c7fd305a0c3fec79bf468,2024-10-29T23:37:26+00:00,Upload spaces.parquet with huggingface_hub
34e50fcaad05262e82fbadd3d4fe641d786b57af,2024-10-28T23:35:53+00:00,Upload models.parquet with huggingface_hub
43cd883b7051728baae0ece113e68fff6c3473ef,2024-10-28T23:35:49+00:00,Upload datasets.parquet with huggingface_hub
99a9e645b5d6b423f21aad6c8db6098ab071d315,2024-10-28T23:35:47+00:00,Upload spaces.parquet with huggingface_hub
e4120d45dc9f171a3d7bef0d63021b161c58015d,2024-10-28T13:31:00+00:00,Upload models.parquet with huggingface_hub
8672faeb1695ab86b5de527ce8cd769632d44121,2024-10-28T13:30:57+00:00,Upload datasets.parquet with huggingface_hub
1ffa680e330765416ebdbac5fb22566123eb5cb1,2024-10-28T13:30:55+00:00,Upload spaces.parquet with huggingface_hub
6692712cde2debe9e5c3029e3cb002256a3e1451,2024-10-27T23:35:52+00:00,Upload models.parquet with huggingface_hub
ff490dab3b3930e087b400db1973d098502d2e3f,2024-10-27T23:35:50+00:00,Upload datasets.parquet with huggingface_hub
4377aa52610ff004f6b8e65d4326edd9beb006b3,2024-10-27T23:35:49+00:00,Upload spaces.parquet with huggingface_hub
31e409633ac0c5c7d484ef10197da4bc6b3b6af6,2024-10-26T23:35:23+00:00,Upload models.parquet with huggingface_hub
8605d22a80c645cf17938185013d69b69938889f,2024-10-26T23:35:21+00:00,Upload datasets.parquet with huggingface_hub
4f0ceebdc59aed4f30b7c737d67696f19b58d6a6,2024-10-26T23:35:20+00:00,Upload spaces.parquet with huggingface_hub
e56df8050b6a5332bd4319aa060c1fb090c76626,2024-10-25T23:35:30+00:00,Upload models.parquet with huggingface_hub
da2b2ed84c73d7e8fd8807ccfb6b702351a55eb2,2024-10-25T23:35:28+00:00,Upload datasets.parquet with huggingface_hub
775210da7c599ccd4777c3010f778b40847eb71b,2024-10-25T23:35:26+00:00,Upload spaces.parquet with huggingface_hub
66b68a8daa40e818c05906fc0ebf1fb125c0e0e4,2024-10-24T23:35:14+00:00,Upload models.parquet with huggingface_hub
8e7db27e3f5b0c2394c3296481661a1b7ab82c54,2024-10-24T23:35:11+00:00,Upload datasets.parquet with huggingface_hub
da1504e1ba817fad8b812065a2ecfcc407ece5b4,2024-10-24T23:35:10+00:00,Upload spaces.parquet with huggingface_hub
bcc6ef89eba14ddac2029340aa3e28bdeb74d179,2024-10-24T19:49:21+00:00,Upload models.parquet with huggingface_hub
140e738f767bf4c7cd62bed75fd11eba8e63566e,2024-10-24T19:49:19+00:00,Upload datasets.parquet with huggingface_hub
b2ba770372f12c8f85a63bf28a34ad77c1266cc9,2024-10-24T19:49:16+00:00,Upload spaces.parquet with huggingface_hub
2b7405b648e00bde88df5b568ed3208f9684cb0f,2024-10-23T23:35:34+00:00,Upload models.parquet with huggingface_hub
da05d4434a7942ebe38ac33a9f252712558b1ba8,2024-10-23T23:35:32+00:00,Upload datasets.parquet with huggingface_hub
30d87093e465f2574eb2780c5c49ab4936a4cfe9,2024-10-23T23:35:30+00:00,Upload spaces.parquet with huggingface_hub
03ea0d6abbc3c8fe784f3f4f8e12b9ffd6a53ee2,2024-10-22T23:35:39+00:00,Upload models.parquet with huggingface_hub
2cd8883b7524c88ad5e080175c5213ff0ee8b89e,2024-10-22T23:35:37+00:00,Upload datasets.parquet with huggingface_hub
0b0422cc4c220d6c82f8cd150cb44d0eaa0bab31,2024-10-22T23:35:35+00:00,Upload spaces.parquet with huggingface_hub
f5738e5679fb4d7f35ae37bfc438a5db96d6623c,2024-10-21T23:35:43+00:00,Upload models.parquet with huggingface_hub
6abbeadcb14afa33db957003fb74a088c779ffa3,2024-10-21T23:35:41+00:00,Upload datasets.parquet with huggingface_hub
8c700856aa80b5775289d82792422f76e26a2c9e,2024-10-21T23:35:40+00:00,Upload spaces.parquet with huggingface_hub
63719da149fe50b0540ed58bd35543181e6b12a8,2024-10-20T23:35:41+00:00,Upload models.parquet with huggingface_hub
b538a4e02378b3a60e883c7fdfcc678ff91e2552,2024-10-20T23:35:39+00:00,Upload datasets.parquet with huggingface_hub
bf23ee5452d6a0f4033ffc4c8d3db0e436f8873c,2024-10-20T23:35:38+00:00,Upload spaces.parquet with huggingface_hub
242e341a3339f4267569f7dd029f87420945acdf,2024-10-19T23:36:26+00:00,Upload models.parquet with huggingface_hub
fd71488b8329c6ee83fc27b0cf3e1c428af9deab,2024-10-19T23:36:24+00:00,Upload datasets.parquet with huggingface_hub
fcc7acff1167f077761481b345359e30665ece7e,2024-10-19T23:36:22+00:00,Upload spaces.parquet with huggingface_hub
d2606b45990cf717de8b1db631186fc84f6a9dcd,2024-10-18T23:36:21+00:00,Upload models.parquet with huggingface_hub
a700627d5d2da123a70aa638eee5aa7ddba89225,2024-10-18T23:36:16+00:00,Upload datasets.parquet with huggingface_hub
33138668ae14db411992576bce23e4b4026e4044,2024-10-18T23:36:13+00:00,Upload spaces.parquet with huggingface_hub
c1148cc4a0630c056bedcb952b5dfc53fe8785e9,2024-10-17T23:36:28+00:00,Upload models.parquet with huggingface_hub
81d7a6d44ae423d8b1479921b3147576018b0dde,2024-10-17T23:36:25+00:00,Upload datasets.parquet with huggingface_hub
468933576dce53dde5f827fc480bbc5c7daf2889,2024-10-17T23:36:23+00:00,Upload spaces.parquet with huggingface_hub
efcc3784fdd258fdcb8d2ea27f975ca1a8e02a88,2024-10-16T23:36:19+00:00,Upload models.parquet with huggingface_hub
b3e0c0610a7ac499e3ee4feb04cc92c2e7a218bb,2024-10-16T23:36:17+00:00,Upload datasets.parquet with huggingface_hub
dd0e7267c678fbfcfa3a153f78635b7e9d660acf,2024-10-16T23:36:15+00:00,Upload spaces.parquet with huggingface_hub
82a6bb33c66af7b1b4588683b760e6317e69372a,2024-10-15T23:35:57+00:00,Upload models.parquet with huggingface_hub
48949acfea7e23c739001d83e521f33e9f44029c,2024-10-15T23:35:55+00:00,Upload datasets.parquet with huggingface_hub
e97a0aa9346e277ab6c4146b2a9ef776d3ef215f,2024-10-15T23:35:54+00:00,Upload spaces.parquet with huggingface_hub
64f8a91e8382b56a076a5410d1e07f5788ce3749,2024-10-14T23:35:49+00:00,Upload models.parquet with huggingface_hub
64da9a4e852acb080301419abe6cadf5f327e25c,2024-10-14T23:35:47+00:00,Upload datasets.parquet with huggingface_hub
fa6b2e1c23892c329508ef916ff91be3cde0be8a,2024-10-14T23:35:45+00:00,Upload spaces.parquet with huggingface_hub
75059abab4d366ee9513783e4a1e465b4490cca4,2024-10-13T23:35:41+00:00,Upload models.parquet with huggingface_hub
5c539cc10fc560a1979a3ca26b1bb397ae6f5c43,2024-10-13T23:35:38+00:00,Upload datasets.parquet with huggingface_hub
dd215858eb8003a627aff90d057dc6d0f6276192,2024-10-13T23:35:37+00:00,Upload spaces.parquet with huggingface_hub
25119b758d73941d90653ffbf4ff4986bae1a323,2024-10-12T23:36:27+00:00,Upload models.parquet with huggingface_hub
42f631d0a90a52ecd73e538ac07a1cb60a2f2007,2024-10-12T23:36:24+00:00,Upload datasets.parquet with huggingface_hub
e0c23bc7ace3b2858d22a9a1e8e22635a239557e,2024-10-12T23:36:23+00:00,Upload spaces.parquet with huggingface_hub
3f242eb4521a39309d261242fd6f8308fb83fbba,2024-10-11T23:36:03+00:00,Upload models.parquet with huggingface_hub
3c3a2312cc4125b12ca597a3bc04a13b64a29f39,2024-10-11T23:36:01+00:00,Upload datasets.parquet with huggingface_hub
86b8ccab525a473a81690fae8c2cf8aefef968d1,2024-10-11T23:35:59+00:00,Upload spaces.parquet with huggingface_hub
d66d1b53b6e7c8c5db63552b25bda5257c602e59,2024-10-10T23:35:57+00:00,Upload models.parquet with huggingface_hub
a1c0764b3eaee63ad2419dc4778821950cf1373b,2024-10-10T23:35:49+00:00,Upload datasets.parquet with huggingface_hub
d7c1f49a748d6c900366fa266f0e27336ece9dd1,2024-10-10T23:35:48+00:00,Upload spaces.parquet with huggingface_hub
14e6bdb09a606a12f95128f8d7fa5e1d977c045c,2024-10-10T01:55:59+00:00,Upload models.parquet with huggingface_hub
bf339d3702cea47548141b4c3ddade68349d484c,2024-10-10T01:55:56+00:00,Upload datasets.parquet with huggingface_hub
131f678d55a6e6d02c00cd816d3cd884e245112d,2024-10-10T01:55:54+00:00,Upload spaces.parquet with huggingface_hub
d3d4b1b0b12149f6e39192fe6217a1c77d0bd961,2024-10-09T23:36:04+00:00,Upload models.parquet with huggingface_hub
fa6a3b0e544a4bc402520dbe1b8c74ebfa0fb3c7,2024-10-09T23:36:02+00:00,Upload datasets.parquet with huggingface_hub
836d8e98ebc43b9b958643a7cabb7943d1ec8f3d,2024-10-09T23:36:00+00:00,Upload spaces.parquet with huggingface_hub
3b5c90dc5ec4b35c3f8cc0c8be846e4e956040e8,2024-10-08T23:35:51+00:00,Upload models.parquet with huggingface_hub
81b4f72a33c7faa0b838fdc401218d90fd14bbb2,2024-10-08T23:35:49+00:00,Upload datasets.parquet with huggingface_hub
9d9e51524489372704f69af76159c9fd9381df5f,2024-10-08T23:35:47+00:00,Upload spaces.parquet with huggingface_hub
428de2876415cc0388641fff7fba49e4bef8deb8,2024-10-07T23:36:17+00:00,Upload models.parquet with huggingface_hub
f01ce23849126893e8d47f63861b5d8790bbfcd2,2024-10-07T23:36:13+00:00,Upload datasets.parquet with huggingface_hub
b859dbc977bb937ec3c3adb532e4fe3fdd240281,2024-10-07T23:36:11+00:00,Upload spaces.parquet with huggingface_hub
aea4de874e47cb707746325fe9fdc94d9522a485,2024-10-06T23:36:32+00:00,Upload models.parquet with huggingface_hub
4dd351512971d235ca3c978fc6448249d4a2e4b2,2024-10-06T23:36:30+00:00,Upload datasets.parquet with huggingface_hub
a0d1bb0b43d3de02a1261d91a468d898c173e829,2024-10-06T23:36:29+00:00,Upload spaces.parquet with huggingface_hub
670156666cddcc1d3b49c1dffe2f712202439b9a,2024-10-05T23:35:29+00:00,Upload models.parquet with huggingface_hub
4fcc7443a0ab5e4f2453eaeab20932bb9415d938,2024-10-05T23:35:26+00:00,Upload datasets.parquet with huggingface_hub
e7a285bbd17a51f3b2f2bf316498e43f6e882ef6,2024-10-05T23:35:25+00:00,Upload spaces.parquet with huggingface_hub
c6ed862e05d7fe170bec284acb76ac2b0aed845a,2024-10-03T23:35:44+00:00,Upload models.parquet with huggingface_hub
5a9064b7e649d2294e7734db7a24db5d1801841b,2024-10-03T23:35:42+00:00,Upload datasets.parquet with huggingface_hub
7038f8d45d2905a6ed40a8e194ab5fb5d9f16d15,2024-10-03T23:35:41+00:00,Upload spaces.parquet with huggingface_hub
aa617b572ba8c706bab5c0d640a16b4d76c43783,2024-10-02T23:35:40+00:00,Upload models.parquet with huggingface_hub
092204f4874509c6b85c1e489203239529b07e8c,2024-10-02T23:35:38+00:00,Upload datasets.parquet with huggingface_hub
7d14d9dad5f43fabe1f519da7aebd62f2da666c8,2024-10-02T23:35:37+00:00,Upload spaces.parquet with huggingface_hub
6aa43159218b28728524ce6f67c9a73acd5546e9,2024-10-01T23:36:08+00:00,Upload models.parquet with huggingface_hub
19c2600369b0f51c739cd76e1b57fdf28889a3e2,2024-10-01T23:36:06+00:00,Upload datasets.parquet with huggingface_hub
654e18072f3451171fbf083b7daef986f35828d4,2024-10-01T23:36:05+00:00,Upload spaces.parquet with huggingface_hub
30a45204b61dcfa567d8e3fa883340339630be12,2024-09-30T23:36:08+00:00,Upload models.parquet with huggingface_hub
3ce40723b18e9abc11c0c9156ecb8db5828387aa,2024-09-30T23:36:05+00:00,Upload datasets.parquet with huggingface_hub
2f62eab2d0ec05e187014be60ea708d8365de77c,2024-09-30T23:36:02+00:00,Upload spaces.parquet with huggingface_hub
d36525c95ec2497017c9e5fd60337dc906c455bd,2024-09-29T23:35:39+00:00,Upload models.parquet with huggingface_hub
190dafb76ecf200561ac4c7a4edbcc2e9603e984,2024-09-29T23:35:37+00:00,Upload datasets.parquet with huggingface_hub
f71db4be2d8578021090c2a436c152df8e267694,2024-09-29T23:35:35+00:00,Upload spaces.parquet with huggingface_hub
28af169572fae66a579ca7389b857d243f9b8f95,2024-09-28T23:35:48+00:00,Upload models.parquet with huggingface_hub
6960ed1f7c185cadfe1c35e54bf417134f36f87e,2024-09-28T23:35:46+00:00,Upload datasets.parquet with huggingface_hub
3454e67d1fcdef1dd569bd2bff852a1442047158,2024-09-28T23:35:42+00:00,Upload spaces.parquet with huggingface_hub
b22f39df6759828f69bcf6906d383e793dba712b,2024-09-27T23:35:34+00:00,Upload models.parquet with huggingface_hub
b1df8a1c1a66b1d29506bd210015a6b64738b23d,2024-09-27T23:35:32+00:00,Upload datasets.parquet with huggingface_hub
dcdb39dcaf48633bbc91f26139c6f8b1da271b5d,2024-09-27T23:35:30+00:00,Upload spaces.parquet with huggingface_hub
c6191563ef4539d98fb3dd997e368d1534057882,2024-09-27T19:07:33+00:00,Upload models.parquet with huggingface_hub
3ba5039be55391f4279462cb86da9cb1702766f5,2024-09-27T19:07:28+00:00,Upload datasets.parquet with huggingface_hub
64c29008f5531a4efa5aabb64c16a1545dbeb835,2024-09-27T19:07:26+00:00,Upload spaces.parquet with huggingface_hub
a2338a52379dab4fc2ef1effb73d05cec45b82a0,2024-09-26T23:35:54+00:00,Upload models.parquet with huggingface_hub
21f3d069000078439ebc65e62283b0c63f14ec65,2024-09-26T23:35:52+00:00,Upload datasets.parquet with huggingface_hub
5cbb7e802ae5f00a9c648ebb0cddee1618ca84f4,2024-09-26T23:35:50+00:00,Upload spaces.parquet with huggingface_hub
620ea9aeaeb20c288ca820fed89231d470017d55,2024-09-26T15:55:46+00:00,Upload models.parquet with huggingface_hub
f8199c15577f382720a22df24931806f99e12dac,2024-09-26T15:55:44+00:00,Upload datasets.parquet with huggingface_hub
32c9d72400218fcf3c97164e122a8e1e9787bebb,2024-09-26T15:55:37+00:00,Upload spaces.parquet with huggingface_hub
1288a2d265d53cd95671dabe30b62b7a1d24b914,2024-09-25T23:35:54+00:00,Upload models.parquet with huggingface_hub
c1f95f9e1203c522a630c2e45c4ba0b72c0e4815,2024-09-25T23:35:51+00:00,Upload datasets.parquet with huggingface_hub
b1fbccad86e6a755f26399ec8530c2ce42de58fa,2024-09-25T23:35:50+00:00,Upload spaces.parquet with huggingface_hub
1b0c96d4a409be1ec99401e9badc8209769db62b,2024-09-24T23:35:00+00:00,Upload models.parquet with huggingface_hub
4fe0e01c6f7459e5434076eec368d3ef12998b7f,2024-09-24T23:34:58+00:00,Upload datasets.parquet with huggingface_hub
50479ab33434a1548c43e99fcc20331de1f98ae3,2024-09-24T23:34:57+00:00,Upload spaces.parquet with huggingface_hub
938bc5e4c2ee9fb0048fe4c5cca5811658640b48,2024-09-23T23:34:59+00:00,Upload models.parquet with huggingface_hub
5837d15cbc3eec6f91045e1dda7595c58b1255a7,2024-09-23T23:34:57+00:00,Upload datasets.parquet with huggingface_hub
0997349bb20a2243596192208f89478048723cf2,2024-09-23T23:34:55+00:00,Upload spaces.parquet with huggingface_hub
5f4529e1dd2e632528c0826bfb94603a1b06be71,2024-09-21T23:35:41+00:00,Upload models.parquet with huggingface_hub
9accd1384a48647a7aeebc519f54ca03ea6e94a1,2024-09-21T23:35:39+00:00,Upload datasets.parquet with huggingface_hub
0eed8642838032ebdfbcde4fec23e80b1b13ae75,2024-09-21T23:35:37+00:00,Upload spaces.parquet with huggingface_hub
c8dd9bf215eb0aaf62f30f6abbc2b99127f86d53,2024-09-20T23:35:27+00:00,Upload models.parquet with huggingface_hub
73ddbd6f5469790c7d08cd63854dbe6c85f24ed2,2024-09-20T23:35:25+00:00,Upload datasets.parquet with huggingface_hub
ca8dc1482607cddf91be0722d627032326c66b90,2024-09-20T23:35:23+00:00,Upload spaces.parquet with huggingface_hub
5358d9373272e439d1fd99050cc051dc59fc5155,2024-09-20T12:58:24+00:00,Upload models.parquet with huggingface_hub
dd34d5a90aac66dea0a6f0ec463aaa29f7286c47,2024-09-20T12:58:13+00:00,Upload datasets.parquet with huggingface_hub
72846d99931e4797e54276a4d75268d83c4dc2a9,2024-09-20T12:58:08+00:00,Upload spaces.parquet with huggingface_hub
229ef156455d7adede95ae0db80aecb322f64387,2024-09-19T23:35:22+00:00,Upload models.parquet with huggingface_hub
048f89d06eae3f478592155400ba034e7da439a7,2024-09-19T23:35:19+00:00,Upload datasets.parquet with huggingface_hub
4915ab9f8d9dd40e221f3d06168c4971fb13d0d8,2024-09-19T23:35:18+00:00,Upload spaces.parquet with huggingface_hub
8b84ba4545c51328a1743598b85d7ffa8a23cbac,2024-09-18T23:35:47+00:00,Upload models.parquet with huggingface_hub
1d78bdf3db2db4d60d0eda81cd25cb6f11b5493f,2024-09-18T23:35:43+00:00,Upload datasets.parquet with huggingface_hub
2c1faf3cd9375d9ed08149588149fd5c67c172d4,2024-09-18T23:35:41+00:00,Upload spaces.parquet with huggingface_hub
719c3ce533423f9e079e4b00ec469482b1a1382f,2024-09-17T23:35:59+00:00,Upload models.parquet with huggingface_hub
8872ad9bb88448221372a294c0c46b291a897aed,2024-09-17T23:35:56+00:00,Upload datasets.parquet with huggingface_hub
ea48d061598cba6a2af46a508512dcbba53c7d56,2024-09-17T23:35:54+00:00,Upload spaces.parquet with huggingface_hub
bdb5c6aec65f912a1c82e9e3fb35001144ab2bc2,2024-09-16T23:35:27+00:00,Upload models.parquet with huggingface_hub
54fad4bf9d8d4eebe6a844ee58723821c425f1c5,2024-09-16T23:35:25+00:00,Upload datasets.parquet with huggingface_hub
1072c2d716519d503c2276463ea115a6197704c8,2024-09-16T23:35:24+00:00,Upload spaces.parquet with huggingface_hub
23da713f689da8f4382128ecf50ea77d7f88dc8f,2024-09-16T16:02:45+00:00,Upload models.parquet with huggingface_hub
801e016f69e901f38ad7a141db8db313245f2036,2024-09-16T16:02:32+00:00,Upload datasets.parquet with huggingface_hub
913726d23d8f03ee2421c495403858fb475111dc,2024-09-16T16:02:27+00:00,Upload spaces.parquet with huggingface_hub
254a79cc97dac7a9b0bca1db180c1ebdaa71c576,2024-09-15T23:32:02+00:00,Upload models.parquet with huggingface_hub
30652ddad3430a805ebb11db95ebf995bfae90d4,2024-09-15T23:32:01+00:00,Upload datasets.parquet with huggingface_hub
8dfd3c34aeb12aac05dd8ad4fa3049e8a19aca08,2024-09-15T23:32:00+00:00,Upload spaces.parquet with huggingface_hub
5198bb342d7d1299262b9d818caf345007207d45,2024-09-14T23:31:33+00:00,Upload models.parquet with huggingface_hub
c5d4bc34385eed3378716ccd3e39fad7fcd9756f,2024-09-14T23:31:31+00:00,Upload datasets.parquet with huggingface_hub
d5f2278aacb9530533554cf7adcf3221911fa680,2024-09-14T23:31:30+00:00,Upload spaces.parquet with huggingface_hub
4e8116605cbd8e36a4f8fc2040a3ae0f97634081,2024-09-13T23:31:41+00:00,Upload models.parquet with huggingface_hub
eadb023a0c1437be3ffa828aac1658af29243dce,2024-09-13T23:31:39+00:00,Upload datasets.parquet with huggingface_hub
ba7fd1a637964ae153d77b5faa3064336348a08c,2024-09-13T23:31:38+00:00,Upload spaces.parquet with huggingface_hub
ef6b15aacc8d9a99d16692d033d10e651c24462e,2024-09-13T13:45:33+00:00,Upload models.parquet with huggingface_hub
99020161dbad9169cb1878942cd7b4e2165761b9,2024-09-13T13:45:30+00:00,Upload datasets.parquet with huggingface_hub
410a27ec75c9bd0aa639b4738973faa9daa1434b,2024-09-13T13:45:29+00:00,Upload spaces.parquet with huggingface_hub
6f89860c79f8fc000bad15e9e35a1482521e578d,2024-09-12T23:31:35+00:00,Upload models.parquet with huggingface_hub
0253dc35cd3d730ea101f5718f1d59c0752fcd7e,2024-09-12T23:31:34+00:00,Upload datasets.parquet with huggingface_hub
4afdcccc7b48acf9edf73d8639e78a10dd75d5ba,2024-09-12T23:31:32+00:00,Upload spaces.parquet with huggingface_hub
7a18f2adb69fca7312b5f540e52d94308c74a73c,2024-09-11T23:31:35+00:00,Upload models.parquet with huggingface_hub
d53c3acc2612aa524e164d12615e0ffb0e1f737a,2024-09-11T23:31:34+00:00,Upload datasets.parquet with huggingface_hub
2238d3ba48635673c9421db3838bfe24801bb63e,2024-09-11T23:31:33+00:00,Upload spaces.parquet with huggingface_hub
a9399ad13807306be71aa3428731ebf778a86166,2024-09-11T17:45:53+00:00,Upload models.parquet with huggingface_hub
25505cdfd654fe3fd7f57c01eb02358c78572c39,2024-09-11T17:45:52+00:00,Upload datasets.parquet with huggingface_hub
11fa65b930783e3262baa7d68b25bf4bdeec89d2,2024-09-11T17:45:50+00:00,Upload spaces.parquet with huggingface_hub
1f49421e930b984a3af6a9458aac5b6c1ace97af,2024-09-10T23:31:40+00:00,Upload models.parquet with huggingface_hub
a79fe1e858537b0f6ed466a95316a2f517e7c4c4,2024-09-10T23:31:39+00:00,Upload datasets.parquet with huggingface_hub
48ae70b521482f747ca44b9e655234f3dca521ac,2024-09-10T23:31:38+00:00,Upload spaces.parquet with huggingface_hub
6445ca7b7d65c8fad5fd05ca0da547e0b35cd106,2024-09-09T23:31:41+00:00,Upload models.parquet with huggingface_hub
ba6c6ebbea2060c96e943ef16121570b5c50246e,2024-09-09T23:31:40+00:00,Upload datasets.parquet with huggingface_hub
1f9ba958e53e37927acebc5acd91832562d7a56b,2024-09-09T23:31:39+00:00,Upload spaces.parquet with huggingface_hub
a4e5c641a4b4460f698f6c84c9ebd061f3312f36,2024-09-08T23:31:40+00:00,Upload models.parquet with huggingface_hub
d0fc97faa673341d054f84a7243a168b352e913b,2024-09-08T23:31:39+00:00,Upload datasets.parquet with huggingface_hub
6479fab506ed4c799d52c9f7bf835c3bbca15a76,2024-09-08T23:31:37+00:00,Upload spaces.parquet with huggingface_hub
a59078c4e4c8105859b0b931a545632e8dc30a13,2024-09-07T23:31:42+00:00,Upload models.parquet with huggingface_hub
8ac37fb63b6cbd1270b7ff0a48c81eb0b79f2ad9,2024-09-07T23:31:40+00:00,Upload datasets.parquet with huggingface_hub
33a7ba8cfb856dd4ec441d3c648b8dddbe2cf504,2024-09-07T23:31:39+00:00,Upload spaces.parquet with huggingface_hub
c44426d781b5e921e3827f11d870ba0153c4b442,2024-09-06T23:31:49+00:00,Upload models.parquet with huggingface_hub
8e16883e89f804f207c43c7258b3f6f2e25ed237,2024-09-06T23:31:48+00:00,Upload datasets.parquet with huggingface_hub
17e869df1617be390959403b67273a2c3539a16b,2024-09-06T23:31:46+00:00,Upload spaces.parquet with huggingface_hub
b3b73fc6955993060a902a2226c49e11d05e7569,2024-09-05T23:31:44+00:00,Upload models.parquet with huggingface_hub
2e80f1d54470896131c17ccb1b46499c9be7e00e,2024-09-05T23:31:43+00:00,Upload datasets.parquet with huggingface_hub
e0cdde7bccdd5cd015b79a29f15480d7b3d04d45,2024-09-05T23:31:42+00:00,Upload spaces.parquet with huggingface_hub
ae7e5782c861d707f68ed8be1f122b2e785f7d23,2024-09-04T23:31:37+00:00,Upload models.parquet with huggingface_hub
52abc3b8591e7c1a0d7085c0db1c5bf629c2f3e5,2024-09-04T23:31:36+00:00,Upload datasets.parquet with huggingface_hub
672504fa3b9f63a1a869c6a4115d783bbc114f75,2024-09-04T23:31:35+00:00,Upload spaces.parquet with huggingface_hub
ed340eb9ea95ab0bb0ffe04c26904618b4704079,2024-09-03T23:31:54+00:00,Upload models.parquet with huggingface_hub
bafe4e4f59074db0271acf8884308ba916ee109c,2024-09-03T23:31:53+00:00,Upload datasets.parquet with huggingface_hub
1f80291f5d236cad028b2b7d644b009a881d8d01,2024-09-03T23:31:51+00:00,Upload spaces.parquet with huggingface_hub
61771bcdab2478b64ffe2ffbe2b446be82538940,2024-09-02T23:31:57+00:00,Upload models.parquet with huggingface_hub
1914d58fb92213ef78983522171cdf47442b43a7,2024-09-02T23:31:56+00:00,Upload datasets.parquet with huggingface_hub
3bba76d0136e9cb2f8dbcbbfaa7e95e760e90d30,2024-09-02T23:31:54+00:00,Upload spaces.parquet with huggingface_hub
1e76a9c0235abc746b373f66bbfd25ebd120e383,2024-09-01T23:31:37+00:00,Upload models.parquet with huggingface_hub
521b3e110400fb68fb929e7efd3bd46fef721c3b,2024-09-01T23:31:36+00:00,Upload datasets.parquet with huggingface_hub
bd0b88c1b71c9a4037c80c2bd097de801a489670,2024-09-01T23:31:35+00:00,Upload spaces.parquet with huggingface_hub
bae6c5349c5f444dfab406b89ffd8ddc8a89da19,2024-08-31T23:31:50+00:00,Upload models.parquet with huggingface_hub
54015c9a94ad21becc41aebf541d13a5a2b38e43,2024-08-31T23:31:49+00:00,Upload datasets.parquet with huggingface_hub
5918d841923adaa180e569bb564eb7a72ff518f6,2024-08-31T23:31:48+00:00,Upload spaces.parquet with huggingface_hub
f8eff6a33e791d4a4e12728b35d9e944630332d1,2024-08-30T23:31:35+00:00,Upload models.parquet with huggingface_hub
4cfb1294b78ee2fb32f41cdd3f670f17d128ca8a,2024-08-30T23:31:34+00:00,Upload datasets.parquet with huggingface_hub
b69e212061de5269e0b6f28fd24758ba6d1a26b3,2024-08-30T23:31:33+00:00,Upload spaces.parquet with huggingface_hub
d27fb2dec5ebd70905f904bc3b23695f3551ce4c,2024-08-29T23:31:37+00:00,Upload models.parquet with huggingface_hub
53d894e907352e0cfd745c1f89224029083ea3a3,2024-08-29T23:31:36+00:00,Upload datasets.parquet with huggingface_hub
36129570c249d6a47cd4ac133f768adeb7ac7426,2024-08-29T23:31:35+00:00,Upload spaces.parquet with huggingface_hub
edca022952f7b8113f00c917efabe5151a07bd24,2024-08-28T23:31:54+00:00,Upload models.parquet with huggingface_hub
0ec01acf8e49f852b0d1a66108a087be3ca6b265,2024-08-28T23:31:52+00:00,Upload datasets.parquet with huggingface_hub
ca05071afb81c3b0baf55665fb99b94c211d6c56,2024-08-28T23:31:51+00:00,Upload spaces.parquet with huggingface_hub
87aebbee317803cb3822a750a8e5a16fc39ccb1c,2024-08-27T23:31:32+00:00,Upload models.parquet with huggingface_hub
3ceaf6ac5e6a9306bb260771240017f718449c3b,2024-08-27T23:31:29+00:00,Upload datasets.parquet with huggingface_hub
47a4447b4c3c8b057e3701468ea098ecb51cc87c,2024-08-27T23:31:28+00:00,Upload spaces.parquet with huggingface_hub
acfa3501039d96181469f4fb55e55dfd93782c9e,2024-08-26T23:31:40+00:00,Upload models.parquet with huggingface_hub
7ff352f87c9fa99162ad07aea6123d69670cb350,2024-08-26T23:31:39+00:00,Upload datasets.parquet with huggingface_hub
5ed1d1973a6616cb881d2920091c5c535f12c943,2024-08-26T23:31:38+00:00,Upload spaces.parquet with huggingface_hub
11d1911895c15681fc8e6109ee93f5db2e6bc009,2024-08-25T23:31:32+00:00,Upload models.parquet with huggingface_hub
3d503cb914c66d577784ea4d711a816ec69ff954,2024-08-25T23:31:31+00:00,Upload datasets.parquet with huggingface_hub
72dcf9e2d6952154382e7f9a6ed305a01862b864,2024-08-25T23:31:30+00:00,Upload spaces.parquet with huggingface_hub
ad5905e1f094901793e32d628a1c8b3a2dffcc69,2024-08-24T23:31:33+00:00,Upload models.parquet with huggingface_hub
60cd20595a0df44f44fa335589f94555bd9dd4ea,2024-08-24T23:31:32+00:00,Upload datasets.parquet with huggingface_hub
f3160a83e170513ff64e50faf5da32821a9af8ab,2024-08-24T23:31:31+00:00,Upload spaces.parquet with huggingface_hub
6a6adfc916f0e5c4e127dae7141042fcf17ab410,2024-08-23T23:31:39+00:00,Upload models.parquet with huggingface_hub
6fea92f586ede68f0842c9734d2093fc84161247,2024-08-23T23:31:38+00:00,Upload datasets.parquet with huggingface_hub
55f59ae8824b61e999a54353ec8b5d06de1d466b,2024-08-23T23:31:37+00:00,Upload spaces.parquet with huggingface_hub
755289135c4ef92b82867417020ae9ebe7904431,2024-08-22T23:31:36+00:00,Upload models.parquet with huggingface_hub
2e31e05bb2a41c7edd305dbc5d146311050671df,2024-08-22T23:31:35+00:00,Upload datasets.parquet with huggingface_hub
a678842c02a224d6c28bc5041cc4f1e5078c968e,2024-08-22T23:31:34+00:00,Upload spaces.parquet with huggingface_hub
f6fad46ddf4c28422f43c851fa454f809516f69f,2024-08-22T14:29:36+00:00,Upload models.parquet with huggingface_hub
87ae050f4ee2373e7e8a276b9e6d03a7f7ec8663,2024-08-22T14:29:34+00:00,Upload datasets.parquet with huggingface_hub
8e99e8da5fcf52f0a27fb7ece7ec325c544a5ecc,2024-08-22T14:29:33+00:00,Upload spaces.parquet with huggingface_hub
1f0dd290105c2a53dc2ed9f99084ca4eae692214,2024-08-21T23:31:42+00:00,Upload models.parquet with huggingface_hub
7853a7d3dadad92d8b7833ed36ec97b880141fba,2024-08-21T23:31:40+00:00,Upload datasets.parquet with huggingface_hub
ed190ddfe9f36e3b1a53d1cf2839a04889ca3ace,2024-08-21T23:31:39+00:00,Upload spaces.parquet with huggingface_hub
30b42d7fc51192fa379b7805b616278fc281f43a,2024-08-21T19:50:43+00:00,Upload models.parquet with huggingface_hub
fe204aa69910f2cfe20fc5b6eadb9446638e3d15,2024-08-21T19:50:42+00:00,Upload datasets.parquet with huggingface_hub
a281417c248e62dd6a7b3161d5653a45e97b07d6,2024-08-21T19:50:40+00:00,Upload spaces.parquet with huggingface_hub
d5e9e290656e58fb5745da9d52609ad28af706e9,2024-08-21T13:24:53+00:00,Upload models.parquet with huggingface_hub
0eb25587e9db676c238e3361db2c31d4ca399b8d,2024-08-21T13:24:51+00:00,Upload datasets.parquet with huggingface_hub
f90811c3668b9878f19c0ac5ea52cc61de867841,2024-08-21T13:24:50+00:00,Upload spaces.parquet with huggingface_hub
cc700828fbd8c331c73afeb7398bce9dcb360c53,2024-08-20T23:31:37+00:00,Upload models.parquet with huggingface_hub
e31c2e8eadeaf55a645a08d4cb41f4a778f0d28a,2024-08-20T23:31:36+00:00,Upload datasets.parquet with huggingface_hub
c4c8fc290e6425edfa2f10cb9fe35138e5debb54,2024-08-20T23:31:35+00:00,Upload spaces.parquet with huggingface_hub
55042ba7446d8e9719e3fe58add290c463fc2b0a,2024-08-20T13:37:57+00:00,Upload models.parquet with huggingface_hub
0911740f9d4261299b1d0eb6f16f3e23154e3775,2024-08-20T13:37:48+00:00,Upload datasets.parquet with huggingface_hub
e6f9c47c978d4013a104a0884f25df206ae3f3ca,2024-08-20T13:37:42+00:00,Upload spaces.parquet with huggingface_hub
8a8bfbb73d068e4dd049f26e26d9c8b0ecd36af3,2024-08-20T13:36:09+00:00,Upload models.parquet with huggingface_hub
d257762da9e1056e4f398bebeb9319ac98aa84d5,2024-08-20T13:36:01+00:00,Upload datasets.parquet with huggingface_hub
4d03f5735f310caf569224303b51189ca1ed53d8,2024-08-20T13:35:54+00:00,Upload spaces.parquet with huggingface_hub
1fe8c57aae49d7cdf1cce71ff816f1fa4e0b4ffa,2024-08-19T23:31:40+00:00,Upload models.parquet with huggingface_hub
7ab203c6bf11ab137d8455fa7db1152ad3ab5879,2024-08-19T23:31:39+00:00,Upload datasets.parquet with huggingface_hub
3ab21ecaa43f0a1e6019cfa68c74ae091e32fee3,2024-08-19T23:31:37+00:00,Upload spaces.parquet with huggingface_hub
87295c0eb18216f57494cd02f580a66b59df60f1,2024-08-19T18:32:19+00:00,Upload models.parquet with huggingface_hub
80d45015164559d426b6d36f95a8d27b2bccf512,2024-08-19T18:32:17+00:00,Upload datasets.parquet with huggingface_hub
0bee5cf36d954d1edcd54a7a12e1bd29fe9f74b9,2024-08-19T18:32:15+00:00,Upload spaces.parquet with huggingface_hub
fc987c25acc5b7d780de78bbd20b2a8fa4f92893,2024-08-19T15:50:33+00:00,Upload models.parquet with huggingface_hub
2f0c1f5bcebd684da451c5a09169175b9a71d602,2024-08-19T15:50:32+00:00,Upload datasets.parquet with huggingface_hub
129941ba960742cafd117abf342c53e969cb0826,2024-08-19T15:50:30+00:00,Upload spaces.parquet with huggingface_hub
7c163fe480f218c4505d840252293787e57373f8,2024-08-19T15:49:08+00:00,Upload models.parquet with huggingface_hub
e75dbb7253f689b7039d32d4e1ff866f302f956a,2024-08-19T15:49:07+00:00,Upload datasets.parquet with huggingface_hub
8abdd13fd0c145863007eb464c6306a8c459f2d4,2024-08-19T15:49:06+00:00,Upload spaces.parquet with huggingface_hub
5e953ddbbe4d175f826adc57f2baa65b95f3fedd,2024-08-19T15:47:47+00:00,Upload models.parquet with huggingface_hub
7c3cb30fdc1f3caa9fbc055335bb2005935247e7,2024-08-19T15:47:45+00:00,Upload datasets.parquet with huggingface_hub
5cd3b300632f8b0904c3c78a7e9fbc0aebef962c,2024-08-19T15:47:45+00:00,Upload spaces.parquet with huggingface_hub
fe82bf47d371b870045960b8d1d06710095e96cd,2024-08-19T15:46:27+00:00,Upload models.parquet with huggingface_hub
7ef251f8d00d4ea7a01afeeef41b84b4c55dd857,2024-08-19T15:46:26+00:00,Upload datasets.parquet with huggingface_hub
9395004befbe12494af24bb527b4668de5865353,2024-08-19T15:46:25+00:00,Upload spaces.parquet with huggingface_hub
0a4fb32c1b22a4aa9a7acd6a1d63012a8602c9e7,2024-08-19T15:44:56+00:00,Upload models.parquet with huggingface_hub
7c56384223839799e85b9300560de585d01dbde8,2024-08-19T15:44:55+00:00,Upload datasets.parquet with huggingface_hub
60f79d81c8f1cd6da6c55cad0d88397a4dbc80fa,2024-08-19T15:44:54+00:00,Upload spaces.parquet with huggingface_hub
b76a0bdf15b887f3824c4e055dca7e5d7ad3ca43,2024-08-19T15:43:36+00:00,Upload models.parquet with huggingface_hub
5025ccf3cb4eda966dd99fd230f95e2d7a94444d,2024-08-19T15:43:35+00:00,Upload datasets.parquet with huggingface_hub
3d75d240f52bba022b5f17b1e87891f93a10ac0e,2024-08-19T15:43:34+00:00,Upload spaces.parquet with huggingface_hub
e46becc46743c8ab1298e90fa14d646a52d179aa,2024-08-19T15:42:16+00:00,Upload models.parquet with huggingface_hub
b7f72abb9aef534394ef2db892438e782f79afb8,2024-08-19T15:42:14+00:00,Upload datasets.parquet with huggingface_hub
55d7fcd3cd6ee2d7e7d8a261006e9bb16a232bd7,2024-08-19T15:42:13+00:00,Upload spaces.parquet with huggingface_hub
2d56fbe78ec9a31a7dcd597f39656097c14eda88,2024-08-19T15:40:53+00:00,Upload models.parquet with huggingface_hub
f27cf2d29fcbec3bc9678f6e18e9264a9939896f,2024-08-19T15:40:52+00:00,Upload datasets.parquet with huggingface_hub
21ac898f27b41f7655ed495c6d5a44560e5c8e92,2024-08-19T15:40:51+00:00,Upload spaces.parquet with huggingface_hub
34f8785e44b2bb1c9012544901701e79272f7d25,2024-08-19T15:39:35+00:00,Upload models.parquet with huggingface_hub
919feb0abb3eff732b4c29e7b286eb3acd399b40,2024-08-19T15:39:34+00:00,Upload datasets.parquet with huggingface_hub
14dae158651855bab0c012d8afbc8454b022a2c0,2024-08-19T15:39:32+00:00,Upload spaces.parquet with huggingface_hub
2bf840fda54e2f1514ed0fb91d1839cb2f910394,2024-08-19T15:35:19+00:00,Delete spaces.csv
bfeb1b8a8a63d86b4339192d0c879a5391a52170,2024-08-19T15:35:14+00:00,Delete datasets.csv
c911cdfce890352ccdfcb015677108718c67f6e8,2024-08-19T15:35:09+00:00,Delete models.csv
25b733d32db22c0aa9acf4c6e416f2ea01228676,2024-08-19T15:35:02+00:00,Update README.md
bd14e48868228d5ec4dd6730edeb62c0d5161b7a,2024-08-19T15:34:37+00:00,Upload models.parquet with huggingface_hub
8891fcdf135343009d058fd4d30d9c78b36ed7ad,2024-08-19T15:34:34+00:00,Upload datasets.parquet with huggingface_hub
9a8efb8f6e10bc8888d13a25355ade310c4b3b3b,2024-08-19T15:34:33+00:00,Upload spaces.parquet with huggingface_hub
0fef98661d0ce3e522a646c6d053f2fcfc445a50,2024-08-19T15:33:07+00:00,Upload models.parquet with huggingface_hub
dac22d56bc67dab917661bf75d0b9a6b243a838b,2024-08-19T15:33:06+00:00,Upload datasets.parquet with huggingface_hub
45987a39428581cadd7fd2f291faeef98f65ceca,2024-08-19T15:33:05+00:00,Upload spaces.parquet with huggingface_hub
ba86d8d4c37202896febfd8ac523763f0afd1769,2024-08-19T15:10:21+00:00,Update README.md
0bf29146caba215a58fbe0d723928fb40508d43d,2024-08-19T15:08:24+00:00,Upload models.parquet with huggingface_hub
a29ccc7cea7b064600432dbe429ccb4c2a7d032c,2024-08-19T15:08:20+00:00,Upload datasets.parquet with huggingface_hub
885aee34b71b64356247fe12db2877a46b28e7d3,2024-08-19T15:08:18+00:00,Upload spaces.parquet with huggingface_hub
5749536cc97d726aa1e02ab7f5cd94874b025e23,2024-08-19T15:00:11+00:00,Upload models.parquet with huggingface_hub
160aa17579ee3c6a06f560cd78038dcee6dd038f,2024-08-19T15:00:08+00:00,Upload datasets.parquet with huggingface_hub
049fdde67169e2ce23e7713c4b06b79c10eb1552,2024-08-19T15:00:06+00:00,Upload spaces.parquet with huggingface_hub
72ae0520f88e9a808dfe833fc5afa41bf7edfe6f,2024-08-08T18:39:10+00:00,Update README.md
bc40a0336c28abc5989238f2b401facc431f6e27,2024-08-06T00:04:17+00:00,Upload datasets.parquet with huggingface_hub
3a8aba83271e3b3f9acc89428e6ec45537836968,2024-08-06T00:04:05+00:00,Upload spaces.parquet with huggingface_hub
5b3d8d8b8c7a9119e68a9277bc1ac75e0184cd11,2024-08-03T15:55:30+00:00,Upload datasets.parquet with huggingface_hub
390af13e9c8deb99b7f826d1780a1bc89d3c5f83,2024-08-03T15:55:28+00:00,Upload models.parquet with huggingface_hub
6f247e44262ac49f5c2246fcf5a280513f41281f,2024-08-03T15:55:25+00:00,Upload spaces.parquet with huggingface_hub
5a83fb8d8e3425bceb2fb16fe3ec79cf6317a46e,2024-08-03T15:52:15+00:00,Upload datasets.parquet with huggingface_hub
2d405bc1aabad810c9a8cbdc2f4d3c4ca39bd3ba,2024-08-03T15:52:13+00:00,Upload models.parquet with huggingface_hub
04192e7c17a051eb150d0fff2789a62293d8b8c8,2024-08-03T15:52:10+00:00,Upload spaces.parquet with huggingface_hub
93c6e48d71cddf963704845798a735fd079785a7,2024-08-03T15:49:00+00:00,Upload datasets.parquet with huggingface_hub
bb86a9d2f75756a597803e0cf943f1b551078101,2024-08-03T15:48:59+00:00,Upload models.parquet with huggingface_hub
dd5db26950556218159e3d50f9306bb0252351e6,2024-08-03T15:48:55+00:00,Upload spaces.parquet with huggingface_hub
438f43d0aa2e873825e862d17f156a3430d32dd9,2024-08-03T15:45:14+00:00,Upload datasets.parquet with huggingface_hub
dc9d34e6a896156a74482867782890cec0c15aff,2024-08-03T15:45:11+00:00,Upload models.parquet with huggingface_hub
53bd1f927d1d079e99248548f68660f43a5f0a98,2024-08-03T15:45:08+00:00,Upload spaces.parquet with huggingface_hub
bd7e389b30ffd7479272286bf75903665772a2d5,2024-08-03T15:41:45+00:00,Upload datasets.parquet with huggingface_hub
4413aa0fb4df044496b3fecaee8b8cdd27142c41,2024-08-03T15:41:43+00:00,Upload models.parquet with huggingface_hub
de635a848fab41bd008c63056dc81648caa58f69,2024-08-03T15:41:40+00:00,Upload spaces.parquet with huggingface_hub
8511d87a72d54d7f0491f2b2cce96d6d5d6d1d3a,2024-08-03T15:38:32+00:00,Upload datasets.parquet with huggingface_hub
6ae5ddf2494d7439f7ec1a62caee41062ae14880,2024-08-03T15:38:30+00:00,Upload models.parquet with huggingface_hub
28f4441472c790bea9f879d691f1b656a03141a3,2024-08-03T15:38:27+00:00,Upload spaces.parquet with huggingface_hub
a771896b098c3cfd9521f2ea9fb225e83d2918f5,2024-08-03T15:35:18+00:00,Upload datasets.parquet with huggingface_hub
64bd7fca5524ccfc940e0c2d78413ca1bae8e5d7,2024-08-03T15:35:16+00:00,Upload models.parquet with huggingface_hub
da475c9a61bfaf48fecb6566f07d00969e807b4f,2024-08-03T15:35:13+00:00,Upload spaces.parquet with huggingface_hub
562cfbec1102c9dc891b873bbf7d70e5700a6201,2024-08-03T15:31:57+00:00,Upload datasets.parquet with huggingface_hub
95fd83250eb005df8f99eeab9fd70d638a0f0d7b,2024-08-03T15:31:55+00:00,Upload models.parquet with huggingface_hub
73bd720e53bcda5d2337388a7599f18232453b00,2024-08-03T15:31:52+00:00,Upload spaces.parquet with huggingface_hub
ab87b2c022fcee92b70ea7a5f4bb7af08eefc22b,2024-08-03T15:28:20+00:00,Upload datasets.parquet with huggingface_hub
bfeb74380bcbff40bf9f719ab4918da02655f5b2,2024-08-03T15:28:19+00:00,Upload models.parquet with huggingface_hub
13c6253fad6349ef697370691ec823fa83ebc316,2024-08-03T15:28:16+00:00,Upload spaces.parquet with huggingface_hub
dc2e67dc1e6494ef40110225bd6468108620f809,2024-08-03T15:25:08+00:00,Upload datasets.parquet with huggingface_hub
aac390fa648a883e16c4d4fd6e222b5f2d386714,2024-08-03T15:25:06+00:00,Upload models.parquet with huggingface_hub
57f7bee56b4b6fdb91bd480f04413aaa9f12192a,2024-08-03T15:25:03+00:00,Upload spaces.parquet with huggingface_hub
3f7bc40692519a6969b1d4245b9461bd0661acfd,2024-08-02T16:43:28+00:00,Upload datasets.parquet with huggingface_hub
dd065fce952909a7b8cfce1314b0c3c9d3b0002e,2024-08-02T16:43:26+00:00,Upload models.parquet with huggingface_hub
7e04cc2388dac815eb3ede9826f400918e685351,2024-08-02T16:43:21+00:00,Upload spaces.parquet with huggingface_hub
a96ef8bca11a9da22e30460a0914747b3a03fad0,2024-08-02T16:37:25+00:00,Upload datasets.parquet with huggingface_hub
1904f0b0908d261210819ddd97218f8c9f2189a4,2024-08-02T16:37:23+00:00,Upload models.parquet with huggingface_hub
00d10dc39a14379dbc4ac9080990613dc1155323,2024-08-02T16:37:19+00:00,Upload spaces.parquet with huggingface_hub
bb9085b5c8b31d290219b4e66a68ee41e6449b0b,2024-08-01T15:49:05+00:00,Upload datasets.parquet with huggingface_hub
fd96716a706a7425d60e56f911d9eec01408c2bb,2024-08-01T15:49:02+00:00,Upload models.parquet with huggingface_hub
e9f2d4c6edd4d218aac49642b636b41165c30165,2024-08-01T15:48:56+00:00,Upload spaces.parquet with huggingface_hub
fdcfa924d95d4c796d449f6d4896d70a0b07e8d4,2024-07-31T19:43:46+00:00,Upload datasets.parquet with huggingface_hub
9e901a1188508f9423de060baf748e888a9f3320,2024-07-31T19:43:44+00:00,Upload models.parquet with huggingface_hub
9066481304ab7c84186a19d9bcc590af6185545a,2024-07-31T19:43:41+00:00,Upload spaces.parquet with huggingface_hub
cc689695b06244dd595ce0e025201f79a0bf87f9,2024-07-31T19:31:26+00:00,Upload datasets.parquet with huggingface_hub
b9dbee0585db47cf6811b11e6872eed7dee120db,2024-07-31T19:31:24+00:00,Upload models.parquet with huggingface_hub
7ec9114a34e72443e9541654b924e8279eb4b4fd,2024-07-31T19:31:19+00:00,Upload spaces.parquet with huggingface_hub
56bf07fa74dd49e7c6436f5ac8ba288bc36aae9d,2024-07-31T19:28:05+00:00,Upload datasets.parquet with huggingface_hub
de6df440b0a77ef09fdd51862fd521d94a39eaf2,2024-07-31T19:28:03+00:00,Upload models.parquet with huggingface_hub
450b6e8f7562e1addad91550e98e89167417c823,2024-07-31T19:27:54+00:00,Upload spaces.parquet with huggingface_hub
9b2547fb2eef96013d6d7206c6f5dfc15c0b5dc3,2024-07-31T02:47:22+00:00,Upload datasets.parquet with huggingface_hub
246443111c4a629871c9c86d9af631d8be8aea18,2024-07-31T02:47:20+00:00,Upload models.parquet with huggingface_hub
1f649a5f8164cd441c81468a16c0a0283c0bf60d,2024-07-31T02:47:16+00:00,Upload spaces.parquet with huggingface_hub
6b1ee59783eed899addc2ca0452252ce1fafe4c7,2024-07-31T02:35:14+00:00,Upload datasets.parquet with huggingface_hub
2e8c4f5580bfddfe24458daf8d27e75929e115ee,2024-07-31T02:35:13+00:00,Upload models.parquet with huggingface_hub
da6eb41ddec15e1119014ae059dec3f331274059,2024-07-31T02:35:09+00:00,Upload spaces.parquet with huggingface_hub
f17012cd34d848018a218630a4513c64e087d89d,2024-07-31T02:33:14+00:00,Upload datasets.parquet with huggingface_hub
73d42e023157e777819683e8b0f9d9770515c037,2024-07-31T02:33:12+00:00,Upload models.parquet with huggingface_hub
b9c5bdddf699c109e34f56275bb2bec41bc2b617,2024-07-31T02:33:08+00:00,Upload spaces.parquet with huggingface_hub
d123342fe1a28b8d74bdf1dd8b15e2109f4d0d30,2024-07-31T02:31:23+00:00,Upload datasets.parquet with huggingface_hub
0b473805d26c2d539ec25f12aa1bcd4e22ac3be1,2024-07-31T02:31:21+00:00,Upload models.parquet with huggingface_hub
76f9a6add607e5bd7d05373a611560a227e6741b,2024-07-31T02:31:19+00:00,Upload spaces.parquet with huggingface_hub
65fa62ea54ab8f5d6c97ed31b7a788b132544971,2024-07-31T02:29:30+00:00,Upload datasets.parquet with huggingface_hub
3e5a9073a2048f714d8826faa379087f29e8836d,2024-07-31T02:29:28+00:00,Upload models.parquet with huggingface_hub
2c75d15d23423f5f77e369658318ec115e1c85d6,2024-07-31T02:29:24+00:00,Upload spaces.parquet with huggingface_hub
d1ea590172c1f26ac3cf025c0636e80c0a8bb010,2024-07-31T02:27:14+00:00,Upload datasets.parquet with huggingface_hub
d3a093692ee40bd0a01fb5ace0b9fc2ff84e390a,2024-07-31T02:27:12+00:00,Upload models.parquet with huggingface_hub
8864d9dad31e140be083e050aa8387e6fafca2af,2024-07-31T02:27:09+00:00,Upload spaces.parquet with huggingface_hub
e056e4a60b12a29d3fd13c4623017ce6e9442cc9,2024-07-31T02:21:05+00:00,Upload datasets.parquet with huggingface_hub
90f9bcc1c76a61952a2f4135fa058a72ba7b98ae,2024-07-31T02:21:04+00:00,Upload models.parquet with huggingface_hub
38d3cc43ac618597e5f43cdfa356eea642ed36ba,2024-07-31T02:21:00+00:00,Upload spaces.parquet with huggingface_hub
bf8a0e3a14dcdba292009eabf3faf35e7ca377c5,2024-07-30T15:25:32+00:00,Upload datasets.csv with huggingface_hub
cab0e9c4c03f391dcf69b7bd898e8d539b3793b1,2024-07-30T15:25:27+00:00,Upload models.csv with huggingface_hub
e541f194d5801b321ccdb19d9844dfeff86e7991,2024-07-30T15:25:16+00:00,Upload spaces.csv with huggingface_hub
6e30e37b596942e2888ce0f9eb29ca9f6abcc1d3,2024-07-30T15:21:38+00:00,Upload datasets.csv with huggingface_hub
6d45630b734570077ac3052534145258204a7ae4,2024-07-30T15:21:32+00:00,Upload models.csv with huggingface_hub
1c68103dfa5a1f48ec5fe8034157c53677641ce5,2024-07-30T15:21:25+00:00,Upload spaces.csv with huggingface_hub
94ca6932cb48441cdc463bb4b9afd79d6b7b35ff,2024-07-30T15:17:45+00:00,Upload datasets.csv with huggingface_hub
2c2e788e6e04ff7f72715259a4c06a2130a5eaf8,2024-07-30T15:17:41+00:00,Upload models.csv with huggingface_hub
98c665fb78ecfc7decc29ad296af0d9205c20f2c,2024-07-30T15:17:31+00:00,Upload spaces.csv with huggingface_hub
bb26eac3d81d9f8968fc0a5bcea1ee8add7f7f34,2024-07-30T15:13:45+00:00,Upload datasets.csv with huggingface_hub
7022903624439a1b1462527aa54f144e6f9a0792,2024-07-30T15:13:40+00:00,Upload models.csv with huggingface_hub
ee906efd41ba9ef3e3ddc5df77a82e541438daa3,2024-07-30T15:13:32+00:00,Upload spaces.csv with huggingface_hub
8c0c27aa630194145a2955cb4e395742bfaa4400,2024-07-30T15:09:48+00:00,Upload datasets.csv with huggingface_hub
26f9f8e6c9936a8231320290a40f123976515a1b,2024-07-30T15:09:44+00:00,Upload models.csv with huggingface_hub
f487a48e6cf09775f5fbd821ff1ae5406df1433c,2024-07-30T15:09:35+00:00,Upload spaces.csv with huggingface_hub
fa36280ce28ec82b39a799f64786bf44382d7eb3,2024-07-30T15:05:58+00:00,Upload datasets.csv with huggingface_hub
78277f584e0d87e40b6b0ce92f944073084439f4,2024-07-30T15:05:54+00:00,Upload models.csv with huggingface_hub
ac8eda6df30fff495e092677458702f9bcfbda1e,2024-07-30T15:05:45+00:00,Upload spaces.csv with huggingface_hub
eb08fbfcb5b804f7c7dad2b5706be7eec380f13e,2024-07-30T15:01:53+00:00,Upload datasets.csv with huggingface_hub
050ff4a137fe98cae3caacdb0274ead6df6bef15,2024-07-30T15:01:48+00:00,Upload models.csv with huggingface_hub
8d8a12eee6f27c1bfdb8394fd277ac1f063fc124,2024-07-30T15:01:40+00:00,Upload spaces.csv with huggingface_hub
e0bb9495dc99691c56ce2833471193ab8110b565,2024-07-30T14:57:48+00:00,Upload datasets.csv with huggingface_hub
e80aca858bc62c34d979bc6bdc8403d36a4b2c5b,2024-07-30T14:57:45+00:00,Upload models.csv with huggingface_hub
b799228a010daec7161a830e9eee29f9ac1b4c91,2024-07-30T14:57:36+00:00,Upload spaces.csv with huggingface_hub
939a75feba0b76c84ebdab5fae6d09d82ca9ccc3,2024-07-30T14:53:46+00:00,Upload datasets.csv with huggingface_hub
1222640a719b2f2893964f30530ef9f98e307c79,2024-07-30T14:53:41+00:00,Upload models.csv with huggingface_hub
6f6bd4443244977cd87b7d0c0d8c72cb664d9f92,2024-07-30T14:53:33+00:00,Upload spaces.csv with huggingface_hub
f35fd94421b4a949b5db6f8fec301d7fd98000aa,2024-07-30T14:49:50+00:00,Upload datasets.csv with huggingface_hub
d792d5521960340db90daeb92f53c1efc01afd24,2024-07-30T14:49:46+00:00,Upload models.csv with huggingface_hub
554d499d6e2a8c9e80acbaa4dfd4bb1a6483e5f1,2024-07-30T14:49:35+00:00,Upload spaces.csv with huggingface_hub
e245cf3e0d50fb4d49b32cd2e0c321583692c2b5,2024-07-30T14:45:59+00:00,Upload datasets.csv with huggingface_hub
25f2113f19f2e16ad4c73edc6515ab77d8c3515a,2024-07-30T14:45:54+00:00,Upload models.csv with huggingface_hub
d55ec2352524de9e5393286fc5d958e6b8bb7f14,2024-07-30T14:45:46+00:00,Upload spaces.csv with huggingface_hub
faceb052b83d3100d7f64ab98c52974b8805afe8,2024-07-30T14:41:59+00:00,Upload datasets.csv with huggingface_hub
352021800ebf6859910ab0dc638c2159f97753db,2024-07-30T14:41:54+00:00,Upload models.csv with huggingface_hub
3e0a37ccd41c62a42bf4da22f85a790a85a22b22,2024-07-30T14:41:44+00:00,Upload spaces.csv with huggingface_hub
c03db58499d96ea076152d85e14a6a60373428a3,2024-07-30T14:37:59+00:00,Upload datasets.csv with huggingface_hub
05666f8af4e700cf6401da6be98825176421106a,2024-07-30T14:37:55+00:00,Upload models.csv with huggingface_hub
0a117e00912fc1ae9b8dee4248f0c0f2e0fafdfa,2024-07-30T14:37:47+00:00,Upload spaces.csv with huggingface_hub
50aecd00551ac14c551aaad6ba8176c5f4d5fedb,2024-07-30T14:33:56+00:00,Upload datasets.csv with huggingface_hub
123e78c05372de4043fccca7baa64fceea9fbb14,2024-07-30T14:33:52+00:00,Upload models.csv with huggingface_hub
18250296f41a03a06dcaee21b4d7f381ad0ed8ea,2024-07-30T14:33:43+00:00,Upload spaces.csv with huggingface_hub
3bfe9bbd0d1c88fea87ca04eb2fac3fa50c92e24,2024-07-30T14:29:52+00:00,Upload datasets.csv with huggingface_hub
2c99e146e0ed2c474e6dbd5b0a0f85168e445ea7,2024-07-30T14:29:47+00:00,Upload models.csv with huggingface_hub
fa2a0d0b3c8f4d2cad4824f69382fa320be3c7b1,2024-07-30T14:29:35+00:00,Upload spaces.csv with huggingface_hub
41a45cbf46092a81bb677d3d07e6114081707b00,2024-07-30T14:25:54+00:00,Upload datasets.csv with huggingface_hub
e233238a4ec615df4c8f7c020021b70e206a64da,2024-07-30T14:25:51+00:00,Upload models.csv with huggingface_hub
83cf4c66e746abdbccbce1494311bdc538d2690e,2024-07-30T14:25:41+00:00,Upload spaces.csv with huggingface_hub
c7a726b259594b3c10bf107f7279e9955e0dbefb,2024-07-30T14:21:57+00:00,Upload datasets.csv with huggingface_hub
46b0ce9680649100c6b405ccd1a79b6f0fe1d4bc,2024-07-30T14:21:53+00:00,Upload models.csv with huggingface_hub
1d383bad8c598d881de9244a1b74b69d0d6288cd,2024-07-30T14:21:44+00:00,Upload spaces.csv with huggingface_hub
d98a00cc6e3b47795d04b7b0f013b39e164da13a,2024-07-30T14:17:51+00:00,Upload datasets.csv with huggingface_hub
784b3b31b65943fc76c4572277ae0eb98d896d14,2024-07-30T14:17:46+00:00,Upload models.csv with huggingface_hub
7e14629778b90969a78498ce7b7ace1bcd10ac8c,2024-07-30T14:17:36+00:00,Upload spaces.csv with huggingface_hub
29154402a8f34dd19a8f632e4a0405ca3171d43e,2024-07-30T14:13:45+00:00,Upload datasets.csv with huggingface_hub
7595360313c5aedbb1e680325549f2340830492b,2024-07-30T14:13:41+00:00,Upload models.csv with huggingface_hub
0f7798a6cbe9b01c5a29a09d64e0945143b69846,2024-07-30T14:13:31+00:00,Upload spaces.csv with huggingface_hub
7936645ccac8314bfe10b407566085d99cdcbb5e,2024-07-30T14:09:41+00:00,Upload datasets.csv with huggingface_hub
f830dbb86a14415042dd8f385959d446636ebb20,2024-07-30T14:09:37+00:00,Upload models.csv with huggingface_hub
8bd73ce3b28322d5491074077230c22e25ba0377,2024-07-30T14:09:28+00:00,Upload spaces.csv with huggingface_hub
2ef678f8ce658e83aebc861fcb9547342337e80b,2024-07-30T14:05:44+00:00,Upload datasets.csv with huggingface_hub
a5c56c6aee3ee93ac7ef80600e53e2b1d86a54c4,2024-07-30T14:05:40+00:00,Upload models.csv with huggingface_hub
f352306e90c4cd25737aec91f0dca85c6bba9d57,2024-07-30T14:05:30+00:00,Upload spaces.csv with huggingface_hub
dfab8170bb074c8fefa93fe31809a8212dd259ea,2024-07-30T14:01:32+00:00,Upload datasets.csv with huggingface_hub
a45e7647a75867e82bcf3cc40f1aad4a304429a7,2024-07-30T14:01:28+00:00,Upload models.csv with huggingface_hub
4213adfc357ff66cea8f00a63244984cba5a5ea7,2024-07-30T14:01:20+00:00,Upload spaces.csv with huggingface_hub
89e40c0726aedba374b0e83309637df7d02fbf46,2024-07-30T13:57:33+00:00,Upload datasets.csv with huggingface_hub
40ebb59d485063c9c6622905e362777a01430720,2024-07-30T13:57:29+00:00,Upload models.csv with huggingface_hub
ad6d68f4406fcaf51cd0a5b45e6c275a58dede16,2024-07-30T13:57:20+00:00,Upload spaces.csv with huggingface_hub
2123763fa722b978dc853098d89505904ddd91cb,2024-07-30T13:53:40+00:00,Upload datasets.csv with huggingface_hub
d5a48b6c582f1936f8ab161f02b753e8bfc1cdd4,2024-07-30T13:53:36+00:00,Upload models.csv with huggingface_hub
4a611ae775236ae722e79e091226bf2e9d3dea5d,2024-07-30T13:53:29+00:00,Upload spaces.csv with huggingface_hub
6431880424dafa9e9256c90781cd25e51c712d65,2024-07-30T13:49:49+00:00,Upload datasets.csv with huggingface_hub
e22c47afcc3f35b96d2dd21d844aa2db682a11de,2024-07-30T13:49:45+00:00,Upload models.csv with huggingface_hub
4948f0c0a862f2e870cca1879f9b7dc441ef232d,2024-07-30T13:49:35+00:00,Upload spaces.csv with huggingface_hub
ada2535d73ca07e987c4e3fbcd66a4bcd217011b,2024-07-30T13:46:04+00:00,Upload datasets.csv with huggingface_hub
81c0b93d6b2dc47fc43e0284be4fd0b1073765eb,2024-07-30T13:45:58+00:00,Upload models.csv with huggingface_hub
24c1c6eca33887aa0de9d710ae6abb4f0db21731,2024-07-30T13:45:50+00:00,Upload spaces.csv with huggingface_hub
8eb9d3bd6e6460eff339f5b02762e9a30389f391,2024-07-30T13:42:13+00:00,Upload datasets.csv with huggingface_hub
c0a7db7bc31e2b9a64b53dd32f4c8bd827f0166e,2024-07-30T13:42:09+00:00,Upload models.csv with huggingface_hub
c063425d5b1c1a034892836731d5029eef99812d,2024-07-30T13:41:56+00:00,Upload spaces.csv with huggingface_hub
9c9e1514fd12ba6474bf0c1764bfee2dcf5e9980,2024-07-30T13:38:19+00:00,Upload datasets.csv with huggingface_hub
72b5b6c7faceb832e919848d20713b5bafaccb48,2024-07-30T13:38:15+00:00,Upload models.csv with huggingface_hub
91d80b1e5132df7974364476e748dbd2f9be43e1,2024-07-30T13:38:04+00:00,Upload spaces.csv with huggingface_hub
2c41dbff3f3a1d39ef0b7228c7a3daa575b21013,2024-07-30T13:34:19+00:00,Upload datasets.csv with huggingface_hub
c374d05e92e3d09b70868319eed8e66df182a4a3,2024-07-30T13:34:15+00:00,Upload models.csv with huggingface_hub
5828d16c9e9ad5e29cd8dbb9e7f3f2fca4d9e332,2024-07-30T13:34:04+00:00,Upload spaces.csv with huggingface_hub
a6180f7b49c470f068e8b95ccde5fb6f6661dced,2024-07-30T13:30:24+00:00,Upload datasets.csv with huggingface_hub
aaacd3f2345df5ec851bbe5870666c37481e600d,2024-07-30T13:30:20+00:00,Upload models.csv with huggingface_hub
1293d44516e3fb2183150e5e5d454725bd817bf9,2024-07-30T13:29:58+00:00,Upload spaces.csv with huggingface_hub
966e5561e413a6678a0d4162af0fe269b32316ad,2024-07-30T13:26:23+00:00,Upload datasets.csv with huggingface_hub
63f2d09dcbc2513fa3ad7289c5a68a6894ef23cd,2024-07-30T13:26:20+00:00,Upload models.csv with huggingface_hub
e73aed6438f2235f53d23ed28d3355ddf6d6c592,2024-07-30T13:26:12+00:00,Upload spaces.csv with huggingface_hub
43915f86bbb08f43222fd07167cfe1ffd9a601c4,2024-07-30T13:22:32+00:00,Upload datasets.csv with huggingface_hub
ab8d1ee6719103fa9d4eead0de89c8b2a95ba864,2024-07-30T13:22:25+00:00,Upload models.csv with huggingface_hub
005947a748f8643ae07c07e0c3fa34e5e45a435b,2024-07-30T13:22:14+00:00,Upload spaces.csv with huggingface_hub
3e8b30e452f74815ec01850389baba27d00de8d3,2024-07-30T13:18:32+00:00,Upload datasets.csv with huggingface_hub
3d8baa1a35f8ce78fa8e02488ddeb5cd3141861f,2024-07-30T13:18:28+00:00,Upload models.csv with huggingface_hub
d194835368f7e660c12b87be11b2bcd31b94b0b8,2024-07-30T13:18:17+00:00,Upload spaces.csv with huggingface_hub
7e18ca8f99e46ad8ea1fe3cf01edf16344143962,2024-07-30T13:14:35+00:00,Upload datasets.csv with huggingface_hub
9a5b2a0d4ff2785b32bc74fe36b3ef31f0bce71c,2024-07-30T13:14:31+00:00,Upload models.csv with huggingface_hub
6a7349dcae2dbf7466cb1cbfa3c88c0859b40151,2024-07-30T13:14:23+00:00,Upload spaces.csv with huggingface_hub
dee4639d79654281327a387263db59b179b47b7c,2024-07-30T13:10:45+00:00,Upload datasets.csv with huggingface_hub
2915c085c4baa723cf34edaa837e7b15d1c4796d,2024-07-30T13:10:41+00:00,Upload models.csv with huggingface_hub
de73c1d1efb8cbc6145ecd34bea6b7688bc8edda,2024-07-30T13:10:30+00:00,Upload spaces.csv with huggingface_hub
c47376c6cc45d9d47db4584704fd34114bbb6ea2,2024-07-30T13:06:42+00:00,Upload datasets.csv with huggingface_hub
eba9743c52eac338e0a59e4141cfa46e9e8f6a87,2024-07-30T13:06:36+00:00,Upload models.csv with huggingface_hub
38edc868746f0cdf6d11bb7d81aa4acdcc858b7c,2024-07-30T13:06:27+00:00,Upload spaces.csv with huggingface_hub
e0c9b2f7b62953a0f50ff580ac3fb2876c252bb8,2024-07-30T13:02:31+00:00,Upload datasets.csv with huggingface_hub
54235c6a8a30c5335b73033d76688bf27460a241,2024-07-30T13:02:27+00:00,Upload models.csv with huggingface_hub
5cb4cedfe5d0e312d66fe03e997971d155c7878c,2024-07-30T13:02:18+00:00,Upload spaces.csv with huggingface_hub
3ad14d2f79fce388d4a62308906c0d3e36fc7cec,2024-07-30T12:58:25+00:00,Upload datasets.csv with huggingface_hub
9cbe51218d0ae458dfb212d2e484c9e96d52b8d3,2024-07-30T12:58:20+00:00,Upload models.csv with huggingface_hub
500b08505e97a27845b9ed3ada2b5cbe7ce7dd48,2024-07-30T12:58:12+00:00,Upload spaces.csv with huggingface_hub
0297ca673a4a62c5cc5fc247a3ada30509bb026e,2024-07-30T12:54:35+00:00,Upload datasets.csv with huggingface_hub
e383f850d40d6d547a1292dd6d365a65e5e1e541,2024-07-30T12:54:31+00:00,Upload models.csv with huggingface_hub
ba3a25cf9a66167eb559a482d7afc8d7b916cde0,2024-07-30T12:54:23+00:00,Upload spaces.csv with huggingface_hub
dcacd671179c98a504f9965a4ba98db6f2e9ca68,2024-07-30T12:50:49+00:00,Upload datasets.csv with huggingface_hub
338dc86c0ecc30f4ebd2fdcc44a6b803ca7896f7,2024-07-30T12:50:44+00:00,Upload models.csv with huggingface_hub
62d00aa5f801243d383da8e0b547e7711a4e3faa,2024-07-30T12:50:35+00:00,Upload spaces.csv with huggingface_hub
f21ff04c1a9cfa92d41993a42d8b03ca97d45cf2,2024-07-30T12:46:56+00:00,Upload datasets.csv with huggingface_hub
120c2b57754a78a8a2ef0e23d1e7de91b243d37b,2024-07-30T12:46:52+00:00,Upload models.csv with huggingface_hub
456eb040f652fecc6398bfb25719fb50fc46ad65,2024-07-30T12:46:43+00:00,Upload spaces.csv with huggingface_hub
4d63c6010c2b2bdd3f5b66c94eabf362be1ffae6,2024-07-30T12:43:06+00:00,Upload datasets.csv with huggingface_hub
190743c268190af37d372f9e1ef67eb5939a9e15,2024-07-30T12:43:02+00:00,Upload models.csv with huggingface_hub
f229847460e4ff88a7d98c4f0955fd0ac7ff5ff5,2024-07-30T12:42:52+00:00,Upload spaces.csv with huggingface_hub
09a7cbf8215067fc66e3e0999de42883b9afa4b3,2024-07-30T12:39:15+00:00,Upload datasets.csv with huggingface_hub
1a2c5caa5bfb1a1413e1b677c8e94c61f98fd67e,2024-07-30T12:39:11+00:00,Upload models.csv with huggingface_hub
c7382a47de0b8e8d035556a1da3cd2b96d09069f,2024-07-30T12:38:57+00:00,Upload spaces.csv with huggingface_hub
6c1fdba71df483e1308d48c84189e499c696a2fe,2024-07-30T12:35:24+00:00,Upload datasets.csv with huggingface_hub
af5fdfea088d3faed9443650cac10306bf2d0ba2,2024-07-30T12:35:21+00:00,Upload models.csv with huggingface_hub
036f0c6372e6adf32967b05652ad6962cf0dd6f4,2024-07-30T12:35:12+00:00,Upload spaces.csv with huggingface_hub
fff4f9969ee0b313f12799b71c4ed81e74948ac2,2024-07-30T12:31:24+00:00,Upload datasets.csv with huggingface_hub
ec06cd7c7095a374431c86a37440de47b4b01aca,2024-07-30T12:31:17+00:00,Upload models.csv with huggingface_hub
1fe5ba46b3cd74f11c8fc758139a5f9859762960,2024-07-30T12:30:54+00:00,Upload spaces.csv with huggingface_hub
47c46dcfc57163ca44c08d23b9de5ad5084f1eee,2024-07-30T12:23:22+00:00,Upload datasets.csv with huggingface_hub
94ee89841f40c829c1bd806b7e2af7e177423419,2024-07-30T12:23:19+00:00,Upload models.csv with huggingface_hub
e23cf79cda64f28f213d2a37dec6bb3849422be6,2024-07-30T12:23:09+00:00,Upload spaces.csv with huggingface_hub
5902be883351ffe3ca15cbd443def5001df6a558,2024-07-30T12:19:29+00:00,Upload datasets.csv with huggingface_hub
e965441342649816b1b91507330c4c55ca5e03f2,2024-07-30T12:19:26+00:00,Upload models.csv with huggingface_hub
37d06f37c3a3c2d80601ad2896e9c59f71209467,2024-07-30T12:19:18+00:00,Upload spaces.csv with huggingface_hub
e8dc0f1917ad481e693b5c374d6f8eb77a86ff8e,2024-07-30T12:15:37+00:00,Upload datasets.csv with huggingface_hub
3730b7d8d19f5f578ae0362711c6db6467389cfc,2024-07-30T12:15:32+00:00,Upload models.csv with huggingface_hub
3870a31681e158a8e010d961db4dbdb177b33b62,2024-07-30T12:15:25+00:00,Upload spaces.csv with huggingface_hub
674ca31db884b9de64744aaeb4ff2a25b6b92be7,2024-07-30T12:11:49+00:00,Upload datasets.csv with huggingface_hub
6287de805119bd136fbd5fc31defa53be7003f00,2024-07-30T12:11:43+00:00,Upload models.csv with huggingface_hub
c7911a93af08454ecd6ab01851b3ec774a83fd1e,2024-07-30T12:11:35+00:00,Upload spaces.csv with huggingface_hub
20a3f344ce93c0c71305a592eb297fa104665b2f,2024-07-30T12:07:52+00:00,Upload datasets.csv with huggingface_hub
01d51e4c5a57c5d13418d480df59d86ce9944d15,2024-07-30T12:07:45+00:00,Upload models.csv with huggingface_hub
a63228b879322dbe958dc05a12b8392c8ed1fe6b,2024-07-30T12:07:26+00:00,Upload spaces.csv with huggingface_hub
d81e556c14b867c02dfa7e7e5a9c098a21c9eb6d,2024-07-30T11:59:40+00:00,Upload datasets.csv with huggingface_hub
12d35961b42a1ef0179af25c5c8d2d8f75edd9c4,2024-07-30T11:59:37+00:00,Upload models.csv with huggingface_hub
81a417cd5a9cd9eb4767672e46d7e868e1d4d4d6,2024-07-30T11:59:28+00:00,Upload spaces.csv with huggingface_hub
3b83d72558335ac165802e4d016417a0d73b3f45,2024-07-30T11:55:51+00:00,Upload datasets.csv with huggingface_hub
0a74301c36866c2af53d826e07f93a4401cb63c6,2024-07-30T11:55:48+00:00,Upload models.csv with huggingface_hub
ccbe777facb68ad4642080e11c5ae5c195abf50f,2024-07-30T11:55:40+00:00,Upload spaces.csv with huggingface_hub
2e16a626f3676583ad9086421c821c07a0f0f193,2024-07-30T11:52:06+00:00,Upload datasets.csv with huggingface_hub
ad0d2b127b5970daa12fe83f1e544d20ec8bbfa4,2024-07-30T11:51:59+00:00,Upload models.csv with huggingface_hub
d11556b754a4d4c416bbc9549ff683a5cf9247d3,2024-07-30T11:51:51+00:00,Upload spaces.csv with huggingface_hub
555b8e56f37b532031350d8f830dee848e8a8eab,2024-07-30T11:48:18+00:00,Upload datasets.csv with huggingface_hub
9b59816324c954af14a02243105e7340dc0b1dda,2024-07-30T11:48:15+00:00,Upload models.csv with huggingface_hub
99bbfaed5ceafa027280952305203f82b50f82b1,2024-07-30T11:48:01+00:00,Upload spaces.csv with huggingface_hub
cd015308eecb86ef7507d43ee8096248cff97382,2024-07-30T11:44:32+00:00,Upload datasets.csv with huggingface_hub
5f804c6fb76782b8acbc5cdd6cb12208aff03c1d,2024-07-30T11:44:29+00:00,Upload models.csv with huggingface_hub
1228d2cf55b5de83aa31ebbbfa7e87adcebd6f2c,2024-07-30T11:44:20+00:00,Upload spaces.csv with huggingface_hub
fc82cc24f15231a181b7a9d63782ebc4c590879f,2024-07-30T11:40:50+00:00,Upload datasets.csv with huggingface_hub
385655f17db757324bc5bdc55bbff621f463681c,2024-07-30T11:40:46+00:00,Upload models.csv with huggingface_hub
7c64e6a602736d436ebdb59a627a8292c763e334,2024-07-30T11:40:38+00:00,Upload spaces.csv with huggingface_hub
e0ddc4b4adbdb0497cd36af7770146daed6fb3c8,2024-07-30T11:37:00+00:00,Upload datasets.csv with huggingface_hub
bea83308c13e050414dba495b0145431fc0eaa1d,2024-07-30T11:36:56+00:00,Upload models.csv with huggingface_hub
c2b7de48d019f5dd9a41d4241d6e0d8b125def47,2024-07-30T11:36:47+00:00,Upload spaces.csv with huggingface_hub
002e62d792532e40f9eac1147d4ef2e0792ee9c2,2024-07-30T11:33:15+00:00,Upload datasets.csv with huggingface_hub
ff62f5631b4c1d7c489e7cdb8f9d93f41fa774c0,2024-07-30T11:33:11+00:00,Upload models.csv with huggingface_hub
ebf0e6f826a1b525fca7a976b287b8e37f3a43f3,2024-07-30T11:32:58+00:00,Upload spaces.csv with huggingface_hub
ea1b764545826ce2af8a492c044e0d22a0ae3c2c,2024-07-30T11:29:20+00:00,Upload datasets.csv with huggingface_hub
6065e732c4c8811d61426d73f63de65280004436,2024-07-30T11:29:16+00:00,Upload models.csv with huggingface_hub
3ecbabbbfa19d2dafc3a70a521b65998c5dea726,2024-07-30T11:29:08+00:00,Upload spaces.csv with huggingface_hub
f5ebe2d23f796303b765712acb90831ccc9a4859,2024-07-30T11:25:34+00:00,Upload datasets.csv with huggingface_hub
0101384c379dc56597fa2633d5615fc45ffefec0,2024-07-30T11:25:29+00:00,Upload models.csv with huggingface_hub
514510b97d779d62c8a4ef24e5f7e6ed5d1448fb,2024-07-30T11:25:22+00:00,Upload spaces.csv with huggingface_hub
a025e0c2a5e7a2f5db40d8d882f318c19b633302,2024-07-30T11:21:48+00:00,Upload datasets.csv with huggingface_hub
47f1c67d97b293ba400bef3681e678ee6b8da2ad,2024-07-30T11:21:44+00:00,Upload models.csv with huggingface_hub
0d700ecd5c790411ae370fa0c5bf0c707be79f34,2024-07-30T11:21:30+00:00,Upload spaces.csv with huggingface_hub
bb8c10e0fbeed56e5b0d5b1eab7757a17e39631a,2024-07-30T11:17:43+00:00,Upload datasets.csv with huggingface_hub
6515bd44956458a0eddfd7631955c0d95a6b5dbb,2024-07-30T11:17:39+00:00,Upload models.csv with huggingface_hub
496b54885fd9c3cec7861d998a7360f2a533c87d,2024-07-30T11:17:30+00:00,Upload spaces.csv with huggingface_hub
c0b7a52c51c6b03178f87601dbefc518e0d26d1b,2024-07-30T11:13:45+00:00,Upload datasets.csv with huggingface_hub
55f79b3fa685d1d95800381c434f4b0fe5a47273,2024-07-30T11:13:41+00:00,Upload models.csv with huggingface_hub
64611715412b29886d19520bdfa548d393be57f8,2024-07-30T11:13:32+00:00,Upload spaces.csv with huggingface_hub
575d2395c45ce679feb7c6f49a939a73454ad8e3,2024-07-30T11:09:39+00:00,Upload datasets.csv with huggingface_hub
0985152b3dab546eef1fde1e551fbeb186d2e984,2024-07-30T11:09:34+00:00,Upload models.csv with huggingface_hub
63139b63a1b4ded81b54184f765cc8033e326194,2024-07-30T11:09:25+00:00,Upload spaces.csv with huggingface_hub
b11ed83677bacb3692bf83165892efab0a6d18b1,2024-07-30T11:05:43+00:00,Upload datasets.csv with huggingface_hub
c113152bc338305f9e45dac6af3b6e3862a3ed0d,2024-07-30T11:05:38+00:00,Upload models.csv with huggingface_hub
381720cb5182497202d8a07cdc5f4ddbb14fb7e3,2024-07-30T11:05:24+00:00,Upload spaces.csv with huggingface_hub
da151a9fb3bd06e5701dd0753de82a290a134e09,2024-07-30T11:01:34+00:00,Upload datasets.csv with huggingface_hub
c027ea9fd668c8c30b3a8cf3e5f1f087b6489671,2024-07-30T11:01:30+00:00,Upload models.csv with huggingface_hub
f4da12b714f5cbb4f130a5f5ee0d6852ef4da012,2024-07-30T11:01:22+00:00,Upload spaces.csv with huggingface_hub
55af3125967e59cc56ca710f424ce07d47c21ccc,2024-07-30T10:57:38+00:00,Upload datasets.csv with huggingface_hub
25d1624ae48f9bcb2ab9fda67fb2ea7e6327113c,2024-07-30T10:57:34+00:00,Upload models.csv with huggingface_hub
f5fe6e892b9eaae5563eda5f967d3f7b8d84b19f,2024-07-30T10:57:26+00:00,Upload spaces.csv with huggingface_hub
c6e8eb196f4e4b473a5d1e46ba758204c3b999ad,2024-07-30T10:53:42+00:00,Upload datasets.csv with huggingface_hub
d7c8dccc4fb988c4425bf8876918c163caabb562,2024-07-30T10:53:39+00:00,Upload models.csv with huggingface_hub
ecaddd3f0e837f8d545a97b41dcdd133dea573e8,2024-07-30T10:53:28+00:00,Upload spaces.csv with huggingface_hub
55cdd89cc78111a940c3037b0f9027982e823a20,2024-07-30T10:49:41+00:00,Upload datasets.csv with huggingface_hub
cbe285b2b29f09c88f72008850dc71e97400c0a1,2024-07-30T10:49:38+00:00,Upload models.csv with huggingface_hub
ec89150d9ec04866d4ec9c48cad4daa8413539cd,2024-07-30T10:49:31+00:00,Upload spaces.csv with huggingface_hub
12bdb6a77dd314becadd2c4fea5180543e84e078,2024-07-30T10:45:59+00:00,Upload datasets.csv with huggingface_hub
0227bf7de3b92f96c2b401e5d9beead65fc0a33c,2024-07-30T10:45:56+00:00,Upload models.csv with huggingface_hub
67be34a36066a863903923b6a8635ae0cfda0ed2,2024-07-30T10:45:48+00:00,Upload spaces.csv with huggingface_hub
92ce2b00dcf1fb1abd62787a126a39ed7c2e3903,2024-07-30T10:42:10+00:00,Upload datasets.csv with huggingface_hub
d571bda78ba923e1eed2b302307e5c30ae2bd281,2024-07-30T10:42:04+00:00,Upload models.csv with huggingface_hub
84e98cc4de699cc156640681e063ba174fcadf59,2024-07-30T10:41:54+00:00,Upload spaces.csv with huggingface_hub
1e7a06aa547c43ef24134554aa7eedf4adec95f0,2024-07-30T10:38:19+00:00,Upload datasets.csv with huggingface_hub
cbee33e2919141efca9c596cfaf605f7535145b7,2024-07-30T10:38:15+00:00,Upload models.csv with huggingface_hub
23cbec496678c6f789f58733b4c7b511f2b289f1,2024-07-30T10:38:06+00:00,Upload spaces.csv with huggingface_hub
51957a8f50774ddaf3fa033e3b3346395db1e56c,2024-07-30T10:34:28+00:00,Upload datasets.csv with huggingface_hub
bb29f528c3dd7e0f399a0cb4f3a4d6d1bc074acc,2024-07-30T10:34:24+00:00,Upload models.csv with huggingface_hub
04555d758eb872d6eb32032e5051c60f2eb56523,2024-07-30T10:34:16+00:00,Upload spaces.csv with huggingface_hub
6a1b4959e5fee9396c125096e475661c1f56bf0a,2024-07-30T10:30:40+00:00,Upload datasets.csv with huggingface_hub
f3515b7763a6d15e5709a3d2fea17ec4ccc6ab30,2024-07-30T10:30:36+00:00,Upload models.csv with huggingface_hub
39bd95828b1fdd94f301e619cf6424e7cd299db9,2024-07-30T10:30:27+00:00,Upload spaces.csv with huggingface_hub
f2b4feb506309f522f43e6d8dd950262c477a2ca,2024-07-30T10:26:47+00:00,Upload datasets.csv with huggingface_hub
e316f6e284e77a716b32f4d768083fe2ae197593,2024-07-30T10:26:43+00:00,Upload models.csv with huggingface_hub
5064b8bfef63837be1ed4d6893ad06a0c569688c,2024-07-30T10:26:35+00:00,Upload spaces.csv with huggingface_hub
6f54dee3c2fb8bc64dd185891a1f30c29e9181ab,2024-07-30T10:22:54+00:00,Upload datasets.csv with huggingface_hub
c61f36e2a49337aa10f7ad0e11be4c92a899bc37,2024-07-30T10:22:50+00:00,Upload models.csv with huggingface_hub
3534af66322649075e67d020a5f59b7b2915c8d9,2024-07-30T10:22:41+00:00,Upload spaces.csv with huggingface_hub
facda9da3ae8140ee6d877b87ac5bc0017613aba,2024-07-30T10:19:07+00:00,Upload datasets.csv with huggingface_hub
4e1fe6435a9c250966f7e357ca7cfd6407167585,2024-07-30T10:19:02+00:00,Upload models.csv with huggingface_hub
044fa2b77382e5e2864c368d005da7cd23e8d2e4,2024-07-30T10:18:53+00:00,Upload spaces.csv with huggingface_hub
b344381b3935ae19b895b7a6f49fe6f12762e6cf,2024-07-30T10:15:21+00:00,Upload datasets.csv with huggingface_hub
efc9a21961abd94da2f38d4f2b9cbaadee891e58,2024-07-30T10:15:17+00:00,Upload models.csv with huggingface_hub
974366dd8f4784ea4fe89ea16d475b8ec989f65c,2024-07-30T10:15:01+00:00,Upload spaces.csv with huggingface_hub
4a3adce1771fe5a407fc44bfa8b2692afab6ff36,2024-07-30T10:11:28+00:00,Upload datasets.csv with huggingface_hub
3c46759184752db507a8e018362fef7bf6534179,2024-07-30T10:11:23+00:00,Upload models.csv with huggingface_hub
9d5a576cf15726480159bf8677a5ca880c03e99b,2024-07-30T10:11:15+00:00,Upload spaces.csv with huggingface_hub
62794409c024f930d38d7bc73bae26d44e0d2e35,2024-07-30T10:07:33+00:00,Upload datasets.csv with huggingface_hub
47d58a0ed93e844d84e42856d732234be9c99439,2024-07-30T10:07:29+00:00,Upload models.csv with huggingface_hub
3877fb41af6cd56ca9d51ed238fcd49f64896b80,2024-07-30T10:07:21+00:00,Upload spaces.csv with huggingface_hub
b40245ea60e482b952b49bec39dc8fedfbe287ee,2024-07-30T10:03:28+00:00,Upload datasets.csv with huggingface_hub
6607dea5cf91d65265edb2286d2c2e7ba458c40c,2024-07-30T10:03:23+00:00,Upload models.csv with huggingface_hub
4bba817a4265b550b0a82530c83eb539ed7918c1,2024-07-30T10:03:15+00:00,Upload spaces.csv with huggingface_hub
9241b49b34f330f5600051bc9a8350f5ce209430,2024-07-30T09:59:28+00:00,Upload datasets.csv with huggingface_hub
96624ecf2f6a7dad0c88be6562fc61d648165973,2024-07-30T09:59:25+00:00,Upload models.csv with huggingface_hub
2426d8f360aa6f74a9ccc5e933728fbf87692c3b,2024-07-30T09:59:18+00:00,Upload spaces.csv with huggingface_hub
2046f603454986c4f35b4436b233c96ce2556298,2024-07-30T09:55:44+00:00,Upload datasets.csv with huggingface_hub
767de89f80af4a0e3c9585f4b79ce37e135fc8a8,2024-07-30T09:55:39+00:00,Upload models.csv with huggingface_hub
eb4817b87fd188c2a96404c57974c82187773569,2024-07-30T09:55:31+00:00,Upload spaces.csv with huggingface_hub
0ef91d7f09e777220f20d4733bd709401f2b9c87,2024-07-30T09:51:52+00:00,Upload datasets.csv with huggingface_hub
93860e073ef88d7bd1f10f5cbb02dec32f244b86,2024-07-30T09:51:48+00:00,Upload models.csv with huggingface_hub
c7e04e88ce5e2e717db9b38301113100f8167c9c,2024-07-30T09:51:39+00:00,Upload spaces.csv with huggingface_hub
df786ebcf277547a6fba463769a544ef0e3774b7,2024-07-30T09:47:54+00:00,Upload datasets.csv with huggingface_hub
870ef10266bd152a3975d08c39dd22e74527359b,2024-07-30T09:47:49+00:00,Upload models.csv with huggingface_hub
187bf3816bd95b56b1fd9d8674276fa48eb3ffc6,2024-07-30T09:47:41+00:00,Upload spaces.csv with huggingface_hub
05d31bab9c585fcbe77c4b97f97a9fff26d73d9a,2024-07-30T09:43:57+00:00,Upload datasets.csv with huggingface_hub
d02bffcf58ab6cff3dc620f15c1ffeaf91e8f2f5,2024-07-30T09:43:54+00:00,Upload models.csv with huggingface_hub
59c058364012910919b9e7698067839f05ff1661,2024-07-30T09:43:45+00:00,Upload spaces.csv with huggingface_hub
8ec486cf7ad203888f87cb2fd35c82340a22736b,2024-07-30T09:40:00+00:00,Upload datasets.csv with huggingface_hub
7b28155d05e971f8b44e45dc9178d555f6dc0323,2024-07-30T09:39:56+00:00,Upload models.csv with huggingface_hub
eb765a45c8074c1c4fd9c327b4f552e63c202e02,2024-07-30T09:39:48+00:00,Upload spaces.csv with huggingface_hub
628f89fa5b2d75c838699ddb906255d0ab67d93b,2024-07-30T09:36:17+00:00,Upload datasets.csv with huggingface_hub
5d264fc4a5c6bb624ecb32db742b908db22243f6,2024-07-30T09:36:13+00:00,Upload models.csv with huggingface_hub
e7c4302ebf17262db627e4f53b3bcb0ba186df31,2024-07-30T09:36:00+00:00,Upload spaces.csv with huggingface_hub
a26aa1c3db01280f47f4feecf12018b3fc3d1e94,2024-07-30T09:32:19+00:00,Upload datasets.csv with huggingface_hub
404fe08d38207cf50d67b98bb464db1d16249f85,2024-07-30T09:32:15+00:00,Upload models.csv with huggingface_hub
6c24fcc4677fbc5b28eb2a8da20bb962d48aeb04,2024-07-30T09:32:07+00:00,Upload spaces.csv with huggingface_hub
c7bcb3b880bba74fdf0459dd55a8fd0204505c93,2024-07-30T09:28:25+00:00,Upload datasets.csv with huggingface_hub
c123233671eba0860024b6fea561cf76b128702d,2024-07-30T09:28:21+00:00,Upload models.csv with huggingface_hub
28ed6d065de01aa9bbfd10da8a87da1bc9846a22,2024-07-30T09:28:12+00:00,Upload spaces.csv with huggingface_hub
aef1aec9dfbdcdd95a07ec6b1fdff9f6bd7e93fe,2024-07-30T09:24:33+00:00,Upload datasets.csv with huggingface_hub
462f19f1e3e5afb900b3dd5ee28aa7a91f0c24d9,2024-07-30T09:24:29+00:00,Upload models.csv with huggingface_hub
57ee829b8324981a50117e4ef0b9919a5e992476,2024-07-30T09:24:20+00:00,Upload spaces.csv with huggingface_hub
3b6026ffb1e77049ceb2fd1150bbd891139bd273,2024-07-30T09:20:42+00:00,Upload datasets.csv with huggingface_hub
4fc5476ae05bb1137b8c49f491bcb0a1fafb32c0,2024-07-30T09:20:38+00:00,Upload models.csv with huggingface_hub
107c25d2bf19104fe77b6e58097d03ad7cdcd09b,2024-07-30T09:20:29+00:00,Upload spaces.csv with huggingface_hub
8544df5bed3e9a637995f4e9c903ea55cb334ef1,2024-07-30T09:16:33+00:00,Upload datasets.csv with huggingface_hub
1909d092f3bf684937d6e1f88efea971c812ab52,2024-07-30T09:16:29+00:00,Upload models.csv with huggingface_hub
84df8aa73b648b5985a48a4297e1db29ba180967,2024-07-30T09:16:18+00:00,Upload spaces.csv with huggingface_hub
9a9747d301a60baafbea9c3658b15d760b04582d,2024-07-30T09:12:33+00:00,Upload datasets.csv with huggingface_hub
dbbaaf4e08c6c36172e1ccde3a9f8cb5a8f041d8,2024-07-30T09:12:30+00:00,Upload models.csv with huggingface_hub
4ae5a111118c1b6373c1553337e9207a55ddef99,2024-07-30T09:12:22+00:00,Upload spaces.csv with huggingface_hub
aca1bb7519f1e6693fcc9aaa8e4860173517ebc8,2024-07-30T09:08:38+00:00,Upload datasets.csv with huggingface_hub
c505be71c2068c31ffb35edb644e2f1e723007f3,2024-07-30T09:08:34+00:00,Upload models.csv with huggingface_hub
78a5d6f7483826e7ac4888b81e03bd11714815a1,2024-07-30T09:08:26+00:00,Upload spaces.csv with huggingface_hub
2389f782cb81895e70c389cf1809aec4ddc14e1a,2024-07-30T09:04:33+00:00,Upload datasets.csv with huggingface_hub
52516a762e578afe79e11e87d04c9e1bd4ea74a1,2024-07-30T09:04:29+00:00,Upload models.csv with huggingface_hub
d6233454baaf7f64a2f844b6d048e9c917fe9942,2024-07-30T09:04:18+00:00,Upload spaces.csv with huggingface_hub
c5f61ddc27c6ff115dda6ba45ebac612eade15af,2024-07-30T09:00:32+00:00,Upload datasets.csv with huggingface_hub
ce9ca49863bf8750526f1581a60965ed0d4aa11e,2024-07-30T09:00:28+00:00,Upload models.csv with huggingface_hub
c10a0a7860801456b852dc49ce6d0118ce806ec9,2024-07-30T09:00:05+00:00,Upload spaces.csv with huggingface_hub
8f412fa4b1c3455b6e3595baae56bcf62bba0ae2,2024-07-30T08:56:37+00:00,Upload datasets.csv with huggingface_hub
7b2b3fe9ef9c99fd556de4ba4efba7365cf3ef1a,2024-07-30T08:56:33+00:00,Upload models.csv with huggingface_hub
d8585ccadc61d2dce777b0e7b1d84c632d2ca4a3,2024-07-30T08:56:24+00:00,Upload spaces.csv with huggingface_hub
1bccc92c15e4ebf2cc49676f19bae29c87af4dff,2024-07-30T08:52:49+00:00,Upload datasets.csv with huggingface_hub
60dcf3b9043ddbc03a7e3e02c03b75fe4875453a,2024-07-30T08:52:44+00:00,Upload models.csv with huggingface_hub
aa55bb2daf2a6bd945eec0703ee822f25ce31f4c,2024-07-30T08:52:36+00:00,Upload spaces.csv with huggingface_hub
a9a6e6eb8b2186b541e78cb7f7dacbdab66fe344,2024-07-30T08:48:51+00:00,Upload datasets.csv with huggingface_hub
39163a06008d6db5eff72654ac61394d044ed2df,2024-07-30T08:48:45+00:00,Upload models.csv with huggingface_hub
c9428f042a004bb8c54eb7289769a8f0a2800892,2024-07-30T08:48:37+00:00,Upload spaces.csv with huggingface_hub
4874379c51adc1372c74ed39efad07bb4d1c46a8,2024-07-30T08:45:00+00:00,Upload datasets.csv with huggingface_hub
f4999c6350b3fc1d51d775e84e9bf21b4ac54cc6,2024-07-30T08:44:55+00:00,Upload models.csv with huggingface_hub
c6a520f55f13be27e48b95fe84f13d11c7a4527a,2024-07-30T08:44:47+00:00,Upload spaces.csv with huggingface_hub
8c83e7f31b363d58cd6c110306d6aa95269537e8,2024-07-30T08:41:12+00:00,Upload datasets.csv with huggingface_hub
c54b7018402bb6f0da5a0b24fdb83efc5f9c59d8,2024-07-30T08:41:08+00:00,Upload models.csv with huggingface_hub
eff247b63482ccc8c703a00c7da888d419745743,2024-07-30T08:40:57+00:00,Upload spaces.csv with huggingface_hub
201f1f32bfde1bef3e8ec42cb914127b5affdb20,2024-07-30T08:37:20+00:00,Upload datasets.csv with huggingface_hub
1bb48c1ae418d9f8315cccbd37116801cae00100,2024-07-30T08:37:17+00:00,Upload models.csv with huggingface_hub
3cac2b09abd87e9288bd4fbec3961384747beb88,2024-07-30T08:37:09+00:00,Upload spaces.csv with huggingface_hub
a04a23368e4ac399b8af05d68fcfbd1746557cd2,2024-07-30T08:33:26+00:00,Upload datasets.csv with huggingface_hub
57d56ae09835e60fd48ab7478137293e99b2b8ee,2024-07-30T08:33:21+00:00,Upload models.csv with huggingface_hub
6441f9a65a72ef1ce4a4ffa02d72b0c0d2606082,2024-07-30T08:33:11+00:00,Upload spaces.csv with huggingface_hub
13e605b8f9b15c37b1be9b69c566e286dc587aab,2024-07-30T08:29:25+00:00,Upload datasets.csv with huggingface_hub
1bbffa7860a10e4279038ebad4dbbc5991aac631,2024-07-30T08:29:21+00:00,Upload models.csv with huggingface_hub
cfbeecea247d66977d40946edaacf330e647a1b3,2024-07-30T08:29:13+00:00,Upload spaces.csv with huggingface_hub
9bb5e82e5bfb8c4ea37ad0a2bb8e17f651002c20,2024-07-30T08:25:37+00:00,Upload datasets.csv with huggingface_hub
470bb04857e6aad6016e40e2a7d8d9442baa56fe,2024-07-30T08:25:33+00:00,Upload models.csv with huggingface_hub
785f1b5c4db57f8eb3a7f8ab8f974a5e22592645,2024-07-30T08:25:26+00:00,Upload spaces.csv with huggingface_hub
ef45f3ac051df72c5ebc6eb24df834adbeed3264,2024-07-30T08:21:46+00:00,Upload datasets.csv with huggingface_hub
4e508e17912d3cc863aa28560371d6deee9df5c4,2024-07-30T08:21:41+00:00,Upload models.csv with huggingface_hub
828bb7fad75f435c5cb614cd11e7774fcff1410a,2024-07-30T08:21:32+00:00,Upload spaces.csv with huggingface_hub
dd0f0e465f46da1bd5e6ac882b6ddc50c1fdb50b,2024-07-30T08:17:55+00:00,Upload datasets.csv with huggingface_hub
e63137cffc1522681d24a4f5c1b0f5f492eb18d8,2024-07-30T08:17:51+00:00,Upload models.csv with huggingface_hub
aa9afabd4d5f670cd0e9cb5d249a4a20f6ca8436,2024-07-30T08:17:42+00:00,Upload spaces.csv with huggingface_hub
a9ce9e8cea42d74a7a72a272b02e8cc1ef162aa9,2024-07-30T08:14:07+00:00,Upload datasets.csv with huggingface_hub
e425cbd6740a7996bda22bb7d2c1c58f3396f5fc,2024-07-30T08:14:00+00:00,Upload models.csv with huggingface_hub
8d7f97345839622dcf96f7ff186dd80011479edf,2024-07-30T08:13:49+00:00,Upload spaces.csv with huggingface_hub
2bbf59bd509a6f8d69ae959f90ae12978ca4c7fd,2024-07-30T08:10:08+00:00,Upload datasets.csv with huggingface_hub
3e1ce4c8ee3a23bc6f5763271453a68a27e3c6b3,2024-07-30T08:10:00+00:00,Upload models.csv with huggingface_hub
b1242253027556c7cc38028145a0e943ea1a7467,2024-07-30T08:09:51+00:00,Upload spaces.csv with huggingface_hub
359c86ed738b0d3eda6d03cceaf2fa01ffff46fd,2024-07-30T08:06:18+00:00,Upload datasets.csv with huggingface_hub
b7487afdbbb6bcfc37c85ba3a8865e1b0a67cca6,2024-07-30T08:06:13+00:00,Upload models.csv with huggingface_hub
837849fe629352396b5e3a62188e62f4c3349a7b,2024-07-30T08:06:00+00:00,Upload spaces.csv with huggingface_hub
72c45e431bbee019c9c3a6945ac6e296fd2758f5,2024-07-30T08:01:59+00:00,Upload datasets.csv with huggingface_hub
77730f92300944afeb434118262822ab6b484584,2024-07-30T08:01:55+00:00,Upload models.csv with huggingface_hub
6b5c5b004d1e40e9ec5acd54821502de3939268a,2024-07-30T08:01:44+00:00,Upload spaces.csv with huggingface_hub
4acb9ad009ad05a8b8d3478b8a9cd3a9c0641d60,2024-07-30T07:57:37+00:00,Upload datasets.csv with huggingface_hub
3d33fd13deb5282f22fa73addeaa2c2daa84af22,2024-07-30T07:57:33+00:00,Upload models.csv with huggingface_hub
94efb804ffb8d90ed90b4d6f5bb63cd75ba79db8,2024-07-30T07:57:24+00:00,Upload spaces.csv with huggingface_hub
1b9d2181812268c78582f1e50e7285679183a2b1,2024-07-30T07:53:40+00:00,Upload datasets.csv with huggingface_hub
92a8296edea86f48bdfa78713870bf5431a90a9c,2024-07-30T07:53:36+00:00,Upload models.csv with huggingface_hub
dc13a93ea7fb09af18049bef999126f984b2db31,2024-07-30T07:53:29+00:00,Upload spaces.csv with huggingface_hub
bbe8d1611083e17f6bdce8848c795dc40ca9273a,2024-07-30T07:49:42+00:00,Upload datasets.csv with huggingface_hub
d5c4d6f0f26a554e7008e832c2486b2672ca7744,2024-07-30T07:49:39+00:00,Upload models.csv with huggingface_hub
bcd7319dd4a85f9cefc628010a55f35b724ea5ff,2024-07-30T07:49:32+00:00,Upload spaces.csv with huggingface_hub
6616986a5b08e2f5e85aa18db2966e80c97ccb5c,2024-07-30T07:45:50+00:00,Upload datasets.csv with huggingface_hub
6b5fc5c721c07d4a02b02d5208bb0ab8b3e7d2e2,2024-07-30T07:45:44+00:00,Upload models.csv with huggingface_hub
86ec505500618efc96b2c0fb74128db2a64c7893,2024-07-30T07:45:34+00:00,Upload spaces.csv with huggingface_hub
59f07849585b6df094d60b6caa5632936f7455e2,2024-07-30T07:41:51+00:00,Upload datasets.csv with huggingface_hub
9563ed7795f5dbca471eefd04ea34e5492e8b4b7,2024-07-30T07:41:48+00:00,Upload models.csv with huggingface_hub
bf3bd9fcf0a1ba10f2c31b29c9b815eb11504d25,2024-07-30T07:41:39+00:00,Upload spaces.csv with huggingface_hub
c363259b367023a6101e01b74f8da515eaa2d0a7,2024-07-30T07:37:51+00:00,Upload datasets.csv with huggingface_hub
ea35d1e10ab3e3d619a8d3003a615b13890d7123,2024-07-30T07:37:42+00:00,Upload models.csv with huggingface_hub
509d7a7eb032a89420e498375a9d961fd16cd4a5,2024-07-30T07:37:34+00:00,Upload spaces.csv with huggingface_hub
012cd7b27092968b388b301881196d5b59850520,2024-07-30T07:33:48+00:00,Upload datasets.csv with huggingface_hub
c1954504ea06c32b447f8a37bcb1de82560707f0,2024-07-30T07:33:45+00:00,Upload models.csv with huggingface_hub
dee9027d3c5f5f12684bad439ffdfbfae33e8f36,2024-07-30T07:33:36+00:00,Upload spaces.csv with huggingface_hub
9a3dc9bbf953859313ec21b9c10a152fb8e5743c,2024-07-30T07:29:49+00:00,Upload datasets.csv with huggingface_hub
5f18ab95468abb04ff5280b9196df76f9a9af172,2024-07-30T07:29:45+00:00,Upload models.csv with huggingface_hub
2fb8aa378844ac4481e3e16037357707ffa435d6,2024-07-30T07:29:37+00:00,Upload spaces.csv with huggingface_hub
581d53e7b0479f5957a74dcf42388eab26772b39,2024-07-30T07:25:58+00:00,Upload datasets.csv with huggingface_hub
14f41f291727a830212ee897af8f403b14f6a684,2024-07-30T07:25:54+00:00,Upload models.csv with huggingface_hub
6854c7ef3598eed8b02802642e0de89e1b26469e,2024-07-30T07:25:39+00:00,Upload spaces.csv with huggingface_hub
b9f23026b085acc9cb265690f2e2dbe087b5cfae,2024-07-30T07:22:00+00:00,Upload datasets.csv with huggingface_hub
7803d104e914f44cdf6e659b487b96fb67c32b25,2024-07-30T07:21:56+00:00,Upload models.csv with huggingface_hub
97731d32de04ebc9ebebbdf531c702639ff94576,2024-07-30T07:21:47+00:00,Upload spaces.csv with huggingface_hub
ad32a11108df69b71ffa2b681171fa6c851481d2,2024-07-30T07:18:10+00:00,Upload datasets.csv with huggingface_hub
538c8ab223319aeb56abfa24cb4db7e17e9a656e,2024-07-30T07:18:06+00:00,Upload models.csv with huggingface_hub
177e47bd770f32905f9879bfde150750efed4d77,2024-07-30T07:17:54+00:00,Upload spaces.csv with huggingface_hub
4bce1fb75356ffd857a37c5cd74539635d4054b5,2024-07-30T07:14:15+00:00,Upload datasets.csv with huggingface_hub
d2c7cb860d242f00f59cf691592610557d44a29e,2024-07-30T07:14:12+00:00,Upload models.csv with huggingface_hub
7ec4031781b62668e95b4dbc9d183b789cb0f5f7,2024-07-30T07:13:57+00:00,Upload spaces.csv with huggingface_hub
fdc1a95e43116b1e4002699e9cca732323e8e62d,2024-07-30T07:10:08+00:00,Upload datasets.csv with huggingface_hub
e2bd1a0bd36f8cf4196f18fad3730026007223f1,2024-07-30T07:10:01+00:00,Upload models.csv with huggingface_hub
b635a56f567dbf6e39edf180c3bea0fab110a0c3,2024-07-30T07:09:52+00:00,Upload spaces.csv with huggingface_hub
be14b29ae8ecfbac300de2fcd47f870f013aa54f,2024-07-30T07:06:13+00:00,Upload datasets.csv with huggingface_hub
0a946bb05b5d7db04afe88b3d3d7b69b3f1d58ee,2024-07-30T07:06:08+00:00,Upload models.csv with huggingface_hub
8677405a0c5d40aece783053740338a22a40f3b6,2024-07-30T07:05:49+00:00,Upload spaces.csv with huggingface_hub
4b7456d009f6957354afe00e39b59b52ae438531,2024-07-30T07:01:58+00:00,Upload datasets.csv with huggingface_hub
3e5d19212c8a2c76538e3e61204e0d331a77c7ac,2024-07-30T07:01:54+00:00,Upload models.csv with huggingface_hub
78a9f8cff17872b3a18133b85a69b5d9da50ba33,2024-07-30T07:01:45+00:00,Upload spaces.csv with huggingface_hub
f37ff6b321f35388d6a50ea672ba3c760c21a951,2024-07-30T06:57:46+00:00,Upload datasets.csv with huggingface_hub
89d4182469151aca23d4d34b4d4f088b0eae7720,2024-07-30T06:57:42+00:00,Upload models.csv with huggingface_hub
a1931dff23af9e770e219e07c88b8efb85c86f5c,2024-07-30T06:57:32+00:00,Upload spaces.csv with huggingface_hub
c4deb46b2123d458954b0acc993dc30ec31f8bd5,2024-07-30T06:53:49+00:00,Upload datasets.csv with huggingface_hub
79f22f45447be6157a8eb8e4c9fa62a81cf28ba7,2024-07-30T06:53:45+00:00,Upload models.csv with huggingface_hub
89c9779f6c42f340e7541bf8662cd5a44bac0e82,2024-07-30T06:53:35+00:00,Upload spaces.csv with huggingface_hub
0197b271732360cf79819ae7294e95ef92861ea4,2024-07-30T06:49:48+00:00,Upload datasets.csv with huggingface_hub
6b37a3992ef0ab698e44839c018788e0028755d4,2024-07-30T06:49:45+00:00,Upload models.csv with huggingface_hub
164b310b6ee3c4b4aba802668a5cfcca53496f13,2024-07-30T06:49:38+00:00,Upload spaces.csv with huggingface_hub
e40ea0824c87869ca7e836c927f91496cc2f3339,2024-07-30T06:45:53+00:00,Upload datasets.csv with huggingface_hub
61de5e910a96e37132949d2921f43831d0cbdb5e,2024-07-30T06:45:49+00:00,Upload models.csv with huggingface_hub
d3ec3a9f8a31b178d3cb3b155acf2ad0e2990610,2024-07-30T06:45:42+00:00,Upload spaces.csv with huggingface_hub
83512e9071c7a637cf29c07194c10ced9971f734,2024-07-30T06:41:59+00:00,Upload datasets.csv with huggingface_hub
4a80f125e8bc60b771f042ea69331051b3c07019,2024-07-30T06:41:56+00:00,Upload models.csv with huggingface_hub
7a07b26220312c565908643bc83a786e2dbaa8cc,2024-07-30T06:41:47+00:00,Upload spaces.csv with huggingface_hub
64e3d56e29ff47e8b10504d4b84925d082060341,2024-07-30T06:37:48+00:00,Upload datasets.csv with huggingface_hub
00de94162259e79ef92929f49801d05856aa75f4,2024-07-30T06:37:44+00:00,Upload models.csv with huggingface_hub
8cdf8554ea66abc9e08442696e9979e0a25eb7af,2024-07-30T06:37:35+00:00,Upload spaces.csv with huggingface_hub
78f0a710483338055f698a8f421fd4a250929661,2024-07-30T06:33:39+00:00,Upload datasets.csv with huggingface_hub
6f6d566c67bc758fcb5b52a7e41f575d3eef9b73,2024-07-30T06:33:35+00:00,Upload models.csv with huggingface_hub
6472c9a5c20a5e2af0471bfb0b8afbdfbd11a947,2024-07-30T06:33:27+00:00,Upload spaces.csv with huggingface_hub
f61e66eadeef988cd052dc108ee639dc1be3fdef,2024-07-30T06:29:25+00:00,Upload datasets.csv with huggingface_hub
e23da7d62efbdf39f7a70a2bd88e82fa924f53fe,2024-07-30T06:29:21+00:00,Upload models.csv with huggingface_hub
80326415d0b290dc73281a5a0983ac7cc6021b0c,2024-07-30T06:29:11+00:00,Upload spaces.csv with huggingface_hub
b8f1f5f19304e6503f30b7f262183aedfae59b9f,2024-07-30T06:25:24+00:00,Upload datasets.csv with huggingface_hub
c21b8bf8098236eb58c2b9b9ca9be7b7a60a82df,2024-07-30T06:25:19+00:00,Upload models.csv with huggingface_hub
05d55b673fb1ad4b5d6791c9137b8b301b0503e7,2024-07-30T06:25:00+00:00,Upload spaces.csv with huggingface_hub
d7011c217367fe54ad09c294759fafa9220901ee,2024-07-30T06:20:57+00:00,Upload datasets.csv with huggingface_hub
446034c2b73958cf6acdb8247d7a5289dc608fdc,2024-07-30T06:20:52+00:00,Upload models.csv with huggingface_hub
25bc92ec85ac9115958ee631bff973aa09039864,2024-07-30T06:20:43+00:00,Upload spaces.csv with huggingface_hub
7a2d57eb94e63612e807182790e7523dbc527563,2024-07-30T06:16:56+00:00,Upload datasets.csv with huggingface_hub
d304e5f01122f9e4dd9fa3560b372d6b3f8ba7d7,2024-07-30T06:16:53+00:00,Upload models.csv with huggingface_hub
194cdf42ab8402f21d02fcb02691643ca6333023,2024-07-30T06:16:45+00:00,Upload spaces.csv with huggingface_hub
b391eb9be22ad5cd00d85b796abbf056c94544b9,2024-07-30T06:13:04+00:00,Upload datasets.csv with huggingface_hub
a852a882012679e888e50f5b24ca8009c699ca1d,2024-07-30T06:12:57+00:00,Upload models.csv with huggingface_hub
43773a1c11054cd6596c324a82054ba4f97d7644,2024-07-30T06:12:49+00:00,Upload spaces.csv with huggingface_hub
c5dd034091d928ef5c14bf978ca293a95d325ccd,2024-07-30T06:08:55+00:00,Upload datasets.csv with huggingface_hub
3c5cccc350c7c7eda5ec49c0f5972cc5743bc6e3,2024-07-30T06:08:52+00:00,Upload models.csv with huggingface_hub
876a1e5beea588244b840bb54564f62a9a8b50f4,2024-07-30T06:08:44+00:00,Upload spaces.csv with huggingface_hub
3186acad0a67994dac531efab7090057917715ec,2024-07-30T06:04:49+00:00,Upload datasets.csv with huggingface_hub
fab37718e0b9397f8647f72255aee2d9860d2c76,2024-07-30T06:04:45+00:00,Upload models.csv with huggingface_hub
8ef93a7c4beb02a2812c5c301e3bf72bff151873,2024-07-30T06:04:38+00:00,Upload spaces.csv with huggingface_hub
6fefa483641cfcc87ba6cf8fc52e90d0b4d77ebb,2024-07-30T06:00:53+00:00,Upload datasets.csv with huggingface_hub
6873ed6bbc0aec3391da4ac0f890e853b7e40d80,2024-07-30T06:00:50+00:00,Upload models.csv with huggingface_hub
9104ad6f19fbf0901ae45fefcfe2426d836c1589,2024-07-30T06:00:40+00:00,Upload spaces.csv with huggingface_hub
d982b64d26906b44fdc2c375848e442501bfa04e,2024-07-30T05:57:02+00:00,Upload datasets.csv with huggingface_hub
c8c33775e6db93266445ff7696eeb2662e2a83fb,2024-07-30T05:56:58+00:00,Upload models.csv with huggingface_hub
9699396fccfb37ab2c3aa2d28d36e9f979761906,2024-07-30T05:56:51+00:00,Upload spaces.csv with huggingface_hub
b86f3b5ce0f89ba9c6272c2fab71eb85db1c2944,2024-07-30T05:53:15+00:00,Upload datasets.csv with huggingface_hub
4e26b8a2665cfb241d3b9c44cc842ed924ba91fd,2024-07-30T05:53:12+00:00,Upload models.csv with huggingface_hub
7f5fcf74454e5824fc84745aec8cee937105d412,2024-07-30T05:53:03+00:00,Upload spaces.csv with huggingface_hub
0b59b192bf0629786099f273c7e5e006698b7b3e,2024-07-30T05:49:24+00:00,Upload datasets.csv with huggingface_hub
009bb2a3b2dd9e30cd6ad439dffcd7d1e545adb6,2024-07-30T05:49:20+00:00,Upload models.csv with huggingface_hub
5823c17ce6463d8b8e779fefdbe20aa80bc27fa9,2024-07-30T05:49:13+00:00,Upload spaces.csv with huggingface_hub
ba0ce3f004419cb4daa28b1b61d4293462921ffd,2024-07-30T05:45:39+00:00,Upload datasets.csv with huggingface_hub
f680d19d63fef7d4106f259483af52927614dcb4,2024-07-30T05:45:36+00:00,Upload models.csv with huggingface_hub
3e3390b9a2b6d148c5ebf88e162b793d399c4b17,2024-07-30T05:45:29+00:00,Upload spaces.csv with huggingface_hub
c8db02e08205bb836ac2ce3a1007553d61889b9e,2024-07-30T05:41:44+00:00,Upload datasets.csv with huggingface_hub
ea2e7f2275b7ac6f7b46028f147f98d0308cd342,2024-07-30T05:41:41+00:00,Upload models.csv with huggingface_hub
b7bba52345dc80a2f1cb82bb88f7227cc778f41b,2024-07-30T05:41:32+00:00,Upload spaces.csv with huggingface_hub
85b8f30c104b10ada68f10c7ab16fe42a6380f46,2024-07-30T05:37:50+00:00,Upload datasets.csv with huggingface_hub
21cf3c38ababe5ec8c30a2f9f15f2b7b37e4b079,2024-07-30T05:37:47+00:00,Upload models.csv with huggingface_hub
9448a66cadecc4d15f81f5749f7b649163f89a11,2024-07-30T05:37:38+00:00,Upload spaces.csv with huggingface_hub
85e71e4bfda3a646758907ab9b200a304c2daec2,2024-07-30T05:33:51+00:00,Upload datasets.csv with huggingface_hub
b30334d938b436432abf2db0bc95a77a8e44e249,2024-07-30T05:33:47+00:00,Upload models.csv with huggingface_hub
701994f2c424bc056398c427b4aaac884da0e1e1,2024-07-30T05:33:40+00:00,Upload spaces.csv with huggingface_hub
20af1e6546e9b622a026bdb0290906d3861c4e42,2024-07-30T05:29:46+00:00,Upload datasets.csv with huggingface_hub
c0a47f3d835e737bdb51bdf6a6fae8648e9d15fa,2024-07-30T05:29:43+00:00,Upload models.csv with huggingface_hub
6677587ee8a29c71e9e1efab19917b27f130d102,2024-07-30T05:29:35+00:00,Upload spaces.csv with huggingface_hub
1002b4fc33c36b63805ea9bdcc64a4698a0edad3,2024-07-30T05:25:52+00:00,Upload datasets.csv with huggingface_hub
ad322aec7bd5fe071c4b238dae99c684c8187ed4,2024-07-30T05:25:47+00:00,Upload models.csv with huggingface_hub
9ef6879ff1140433e1dc86b7a1053d22085809ba,2024-07-30T05:25:38+00:00,Upload spaces.csv with huggingface_hub
1e7a7e5e14204fab1c701463d3adc46cfd4f4adb,2024-07-30T05:21:57+00:00,Upload datasets.csv with huggingface_hub
0ed69c69bce8811faabf63c205903cd0dcfeba65,2024-07-30T05:21:52+00:00,Upload models.csv with huggingface_hub
0d551257b60aacc1672340a9560de6f7e31b8910,2024-07-30T05:21:45+00:00,Upload spaces.csv with huggingface_hub
47245c7f725f75b529e095336e993236efc48d11,2024-07-30T05:17:56+00:00,Upload datasets.csv with huggingface_hub
feb976bc577b60580b36f8d15ec04ad5c3af69cc,2024-07-30T05:17:53+00:00,Upload models.csv with huggingface_hub
5a2d101d85db2491f69734bc1d8ff3f732441c48,2024-07-30T05:17:45+00:00,Upload spaces.csv with huggingface_hub
b14ed63eec72944cec28c92bec9604870868a828,2024-07-30T05:13:59+00:00,Upload datasets.csv with huggingface_hub
bda3c09182e9dba5a9cfa1611b7091541a7f4542,2024-07-30T05:13:51+00:00,Upload models.csv with huggingface_hub
8ad7f3c5b58b46c875526e1aa12a61cb53c2b9f0,2024-07-30T05:13:42+00:00,Upload spaces.csv with huggingface_hub
e584a2b5be4570772c1f9cd6c943284375dffbd4,2024-07-30T05:10:04+00:00,Upload datasets.csv with huggingface_hub
363e24446eba35be806e1f408a87768ab8c3bab9,2024-07-30T05:09:58+00:00,Upload models.csv with huggingface_hub
ac9f2ea9c1be0744166cff71831de57d9466a600,2024-07-30T05:09:50+00:00,Upload spaces.csv with huggingface_hub
5a819fc8693cc10fca8aedee4d156db7a20c3541,2024-07-30T05:06:16+00:00,Upload datasets.csv with huggingface_hub
7504972c38ee10644cf072782d02dac203704df9,2024-07-30T05:06:12+00:00,Upload models.csv with huggingface_hub
517803acdc424e964690ef566805da765a241e82,2024-07-30T05:05:56+00:00,Upload spaces.csv with huggingface_hub
d53d78d3aa78f97a272dadb5b7746bcd1ffe122a,2024-07-30T05:02:09+00:00,Upload datasets.csv with huggingface_hub
a68587401f0efa48f4f225439b0d7289b11a60be,2024-07-30T05:02:01+00:00,Upload models.csv with huggingface_hub
dbb746dc64944c8106d945ff33e29cd90fed0ef0,2024-07-30T05:01:52+00:00,Upload spaces.csv with huggingface_hub
e8a5228f24ef35207ee6a1fa9b7bf8697007f001,2024-07-30T04:57:57+00:00,Upload datasets.csv with huggingface_hub
77894cb0441fcc3eed537163ef3c39537f191176,2024-07-30T04:57:53+00:00,Upload models.csv with huggingface_hub
ff115304288b8735c510ca3f6c6fe5652a84ac35,2024-07-30T04:57:44+00:00,Upload spaces.csv with huggingface_hub
b82021a3f2b60565402f397344f8fab072ebe0d0,2024-07-30T04:53:59+00:00,Upload datasets.csv with huggingface_hub
771123537faeb1be4636e7e82764934f420b32bf,2024-07-30T04:53:54+00:00,Upload models.csv with huggingface_hub
b9fac7f999f745a42d45e96e56da00419761a0ff,2024-07-30T04:50:14+00:00,Upload datasets.csv with huggingface_hub
db8ef644938cf323be832aaa38859575a86b6d5b,2024-07-30T04:50:07+00:00,Upload models.csv with huggingface_hub
57a2c62238310aeee1d8c1ae12ff30d52439aecb,2024-07-30T04:49:55+00:00,Upload spaces.csv with huggingface_hub
6ae7114270e80b215fea4cff3acfde7fb2a30a8f,2024-07-30T04:46:21+00:00,Upload datasets.csv with huggingface_hub
c8fbd1967cf15574e22a23bc695ffbde1aac1116,2024-07-30T04:46:18+00:00,Upload models.csv with huggingface_hub
ea73b43ac2e3f5631742833d48d5672b0ed6040b,2024-07-30T04:46:11+00:00,Upload spaces.csv with huggingface_hub
4515d7f28a4b9bfadf5bf4d49ceab2b841caf9c9,2024-07-30T04:42:27+00:00,Upload datasets.csv with huggingface_hub
902a5990e91681b038aae9d7e38e3a4ef5e39b87,2024-07-30T04:42:24+00:00,Upload models.csv with huggingface_hub
29e9893c2547f7fe82c1e3695fe171410c343310,2024-07-30T04:42:16+00:00,Upload spaces.csv with huggingface_hub
c900c7bbc6391f4113b739ff89c3908c948622a3,2024-07-30T04:38:31+00:00,Upload datasets.csv with huggingface_hub
27c4b3c4a1ae3264872539752fa9cf59251da405,2024-07-30T04:38:26+00:00,Upload models.csv with huggingface_hub
f9af05c1e44ff1fea04b7a51bce7f5e0dd561a72,2024-07-30T04:38:13+00:00,Upload spaces.csv with huggingface_hub
a12e1eb14704a0079cf3d4d2a9ae142788422569,2024-07-30T04:34:32+00:00,Upload datasets.csv with huggingface_hub
5db70b4cdc12d895b54e17dcef58a98845d8e74c,2024-07-30T04:34:28+00:00,Upload models.csv with huggingface_hub
c5684d8de3170f6e7d3ca7014d7e54a8a357ab91,2024-07-30T04:34:21+00:00,Upload spaces.csv with huggingface_hub
35af9fd663e2e1df69d476d57f9beee80f832d24,2024-07-30T04:30:33+00:00,Upload datasets.csv with huggingface_hub
d84e9554257959162902a789256a817d9e4eb61f,2024-07-30T04:30:29+00:00,Upload models.csv with huggingface_hub
03afea0d3b84a581f733ca6b105379b912a9174a,2024-07-30T04:30:21+00:00,Upload spaces.csv with huggingface_hub
952431e1e2f7f7135aa462f9a2ffc31ee787adef,2024-07-30T04:26:35+00:00,Upload datasets.csv with huggingface_hub
2dfa5159fceb8a96aef49d3b6f0af1c0be415c4e,2024-07-30T04:26:32+00:00,Upload models.csv with huggingface_hub
4b86466b751c01b6147bcd5aeb112ce5be649455,2024-07-30T04:26:24+00:00,Upload spaces.csv with huggingface_hub
cac4a4a746784b279d4b12e28ed4011ba54b77a3,2024-07-30T04:22:36+00:00,Upload datasets.csv with huggingface_hub
bc6290aa6fc8b92f293b738cf75c2315dfe9a4e6,2024-07-30T04:22:31+00:00,Upload models.csv with huggingface_hub
4945eb6f3cdadc6a859a040365700218a52b0f69,2024-07-30T04:22:23+00:00,Upload spaces.csv with huggingface_hub
371dbcafd373716f728f4112646dee27ffbf5da7,2024-07-30T04:18:38+00:00,Upload datasets.csv with huggingface_hub
82c6e1f51b96d884fe280e152d8ed81fcf411a07,2024-07-30T04:18:35+00:00,Upload models.csv with huggingface_hub
f25a11cb59fac539dffe1284ad7c89ea7b1bd041,2024-07-30T04:18:27+00:00,Upload spaces.csv with huggingface_hub
a1c2ca5486fa29ecb112e0607e5644e52b183e5b,2024-07-30T04:14:37+00:00,Upload datasets.csv with huggingface_hub
52ba2c89dcc397e67864ee0301eb4ad67257a72f,2024-07-30T04:14:33+00:00,Upload models.csv with huggingface_hub
e0505a0281e2fbd89457191986820a263fc737f9,2024-07-30T04:14:25+00:00,Upload spaces.csv with huggingface_hub
fafdb6ddaddfca21b2e4e1556f5e4007da1b557d,2024-07-30T04:10:39+00:00,Upload datasets.csv with huggingface_hub
739971cb60a45da3aa8fb2fdb5dc8ef685c9049b,2024-07-30T04:10:36+00:00,Upload models.csv with huggingface_hub
6a165e6c9a863d6013b03cafc0b7418fab50c81a,2024-07-30T04:10:27+00:00,Upload spaces.csv with huggingface_hub
9baa788ef6f8ca8e55388903ad5577b40a357acf,2024-07-30T04:06:39+00:00,Upload datasets.csv with huggingface_hub
7c554fbaf24f6100f89f588e1620a7446dd7d4e9,2024-07-30T04:06:36+00:00,Upload models.csv with huggingface_hub
bdbe77dd8bb181e2d1e180683dfe11612e4cfd4d,2024-07-30T04:06:27+00:00,Upload spaces.csv with huggingface_hub
dbab4e9d92938bc0189e7bc66df3b7307654c663,2024-07-30T04:02:32+00:00,Upload datasets.csv with huggingface_hub
cceee3652062f413fbeb8cd4947964fc8487ee50,2024-07-30T04:02:29+00:00,Upload models.csv with huggingface_hub
1d025622dccf3072609905014b8338873d6d41a8,2024-07-30T04:02:22+00:00,Upload spaces.csv with huggingface_hub
820b4629846cbfad48acb2ed172c4f73142ce7f3,2024-07-30T03:58:30+00:00,Upload datasets.csv with huggingface_hub
aa00ee61ca3b5f0b4dc49d43bae6df5c3483b18a,2024-07-30T03:58:27+00:00,Upload models.csv with huggingface_hub
2755b878b08d65271324aa76e88f429ec2996ed9,2024-07-30T03:58:20+00:00,Upload spaces.csv with huggingface_hub
c38eb1252e38db046f3644f06b7cdac430030058,2024-07-30T03:54:44+00:00,Upload datasets.csv with huggingface_hub
764dfee0edc8385f390b54c3ae050770c86a1e02,2024-07-30T03:54:39+00:00,Upload models.csv with huggingface_hub
2027880ac60194b72723676f32f63592132deb49,2024-07-30T03:54:33+00:00,Upload spaces.csv with huggingface_hub
5c05cb2664e4d0ee58dea9bdd49899657695fd15,2024-07-30T03:50:57+00:00,Upload datasets.csv with huggingface_hub
4497e413c4760155c79c6f774824f8c5e85b772b,2024-07-30T03:50:53+00:00,Upload models.csv with huggingface_hub
7950fb0a54d1533438f67069caef1c864b53fdfb,2024-07-30T03:50:45+00:00,Upload spaces.csv with huggingface_hub
086ce26b22935fe310420a88d0ec9954b9295bca,2024-07-30T03:47:04+00:00,Upload datasets.csv with huggingface_hub
5d34ae54ee558d815111d3fb074149a4e418e74a,2024-07-30T03:46:59+00:00,Upload models.csv with huggingface_hub
58d3ce22bf83fa3ca85b50d3a58264cf6e547cf9,2024-07-30T03:46:51+00:00,Upload spaces.csv with huggingface_hub
f3c196f308a1b64fdaf24b758c2bf1563e7ae235,2024-07-30T03:43:14+00:00,Upload datasets.csv with huggingface_hub
ccd5a20151892e09970e6cf838e4be42bc834ab1,2024-07-30T03:43:10+00:00,Upload models.csv with huggingface_hub
721de1d639032df261ad9ff42d29a1b758e15a7f,2024-07-30T03:42:58+00:00,Upload spaces.csv with huggingface_hub
8c7e4dc8efd5b04aad1a460f7f781ddf2e234059,2024-07-30T03:39:22+00:00,Upload datasets.csv with huggingface_hub
b769ec960eefc14d4dc83f9576ba824809fafb9b,2024-07-30T03:39:19+00:00,Upload models.csv with huggingface_hub
ba8cdd15fd16aac781db275c6789563138870851,2024-07-30T03:39:11+00:00,Upload spaces.csv with huggingface_hub
daa7e318d24930bba3bd6d697eb64a4cfad75da1,2024-07-30T03:35:34+00:00,Upload datasets.csv with huggingface_hub
7cf9f55acb7bdb7e6993579cdaa992f3612fb02b,2024-07-30T03:35:31+00:00,Upload models.csv with huggingface_hub
f705c437bec4c6af51f6cee3e37ce073b18f854c,2024-07-30T03:35:23+00:00,Upload spaces.csv with huggingface_hub
fcea6cfa24e4db946d3555f5679c3e59e6180174,2024-07-30T03:31:39+00:00,Upload datasets.csv with huggingface_hub
bf28b998f86ee48e7f5c3000536575739e4bc4aa,2024-07-30T03:31:36+00:00,Upload models.csv with huggingface_hub
429cb2d2f5170e40dc55eff38422ad85c08a48c8,2024-07-30T03:31:27+00:00,Upload spaces.csv with huggingface_hub
86777fc4a584f8b8f4a5222fcc6b52dde5e007e6,2024-07-30T03:27:41+00:00,Upload datasets.csv with huggingface_hub
6184305c56d96e0eec1216c1b8b2ba5771bd9585,2024-07-30T03:27:38+00:00,Upload models.csv with huggingface_hub
d135e7329c49ed89d9c741ac69f181440b8a6607,2024-07-30T03:27:30+00:00,Upload spaces.csv with huggingface_hub
7f292c0ba6cff48a59a4951f41868e8a067f6652,2024-07-30T03:23:51+00:00,Upload datasets.csv with huggingface_hub
16256a7d9fa55b6bea0c3aef12d1f9766fbab9f5,2024-07-30T03:23:48+00:00,Upload models.csv with huggingface_hub
a2c7e23da83437123508cb6c6480d41c729a13a6,2024-07-30T03:23:41+00:00,Upload spaces.csv with huggingface_hub
0984e7136300dc8144e2ed269a2c2fb661056319,2024-07-30T03:20:10+00:00,Upload datasets.csv with huggingface_hub
85e10bc27590b3a12cc21b9649f3f722265554a8,2024-07-30T03:20:01+00:00,Upload models.csv with huggingface_hub
76220964db1d772f627f4e76c93a2bacabeb7382,2024-07-30T03:19:54+00:00,Upload spaces.csv with huggingface_hub
0358dea7cd76985d0f11197b54c65e72e5d6cd21,2024-07-30T03:16:24+00:00,Upload datasets.csv with huggingface_hub
913ab9e0271c4f6d87c645a58975f61a1f99e391,2024-07-30T03:16:20+00:00,Upload models.csv with huggingface_hub
22cb85db7da4a57379a57d8bdb40e072ed8ea59d,2024-07-30T03:16:10+00:00,Upload spaces.csv with huggingface_hub
6b12ef42c693d5892d8dc0830e0a346a6db5d523,2024-07-30T03:12:26+00:00,Upload datasets.csv with huggingface_hub
605f2a7104655f36ab1464a2f966e939c6326b7b,2024-07-30T03:12:22+00:00,Upload models.csv with huggingface_hub
80b0847c1139bf92dcd31b6c093361e6cc0189c6,2024-07-30T03:12:13+00:00,Upload spaces.csv with huggingface_hub
53e800d44e8e73e5b0033f0ae840245bff474dc0,2024-07-30T03:08:30+00:00,Upload datasets.csv with huggingface_hub
50a2ee82a4c9867b42de52ff227c4895f497e3d8,2024-07-30T03:08:26+00:00,Upload models.csv with huggingface_hub
d211117b25c5e419c5105b9f862e48e6dfcfb98c,2024-07-30T03:08:17+00:00,Upload spaces.csv with huggingface_hub
0333451c093dd299c55ff655de14bfd94ea8718d,2024-07-30T03:04:24+00:00,Upload datasets.csv with huggingface_hub
4f3e8b3e20988ffb5ea7416b2e002941917b6666,2024-07-30T03:04:21+00:00,Upload models.csv with huggingface_hub
14bd808283af794fa0f5af002e99701112965f39,2024-07-30T03:04:14+00:00,Upload spaces.csv with huggingface_hub
c055d562098a5968a7f53fac7023b9efd12de7c2,2024-07-30T03:00:26+00:00,Upload datasets.csv with huggingface_hub
7d1b643a0561670f07678f813f9559258327c260,2024-07-30T03:00:22+00:00,Upload models.csv with huggingface_hub
7b326805940ca03b2ff7d2a4b1b86530698a5c43,2024-07-30T03:00:00+00:00,Upload spaces.csv with huggingface_hub
3c36185b5fab1cbf4f41e4ac2d929bf0a8f69cb4,2024-07-30T02:56:35+00:00,Upload datasets.csv with huggingface_hub
b0328d11bad5e36aaa500401b53ce113f7c44122,2024-07-30T02:56:32+00:00,Upload models.csv with huggingface_hub
8c3243a8b4ac85ccfbe2ba26ee536266e24ceb47,2024-07-30T02:56:25+00:00,Upload spaces.csv with huggingface_hub
71b43f8d7cee147e65bd4b5acf977a7c35066bd5,2024-07-30T02:52:43+00:00,Upload datasets.csv with huggingface_hub
4d94f0b93e843c0ea9de343bdd814ddd991b2f0b,2024-07-30T02:52:40+00:00,Upload models.csv with huggingface_hub
ce4173b6631945e855cc5ff63ec35eabcb352347,2024-07-30T02:52:32+00:00,Upload spaces.csv with huggingface_hub
b419dbe8a7a52d67aec52283c453b4adb6d1cb84,2024-07-30T02:48:51+00:00,Upload datasets.csv with huggingface_hub
b4c4b45d92b1afe5dfaeffeb344f3dc721d18680,2024-07-30T02:48:48+00:00,Upload models.csv with huggingface_hub
76139a891a5d682895460e818836ce908b568c2c,2024-07-30T02:48:41+00:00,Upload spaces.csv with huggingface_hub
b631db603a2619baa0cd6df04928014070f04817,2024-07-30T02:44:59+00:00,Upload datasets.csv with huggingface_hub
66517b8cbfe12287a3eca8f77791f80857d75c20,2024-07-30T02:44:56+00:00,Upload models.csv with huggingface_hub
4dae01e2ceab3af721fc188b11e030ec15f71cf0,2024-07-30T02:44:50+00:00,Upload spaces.csv with huggingface_hub
fdaf01bb35b329eb6d08e058ce8b2af52d346ec1,2024-07-30T02:41:23+00:00,Upload datasets.csv with huggingface_hub
bdccee057fec1d5576e06c3090fbbb1298e784c0,2024-07-30T02:41:20+00:00,Upload models.csv with huggingface_hub
97e95284331d8411e2a1632ed35a3867562e2773,2024-07-30T02:41:10+00:00,Upload spaces.csv with huggingface_hub
6d6914fd47ccd36e0342c50874d3cf88413aad6d,2024-07-30T02:37:27+00:00,Upload datasets.csv with huggingface_hub
43e529ed695747e1c8475d690341d59b60282a0a,2024-07-30T02:37:23+00:00,Upload models.csv with huggingface_hub
a32b361b2d2998223eba39bef77dce6c57f82808,2024-07-30T02:37:17+00:00,Upload spaces.csv with huggingface_hub
bd128eba4651c0dede652ea7b0db5fedba4b64e2,2024-07-30T02:33:23+00:00,Upload datasets.csv with huggingface_hub
d69ac30ccb63f3bb07c532ec727c8f7adaf4fac3,2024-07-30T02:33:03+00:00,Upload models.csv with huggingface_hub
497394a48292ea751d01e7cb750bb78dc0263dcc,2024-07-30T02:32:46+00:00,Upload spaces.csv with huggingface_hub
cc05f1a914ead7cb3f9c41ba2538add982224fa4,2024-07-30T02:28:54+00:00,Upload datasets.csv with huggingface_hub
204631aa36d68860d5a8a727a2ca99151c2b7893,2024-07-30T02:28:45+00:00,Upload models.csv with huggingface_hub
824ace6543809c062e49c041ebd907c9e821d907,2024-07-30T02:28:33+00:00,Upload spaces.csv with huggingface_hub
461240e242b57de1868a286819cfdb49f4788726,2024-07-30T02:24:46+00:00,Upload datasets.csv with huggingface_hub
e0e367b6472ebf59d666c11f337e74b3f80cf598,2024-07-30T02:24:42+00:00,Upload models.csv with huggingface_hub
5e4aef15bee43fc45ace3b2a2a57a116f7d3fc34,2024-07-30T02:24:34+00:00,Upload spaces.csv with huggingface_hub
e951449d6b16d931bb09ef4f132433ce969b3355,2024-07-30T02:20:53+00:00,Upload datasets.csv with huggingface_hub
0256a633db6e13222f2c66f48f3b6ec673114f13,2024-07-30T02:20:49+00:00,Upload models.csv with huggingface_hub
1c53f2de4a0a8d985c8f074b79efd508b92e3f02,2024-07-30T02:20:40+00:00,Upload spaces.csv with huggingface_hub
caba40b1bcbae117dd6a41517d016f2a2ab102f7,2024-07-30T00:21:59+00:00,Upload datasets.parquet with huggingface_hub
9d0683267634d74d72ec7e836fdc406b8eeb2697,2024-07-30T00:21:53+00:00,Upload models.parquet with huggingface_hub
6cdc051d4cbe536141dab52305cb43d8c7c2ad13,2024-07-30T00:21:42+00:00,Upload spaces.parquet with huggingface_hub
e5a9ac6dad175e19545bdc1d3606e2b296248467,2024-07-29T22:05:00+00:00,Update README.md
91ad8ff6f35739f03dbc85fad1423e81aca34e2b,2024-07-29T22:03:52+00:00,Upload datasets.parquet with huggingface_hub
8449d09c431d3136ef74dc7ab1fc3070861fa04e,2024-07-29T22:03:48+00:00,Upload models.parquet with huggingface_hub
ba65f8bec1a17ccec530f702e6f8b131364ceb19,2024-07-29T22:03:39+00:00,Upload spaces.parquet with huggingface_hub
5cd9b9820dc19b050dbe5e5e8a28084b2bd1c4a9,2024-07-26T19:06:18+00:00,Update README.md
98442e4351bf2f9e50c59db71fa3017f4471770b,2024-07-24T18:30:40+00:00,Update README.md
a1f68fad911319b416faddf45ad65c1f7040958c,2024-07-24T18:27:51+00:00,Upload 3 files
114d871c765d1bd1eea6e07e3773cf1d3415f4e9,2024-07-24T18:20:02+00:00,initial commit
