day,gap,m_ratio,m_fz2000,m_n,d_ratio,d_fz200,d_fz1000,d_fz2000,d_n200,d_n1000,models_ts,datasets_ts,models_int_h,datasets_int_h,ds_minus_models_min,models_ncommits,datasets_ncommits
2025-02-28,1,1.137415697842344,0.0,1169.0,,,,,,,2025-02-28T14:23:23.000000+0000,,17.121388888888887,,,1,
2025-03-03,3,0.877382139828827,NaN,0.0,0.9501005378725615,NaN,NaN,NaN,0.0,0.0,2025-03-03T14:22:58.000000+0000,2025-03-03T14:07:29.000000+0000,71.99305555555556,88.83027777777778,-15.483333333333333,1,1
2025-03-04,1,0.0,1.0,1241.0,0.0,1.0,1.0,1.0,780.0,157.0,2025-03-04T00:39:07.000000+0000,2025-03-04T00:32:08.000000+0000,10.269166666666667,10.410833333333333,-6.983333333333333,1,1
2025-03-05,1,1.0,0.0056406124093473006,1241.0,1.0,0.005128205128205128,0.0,0.0,780.0,157.0,2025-03-05T00:38:47.000000+0000,2025-03-05T00:32:10.000000+0000,23.994444444444444,24.000555555555554,-6.616666666666666,1,1
2025-03-06,1,1.0811718287375178,0.008058017727639,1241.0,1.0912485701775816,0.02560819462227913,0.0,0.0,781.0,157.0,2025-03-06T00:39:10.000000+0000,2025-03-06T00:32:22.000000+0000,24.00638888888889,24.003333333333334,-6.8,1,1
2025-03-07,1,1.0133116684183676,0.0008045052292839903,1243.0,1.0744114149624162,0.001277139208173691,0.0,0.0,783.0,157.0,2025-03-07T00:38:46.000000+0000,2025-03-07T00:32:04.000000+0000,23.993333333333332,23.995,-6.7,1,1
2025-03-08,1,1.0432203709196688,0.004803843074459567,1249.0,1.078098375412292,0.01403061224489796,0.006369426751592357,0.0,784.0,157.0,2025-03-08T00:38:54.000000+0000,2025-03-08T00:32:12.000000+0000,24.002222222222223,24.002222222222223,-6.7,1,1
2025-03-09,1,1.8290611675811228,0.0008,1250.0,1.7002584193900905,0.0,0.0,0.0,784.0,157.0,2025-03-09T23:39:34.000000+0000,2025-03-09T23:32:09.000000+0000,47.01111111111111,46.99916666666667,-7.416666666666667,2,2
2025-03-10,1,0.7943431883829715,0.0016,1250.0,1.2068822846532763,0.008917197452229299,0.0,0.0,785.0,158.0,2025-03-10T23:40:08.000000+0000,2025-03-10T23:32:35.000000+0000,24.009444444444444,24.00722222222222,-7.55,1,1
2025-03-11,1,0.8882480512408484,0.0096,1250.0,1.0240277302606449,0.011450381679389313,0.0,0.0,786.0,159.0,2025-03-11T23:40:32.000000+0000,2025-03-11T23:32:42.000000+0000,24.006666666666668,24.001944444444444,-7.833333333333333,1,1
2025-03-12,1,1.0,0.011990407673860911,1251.0,0.8918230026473041,0.022900763358778626,0.0,0.0,786.0,159.0,2025-03-12T23:38:44.000000+0000,2025-03-12T23:32:09.000000+0000,23.97,23.990833333333335,-6.583333333333333,1,1
2025-03-13,1,1.0342816467679203,0.0007911392405063291,1264.0,1.0962431616848414,0.0,0.0,0.0,787.0,159.0,2025-03-13T23:40:09.000000+0000,2025-03-13T23:33:03.000000+0000,24.023611111111112,24.015,-7.1,1,1
2025-03-14,1,1.0,0.0015810276679841897,1265.0,1.100675146576522,0.0,0.0,0.0,787.0,159.0,2025-03-14T23:39:30.000000+0000,2025-03-14T23:32:19.000000+0000,23.989166666666666,23.98777777777778,-7.183333333333334,1,1
2025-03-15,1,1.0040092458198742,0.0015785319652722968,1267.0,0.8721027010285646,0.0,0.0,0.0,789.0,160.0,2025-03-15T23:40:15.000000+0000,2025-03-15T23:32:21.000000+0000,24.0125,24.000555555555554,-7.8999999999999995,1,1
2025-03-16,1,0.7954867795558186,0.003946329913180742,1267.0,0.6907392880171512,0.0012674271229404308,0.0,0.0,789.0,160.0,2025-03-16T23:39:31.000000+0000,2025-03-16T23:32:41.000000+0000,23.98777777777778,24.005555555555556,-6.833333333333333,1,1
2025-03-17,1,0.7695088025855636,0.0007892659826361484,1267.0,0.9543642592450429,0.0037974683544303796,0.0,0.0,790.0,160.0,2025-03-17T23:40:48.000000+0000,2025-03-17T23:32:37.000000+0000,24.02138888888889,23.99888888888889,-8.183333333333334,1,1
2025-03-18,1,0.983239252354028,0.0015772870662460567,1268.0,1.1033463436635682,0.005050505050505051,0.0,0.0,792.0,160.0,2025-03-18T23:39:48.000000+0000,2025-03-18T23:32:40.000000+0000,23.983333333333334,24.000833333333333,-7.133333333333333,1,1
2025-03-19,1,1.0215603870870782,0.0007874015748031496,1270.0,0.9759325908331187,0.0037735849056603774,0.0,0.0,795.0,161.0,2025-03-19T23:41:04.000000+0000,2025-03-19T23:32:33.000000+0000,24.02111111111111,23.998055555555556,-8.516666666666666,2,2
2025-03-20,1,1.079019610196187,0.0,1270.0,0.968084289695342,0.001256281407035176,0.0,0.0,796.0,161.0,2025-03-20T23:40:59.000000+0000,2025-03-20T23:32:25.000000+0000,23.99861111111111,23.997777777777777,-8.566666666666666,1,1
2025-03-21,1,1.0556276930716302,0.0007867820613690008,1271.0,1.093224984926749,0.028858218318695106,0.012422360248447204,0.023255813953488372,797.0,161.0,2025-03-21T23:43:57.000000+0000,2025-03-21T23:33:19.000000+0000,24.049444444444443,24.015,-10.633333333333333,1,1
2025-03-23,2,0.9279148930780832,NaN,0.0,1.0204630910038142,NaN,NaN,NaN,0.0,0.0,2025-03-23T23:41:24.000000+0000,2025-03-23T23:33:11.000000+0000,47.9575,47.99777777777778,-8.216666666666667,1,1
2025-03-24,1,0.7955115904653336,0.0023603461841070024,1271.0,0.9587370479234871,0.01756587202007528,0.018633540372670808,0.03488372093023256,797.0,161.0,2025-03-24T23:40:12.000000+0000,2025-03-24T23:32:27.000000+0000,23.98,23.98777777777778,-7.75,1,1
2025-03-25,1,1.0170464590442705,0.0,1274.0,1.0920996811027412,0.0075282308657465494,0.0,0.0,797.0,161.0,2025-03-25T23:39:37.000000+0000,2025-03-25T23:32:19.000000+0000,23.990277777777777,23.997777777777777,-7.3,1,1
2025-03-26,1,1.2675461561965027,0.0,1274.0,1.1388993256438524,0.0,0.0,0.0,797.0,161.0,2025-03-26T23:39:33.000000+0000,2025-03-26T23:32:13.000000+0000,23.99888888888889,23.998333333333335,-7.333333333333333,1,1
2025-03-27,1,1.480573332756886,0.0,1275.0,1.0968327327353447,0.026348808030112924,0.0,0.0,797.0,161.0,2025-03-27T23:39:11.000000+0000,2025-03-27T23:32:15.000000+0000,23.99388888888889,24.000555555555554,-6.933333333333334,1,1
2025-03-28,1,1.3325347012638344,0.000784313725490196,1275.0,0.9799472502394135,0.05771643663739021,0.012422360248447204,0.011627906976744186,797.0,161.0,2025-03-28T23:39:42.000000+0000,2025-03-28T23:32:21.000000+0000,24.00861111111111,24.001666666666665,-7.35,1,1
2025-03-29,1,0.970216522412188,0.001568627450980392,1275.0,0.8952519038685217,0.04505632040050062,0.043478260869565216,0.03488372093023256,799.0,161.0,2025-03-29T23:41:09.000000+0000,2025-03-29T23:32:18.000000+0000,24.024166666666666,23.999166666666667,-8.85,1,1
2025-03-30,1,0.7734915652395363,0.005490196078431373,1275.0,0.8871519932050301,0.007509386733416771,0.012422360248447204,0.011627906976744186,799.0,161.0,2025-03-30T23:39:29.000000+0000,2025-03-30T23:32:32.000000+0000,23.97222222222222,24.003888888888888,-6.95,1,1
2025-03-31,1,0.7426034909466979,0.0,1275.0,0.7979508743727305,0.02,0.06832298136645963,0.09302325581395349,800.0,161.0,2025-03-31T23:39:42.000000+0000,2025-03-31T23:32:28.000000+0000,24.003611111111113,23.99888888888889,-7.233333333333333,1,1
2025-04-01,1,0.8910772219090968,0.0023346303501945525,1285.0,0.9658870651654505,0.041312272174969626,0.06832298136645963,0.09090909090909091,823.0,161.0,2025-04-01T23:39:33.000000+0000,2025-04-01T23:32:19.000000+0000,23.9975,23.9975,-7.233333333333333,1,1
2025-04-02,1,1.0058722747200393,0.0031128404669260703,1285.0,1.024178287229364,0.03519417475728155,0.018518518518518517,0.02247191011235955,824.0,162.0,2025-04-02T23:39:43.000000+0000,2025-04-02T23:32:30.000000+0000,24.002777777777776,24.003055555555555,-7.216666666666667,1,1
2025-04-03,1,1.0673672906352223,0.0015564202334630351,1285.0,1.0,0.06796116504854369,0.037037037037037035,0.011235955056179775,824.0,162.0,2025-04-03T23:40:29.000000+0000,2025-04-03T23:32:38.000000+0000,24.012777777777778,24.002222222222223,-7.85,1,1
2025-04-04,1,1.0263055880271623,0.008553654743390357,1286.0,0.9535899887687012,0.0583232077764277,0.037037037037037035,0.011235955056179775,823.0,162.0,2025-04-04T23:40:15.000000+0000,2025-04-04T23:32:31.000000+0000,23.996111111111112,23.998055555555556,-7.733333333333333,1,1
2025-04-05,1,1.024680558009433,0.002331002331002331,1287.0,0.9910618190018348,0.019441069258809233,0.0,0.0,823.0,162.0,2025-04-05T23:41:18.000000+0000,2025-04-05T23:32:47.000000+0000,24.0175,24.004444444444445,-8.516666666666666,1,1
2025-04-06,1,0.7770254742326261,0.007757951900698216,1289.0,1.0,0.04611650485436893,0.06790123456790123,0.0898876404494382,824.0,162.0,2025-04-06T23:40:25.000000+0000,2025-04-06T23:32:23.000000+0000,23.985277777777778,23.993333333333332,-8.033333333333333,1,1
2025-04-07,1,0.8659207367343329,0.0015515903801396431,1289.0,1.0625601644251441,0.032766990291262135,0.006172839506172839,0.0,824.0,162.0,2025-04-07T23:40:05.000000+0000,2025-04-07T23:32:22.000000+0000,23.994444444444444,23.99972222222222,-7.716666666666667,1,1
2025-04-08,1,0.9738394905942284,0.0023328149300155523,1286.0,1.0,0.024271844660194174,0.0,0.0,824.0,162.0,2025-04-08T23:39:24.000000+0000,2025-04-08T23:32:08.000000+0000,23.988611111111112,23.996111111111112,-7.266666666666667,1,1
2025-04-09,1,1.0132264007152347,0.002325581395348837,1290.0,1.0364282739051238,0.021844660194174758,0.012345679012345678,0.011235955056179775,824.0,162.0,2025-04-09T23:40:14.000000+0000,2025-04-09T23:32:24.000000+0000,24.01388888888889,24.004444444444445,-7.833333333333333,1,1
2025-04-10,1,1.0072563890924795,0.0015479876160990713,1292.0,1.0926567007424666,0.027912621359223302,0.006172839506172839,0.011235955056179775,824.0,162.0,2025-04-10T23:39:42.000000+0000,2025-04-10T23:32:17.000000+0000,23.99111111111111,23.998055555555556,-7.416666666666667,1,1
2025-04-11,1,0.8874825084791839,0.008494208494208495,1295.0,1.006466794638075,0.09333333333333334,0.06790123456790123,0.06741573033707865,825.0,162.0,2025-04-11T23:39:30.000000+0000,2025-04-11T23:32:15.000000+0000,23.996666666666666,23.999444444444446,-7.25,1,1
2025-04-12,1,1.1456666030529055,0.0015444015444015444,1295.0,0.913050782645198,0.027912621359223302,0.062111801242236024,0.06818181818181818,824.0,161.0,2025-04-12T23:39:57.000000+0000,2025-04-12T23:32:19.000000+0000,24.0075,24.00111111111111,-7.633333333333333,1,1
2025-04-13,1,0.9473854477592817,0.003861003861003861,1295.0,1.008300502606265,0.007272727272727273,0.0,0.0,825.0,162.0,2025-04-13T23:41:09.000000+0000,2025-04-13T23:32:46.000000+0000,24.02,24.0075,-8.383333333333333,1,1
2025-04-14,1,0.8821847749908995,0.03088803088803089,1295.0,0.0,1.0,1.0,1.0,820.0,161.0,2025-04-14T23:40:18.000000+0000,2025-04-14T23:32:45.000000+0000,23.985833333333332,23.99972222222222,-7.55,1,2
2025-04-15,1,1.0548171274266394,0.0007722007722007722,1295.0,2.3386168327259877,0.007255139056831923,0.006172839506172839,0.011363636363636364,827.0,162.0,2025-04-15T23:40:54.000000+0000,2025-04-15T23:32:55.000000+0000,24.01,24.002777777777776,-7.983333333333333,1,1
2025-04-16,1,1.0987798408149225,0.005405405405405406,1295.0,1.2059428710701012,0.010882708585247884,0.012345679012345678,0.011363636363636364,827.0,162.0,2025-04-16T23:39:57.000000+0000,2025-04-16T23:32:26.000000+0000,23.984166666666667,23.991944444444446,-7.516666666666667,1,1
2025-04-17,1,1.127664114931028,0.0,1298.0,1.184616109134241,0.004830917874396135,0.0,0.0,828.0,162.0,2025-04-17T23:40:25.000000+0000,2025-04-17T23:32:26.000000+0000,24.00777777777778,24.0,-7.983333333333333,1,1
2025-04-18,1,1.083710335328707,0.003849114703618168,1299.0,1.300815301755837,0.0,0.0,0.0,831.0,162.0,2025-04-18T23:43:12.000000+0000,2025-04-18T23:32:51.000000+0000,24.046388888888888,24.006944444444443,-10.35,1,1
2025-04-19,1,1.0282937339439893,0.004615384615384616,1300.0,1.0901697539096162,0.0,0.0,0.0,834.0,163.0,2025-04-19T23:40:03.000000+0000,2025-04-19T23:32:17.000000+0000,23.9475,23.990555555555556,-7.766666666666667,1,1
2025-04-20,1,0.9244182168924971,0.007692307692307693,1300.0,0.9843557321657065,0.005988023952095809,0.0,0.0,835.0,164.0,2025-04-20T23:40:10.000000+0000,2025-04-20T23:32:28.000000+0000,24.001944444444444,24.003055555555555,-7.7,1,1
2025-04-22,2,0.9477914228502009,NaN,0.0,1.0,NaN,NaN,NaN,0.0,0.0,2025-04-22T23:40:37.000000+0000,2025-04-22T23:32:34.000000+0000,48.0075,48.001666666666665,-8.05,1,1
2025-04-23,1,0.6298630000914828,0.03689469638739431,1301.0,0.9666659003706566,0.005924170616113744,0.006024096385542169,0.0,844.0,166.0,2025-04-23T23:40:24.000000+0000,2025-04-23T23:32:28.000000+0000,23.996388888888887,23.998333333333335,-7.933333333333334,1,1
2025-04-24,1,0.9894998093511016,0.034588777863182166,1301.0,0.9728378848404678,0.0035460992907801418,0.006024096385542169,0.0,846.0,166.0,2025-04-24T23:40:37.000000+0000,2025-04-24T23:32:33.000000+0000,24.003611111111113,24.00138888888889,-8.066666666666666,1,1
2025-04-25,1,1.5146880967224525,0.009223674096848577,1301.0,1.0913615923618056,0.004728132387706856,0.0,0.0,846.0,166.0,2025-04-25T23:40:52.000000+0000,2025-04-25T23:32:29.000000+0000,24.004166666666666,23.99888888888889,-8.383333333333333,1,1
2025-04-26,1,0.981449804270723,0.005380476556495004,1301.0,0.7436711929034574,0.012971698113207548,0.012048192771084338,0.0,848.0,166.0,2025-04-26T23:40:10.000000+0000,2025-04-26T23:32:37.000000+0000,23.988333333333333,24.002222222222223,-7.55,1,1
2025-04-27,1,0.7217023352155446,0.023059185242121444,1301.0,0.759497234319158,0.008254716981132075,0.006024096385542169,0.0,848.0,166.0,2025-04-27T23:39:50.000000+0000,2025-04-27T23:32:15.000000+0000,23.994444444444444,23.99388888888889,-7.583333333333333,1,1
2025-04-28,1,1.055084458342952,0.003843197540353574,1301.0,1.0,0.00589622641509434,0.0,0.0,848.0,166.0,2025-04-28T23:40:32.000000+0000,2025-04-28T23:32:26.000000+0000,24.011666666666667,24.003055555555555,-8.1,1,1
2025-04-29,1,1.126875048181497,0.01281085154483798,1327.0,1.4154784240616827,0.0047169811320754715,0.006024096385542169,0.0,848.0,166.0,2025-04-29T23:40:29.000000+0000,2025-04-29T23:32:21.000000+0000,23.999166666666667,23.99861111111111,-8.133333333333333,1,1
2025-04-30,1,1.2149762010206926,0.00677710843373494,1328.0,1.268046300071676,0.004728132387706856,0.0,0.0,846.0,166.0,2025-04-30T23:40:14.000000+0000,2025-04-30T23:32:20.000000+0000,23.995833333333334,23.99972222222222,-7.8999999999999995,1,1
2025-05-01,1,1.0717311344781615,0.014534883720930232,1376.0,0.47428343075900253,0.009836065573770493,0.0,0.0,610.0,138.0,2025-05-01T23:40:39.000000+0000,2025-05-01T23:32:29.000000+0000,24.006944444444443,24.0025,-8.166666666666666,1,1
2025-05-02,1,0.9045356310092366,0.011594202898550725,1380.0,0.37632850793505707,0.022913256955810146,0.0,0.0,611.0,138.0,2025-05-02T23:40:39.000000+0000,2025-05-02T23:32:23.000000+0000,24.0,23.998333333333335,-8.266666666666666,1,1
2025-05-03,1,0.1166017613122644,0.2621288921071687,1381.0,0.0,1.0,1.0,1.0,612.0,139.0,2025-05-03T23:39:55.000000+0000,2025-05-03T23:32:11.000000+0000,23.98777777777778,23.996666666666666,-7.733333333333333,1,1
2025-05-04,1,0.0868778752158862,0.012309920347574221,1381.0,0.3072244571612762,0.021241830065359478,0.0,0.0,612.0,139.0,2025-05-04T23:40:08.000000+0000,2025-05-04T23:32:22.000000+0000,24.003611111111113,24.003055555555555,-7.766666666666667,1,1
2025-05-05,1,0.6257944541773,0.003620564808110065,1381.0,1.0,0.008169934640522876,0.0,0.0,612.0,139.0,2025-05-05T23:40:26.000000+0000,2025-05-05T23:32:28.000000+0000,24.005,24.001666666666665,-7.966666666666667,1,1
2025-05-06,1,2.4535773314016303,0.002170767004341534,1382.0,3.8431824185475265,0.0016339869281045752,0.0,0.0,612.0,139.0,2025-05-06T23:40:22.000000+0000,2025-05-06T23:32:23.000000+0000,23.99888888888889,23.99861111111111,-7.983333333333333,1,1
2025-05-08,2,1.3219175296216983,NaN,0.0,1.2010470377955944,NaN,NaN,NaN,0.0,0.0,2025-05-08T23:40:25.000000+0000,2025-05-08T23:32:27.000000+0000,48.00083333333333,48.00111111111111,-7.966666666666667,2,2
2025-05-09,1,1.0429833272698574,0.03829479768786127,1384.0,1.2888609470942498,0.0016260162601626016,0.0,0.0,615.0,140.0,2025-05-09T23:40:28.000000+0000,2025-05-09T23:32:33.000000+0000,24.000833333333333,24.001666666666665,-7.916666666666667,1,1
2025-05-10,1,0.9676728585455684,0.0072254335260115606,1384.0,0.8564081485933835,0.0065040650406504065,0.007142857142857143,0.0,615.0,140.0,2025-05-10T23:40:11.000000+0000,2025-05-10T23:32:15.000000+0000,23.995277777777776,23.995,-7.933333333333334,1,1
2025-05-11,1,0.8906869817193325,0.0036127167630057803,1384.0,0.8169918030854812,0.004862236628849271,0.007142857142857143,0.0,617.0,140.0,2025-05-11T23:40:19.000000+0000,2025-05-11T23:32:21.000000+0000,24.002222222222223,24.001666666666665,-7.966666666666667,1,1
2025-05-12,1,0.77873911625562,0.0021660649819494585,1385.0,0.7634586588337403,0.0016207455429497568,0.0,0.0,617.0,140.0,2025-05-12T23:40:20.000000+0000,2025-05-12T23:32:30.000000+0000,24.00027777777778,24.0025,-7.833333333333333,1,1
2025-05-13,1,1.0151304751878338,0.0007204610951008645,1388.0,0.8967159439109984,0.003236245954692557,0.0,0.0,618.0,140.0,2025-05-13T23:40:07.000000+0000,2025-05-13T23:32:21.000000+0000,23.996388888888887,23.9975,-7.766666666666667,1,1
2025-05-14,1,1.0,0.012256669069935111,1387.0,1.0,0.0016181229773462784,0.0,0.0,618.0,140.0,2025-05-14T23:40:24.000000+0000,2025-05-14T23:32:25.000000+0000,24.004722222222224,24.00111111111111,-7.983333333333333,2,2
2025-05-15,1,0.8651589286660809,0.026676279740447006,1387.0,1.1926264456379367,0.0016155088852988692,0.0,0.0,619.0,139.0,2025-05-15T23:40:57.000000+0000,2025-05-15T23:32:32.000000+0000,24.009166666666665,24.001944444444444,-8.416666666666666,1,1
2025-05-16,1,1.307723377079415,0.007930785868781542,1387.0,0.4517339068437486,0.0016181229773462784,0.0,0.0,618.0,139.0,2025-05-16T23:40:59.000000+0000,2025-05-16T23:32:28.000000+0000,24.000555555555554,23.99888888888889,-8.516666666666666,1,1
2025-05-17,1,0.9904114179978173,0.010086455331412104,1388.0,0.7187544378913188,0.004846526655896607,0.0,0.0,619.0,139.0,2025-05-17T23:40:28.000000+0000,2025-05-17T23:32:25.000000+0000,23.99138888888889,23.999166666666667,-8.05,1,1
2025-05-18,1,1.2692499599089522,0.001440922190201729,1388.0,0.5898626873802101,0.0064516129032258064,0.0,0.0,620.0,139.0,2025-05-18T23:41:04.000000+0000,2025-05-18T23:32:42.000000+0000,24.01,24.004722222222224,-8.366666666666667,1,1
2025-05-19,1,0.8057841501359387,0.0036023054755043226,1388.0,4.333780097010487,0.0032258064516129032,0.0,0.0,620.0,139.0,2025-05-19T23:42:26.000000+0000,2025-05-19T23:33:14.000000+0000,24.022777777777776,24.00888888888889,-9.2,1,1
2025-05-20,1,1.288744616360063,0.002161383285302594,1388.0,1.2678171271269782,0.0032258064516129032,0.0,0.0,620.0,139.0,2025-05-20T23:40:43.000000+0000,2025-05-20T23:32:30.000000+0000,23.97138888888889,23.98777777777778,-8.216666666666667,1,1
2025-05-21,1,7.445604592803465,0.012239020878329733,1389.0,1.0606261434768813,0.00322061191626409,0.0,0.0,621.0,139.0,2025-05-21T23:40:44.000000+0000,2025-05-21T23:32:27.000000+0000,24.00027777777778,23.999166666666667,-8.283333333333333,1,1
2025-05-22,1,1.0125925660936814,0.008626887131560028,1391.0,1.0052911518253582,0.003215434083601286,0.0,0.0,622.0,139.0,2025-05-22T23:40:42.000000+0000,2025-05-22T23:32:31.000000+0000,23.999444444444446,24.00111111111111,-8.183333333333334,1,1
2025-05-23,1,2.082567742265809,0.0007189072609633358,1391.0,0.836599006079974,0.004815409309791332,0.0,0.0,623.0,139.0,2025-05-23T23:40:58.000000+0000,2025-05-23T23:32:31.000000+0000,24.004444444444445,24.0,-8.45,1,1
2025-05-24,1,0.9021644414189733,0.0,1391.0,0.8793283218646063,0.004807692307692308,0.0,0.0,624.0,139.0,2025-05-24T23:40:31.000000+0000,2025-05-24T23:32:26.000000+0000,23.9925,23.99861111111111,-8.083333333333334,1,1
2025-05-25,1,0.9277273517147588,0.0014378145219266715,1391.0,0.9448142318365388,0.0032102728731942215,0.0,0.0,623.0,139.0,2025-05-25T23:40:22.000000+0000,2025-05-25T23:32:28.000000+0000,23.9975,24.000555555555554,-7.8999999999999995,1,1
2025-05-26,1,0.8802892016363606,0.0007189072609633358,1391.0,1.0658196445936758,0.0032102728731942215,0.0,0.0,623.0,139.0,2025-05-26T23:40:46.000000+0000,2025-05-26T23:32:31.000000+0000,24.006666666666668,24.000833333333333,-8.25,1,1
2025-05-27,1,0.9863746454465107,0.002156721782890007,1391.0,1.2144921012792,0.004807692307692308,0.0,0.0,624.0,139.0,2025-05-27T23:40:37.000000+0000,2025-05-27T23:32:32.000000+0000,23.9975,24.00027777777778,-8.083333333333334,1,1
2025-05-28,1,1.076052275879452,0.002156721782890007,1391.0,0.9926574024501108,0.0016025641025641025,0.0,0.0,624.0,139.0,2025-05-28T23:41:04.000000+0000,2025-05-28T23:32:38.000000+0000,24.0075,24.001666666666665,-8.433333333333334,1,1
2025-05-29,1,1.0485392433382499,0.0,1392.0,1.0,0.004815409309791332,0.0,0.0,623.0,139.0,2025-05-29T23:40:51.000000+0000,2025-05-29T23:32:25.000000+0000,23.996388888888887,23.996388888888887,-8.433333333333334,1,1
2025-05-30,1,1.0210172398859005,0.004291845493562232,1398.0,1.0,0.0016025641025641025,0.0,0.0,624.0,139.0,2025-05-30T23:41:00.000000+0000,2025-05-30T23:32:34.000000+0000,24.0025,24.0025,-8.433333333333334,1,1
2025-05-31,1,0.9869303306507835,0.0007147962830593281,1399.0,0.9074073507353227,0.008,0.0,0.0,625.0,139.0,2025-05-31T23:41:00.000000+0000,2025-05-31T23:32:29.000000+0000,24.0,23.99861111111111,-8.516666666666666,1,1
2025-06-01,1,0.8000058333267157,0.0007955449482895784,1257.0,0.8963916090275134,0.00510204081632653,0.014084507042253521,0.012987012987012988,588.0,142.0,2025-06-01T23:41:29.000000+0000,2025-06-01T23:32:41.000000+0000,24.008055555555554,24.003333333333334,-8.8,1,1
2025-06-02,1,0.8914063550124984,0.0,1257.0,1.0111732516184049,0.003401360544217687,0.0,0.0,588.0,142.0,2025-06-02T23:41:24.000000+0000,2025-06-02T23:32:43.000000+0000,23.99861111111111,24.000555555555554,-8.683333333333334,1,1
2025-06-03,1,1.0005447637769942,0.0,1257.0,1.1058481400157332,0.003401360544217687,0.0,0.0,588.0,142.0,2025-06-03T23:41:20.000000+0000,2025-06-03T23:32:29.000000+0000,23.99888888888889,23.996111111111112,-8.85,1,1
2025-06-04,,,,,1.0295100369024295,0.001694915254237288,0.007042253521126761,0.012987012987012988,590.0,142.0,,2025-06-04T23:32:30.000000+0000,,24.00027777777778,,,1
2025-06-05,,,,,1.2183612517233389,0.0,0.0,0.0,586.0,142.0,,2025-06-05T23:32:49.000000+0000,,24.005277777777778,,,1
2025-06-06,,,,,1.0748610062584572,0.0034071550255536627,0.014084507042253521,0.012987012987012988,587.0,142.0,,2025-06-06T23:32:31.000000+0000,,23.995,,,1
2025-06-07,,,,,0.8942911550643662,0.003401360544217687,0.013986013986013986,0.012987012987012988,588.0,143.0,,2025-06-07T23:32:35.000000+0000,,24.00111111111111,,,1
2025-06-08,,,,,0.84244177563296,0.0017006802721088435,0.006993006993006993,0.012987012987012988,588.0,143.0,,2025-06-08T23:32:45.000000+0000,,24.002777777777776,,,1
2025-06-09,,,,,1.0340827283706904,0.0,0.0,0.0,589.0,143.0,,2025-06-09T23:32:51.000000+0000,,24.001666666666665,,,1
2025-06-10,,,,,1.3279764024933214,0.001694915254237288,0.0,0.0,590.0,143.0,,2025-06-10T23:32:52.000000+0000,,24.00027777777778,,,1
2025-06-11,,,,,1.107398304342501,0.005076142131979695,0.006993006993006993,0.012987012987012988,591.0,143.0,,2025-06-11T23:32:51.000000+0000,,23.99972222222222,,,1
2025-06-12,,,,,1.0,0.008460236886632826,0.013986013986013986,0.012987012987012988,591.0,143.0,,2025-06-12T23:32:47.000000+0000,,23.99888888888889,,,1
2025-06-13,,,,,0.8839293404569023,0.00338409475465313,0.0,0.0,591.0,143.0,,2025-06-13T23:32:41.000000+0000,,23.998333333333335,,,1
2025-06-14,,,,,1.035890896153062,0.0033783783783783786,0.006944444444444444,0.012987012987012988,592.0,144.0,,2025-06-14T23:32:33.000000+0000,,23.997777777777777,,,1
2025-06-15,,,,,0.9609073501144964,0.008445945945945946,0.006944444444444444,0.012987012987012988,592.0,144.0,,2025-06-15T23:32:32.000000+0000,,23.99972222222222,,,1
2025-06-16,,,,,0.0,1.0,1.0,1.0,592.0,144.0,,2025-06-16T23:32:35.000000+0000,,24.000833333333333,,,1
2025-06-17,,,,,1.9673160368813134,0.0,0.0,0.0,592.0,144.0,,2025-06-17T23:32:39.000000+0000,,24.00111111111111,,,1
2025-06-18,,,,,1.1449917462745172,0.0,0.0,0.0,593.0,144.0,,2025-06-18T23:32:40.000000+0000,,24.00027777777778,,,1
2025-06-19,,,,,0.0,1.0,1.0,1.0,591.0,143.0,,2025-06-19T23:32:39.000000+0000,,23.99972222222222,,,1
2025-06-20,,,,,3.6839785140218706,0.0,0.0,0.0,591.0,143.0,,2025-06-20T23:32:44.000000+0000,,24.00138888888889,,,1
2025-06-21,,,,,2.064380590946056,0.010135135135135136,0.006993006993006993,0.012987012987012988,592.0,143.0,,2025-06-21T23:32:45.000000+0000,,24.00027777777778,,,1
2025-06-22,,,,,1.6159033505875469,0.006756756756756757,0.0,0.0,592.0,143.0,,2025-06-22T23:32:38.000000+0000,,23.998055555555556,,,1
2025-06-24,,,,,1.0,NaN,NaN,NaN,0.0,0.0,,2025-06-24T23:32:43.000000+0000,,48.00138888888889,,,4
2025-06-25,,,,,0.0,1.0,1.0,1.0,592.0,143.0,,2025-06-25T23:32:39.000000+0000,,23.99888888888889,,,1
2025-06-26,,,,,0.00015274927175171145,1.0,1.0,1.0,592.0,143.0,,2025-06-26T23:32:46.000000+0000,,24.001944444444444,,,1
2025-06-27,,,,,0.0,1.0,1.0,1.0,592.0,143.0,,2025-06-27T23:32:44.000000+0000,,23.999444444444446,,,1
2025-06-28,,,,,0.0,1.0,1.0,1.0,592.0,143.0,,2025-06-28T23:32:41.000000+0000,,23.999166666666667,,,1
2025-06-29,,,,,0.0,1.0,1.0,1.0,592.0,143.0,,2025-06-29T23:32:43.000000+0000,,24.000555555555554,,,2
2025-07-09,36,1.0,NaN,0.0,1.0,NaN,NaN,NaN,0.0,0.0,2025-07-09T19:32:42.000000+0000,2025-07-09T19:37:06.000000+0000,859.8561111111111,236.07305555555556,4.4,3,2
2025-07-10,1,1.588927012983617,0.0020718232044198894,1448.0,1.1941107365449029,0.0,0.0,0.0,747.0,147.0,2025-07-10T13:08:00.000000+0000,2025-07-10T13:12:35.000000+0000,17.588333333333335,17.59138888888889,4.583333333333333,1,1
2025-07-11,1,1.0401823761948539,0.002073255010366275,1447.0,0.6009247842783746,0.0013386880856760374,0.0,0.0,747.0,147.0,2025-07-11T13:07:35.000000+0000,2025-07-11T13:12:00.000000+0000,23.993055555555557,23.990277777777777,4.416666666666667,1,1
2025-07-12,1,0.9867652518959473,0.0048375950241879755,1447.0,0.9721012837286878,0.004010695187165776,0.0,0.0,748.0,147.0,2025-07-12T13:07:09.000000+0000,2025-07-12T13:11:33.000000+0000,23.99277777777778,23.9925,4.4,1,1
2025-07-13,1,0.5644829025265854,0.0027605244996549345,1449.0,0.6520866363474193,0.012016021361815754,0.0,0.0,749.0,147.0,2025-07-13T13:07:15.000000+0000,2025-07-13T13:11:38.000000+0000,24.001666666666665,24.00138888888889,4.383333333333333,1,1
2025-07-14,1,0.5851413370548696,0.0013812154696132596,1448.0,0.6415933238861284,0.019973368841544607,0.0,0.0,751.0,147.0,2025-07-14T13:07:29.000000+0000,2025-07-14T13:12:02.000000+0000,24.003888888888888,24.006666666666668,4.55,1,1
2025-07-15,1,0.9161266561139392,0.0027605244996549345,1449.0,0.955936706399713,0.013333333333333334,0.0,0.0,750.0,147.0,2025-07-15T13:07:41.000000+0000,2025-07-15T13:12:21.000000+0000,24.003333333333334,24.005277777777778,4.666666666666667,1,1
2025-07-16,1,0.6817366229048291,0.41419710544452104,1451.0,0.0,1.0,1.0,1.0,750.0,147.0,2025-07-16T13:07:37.000000+0000,2025-07-16T13:12:02.000000+0000,23.99888888888889,23.994722222222222,4.416666666666667,1,1
2025-07-17,1,1.3879164312491628,0.0027529249827942187,1453.0,2.115790960658127,0.014627659574468085,0.0,0.0,752.0,148.0,2025-07-17T13:07:28.000000+0000,2025-07-17T13:11:58.000000+0000,23.9975,23.99888888888889,4.5,1,1
2025-07-18,1,0.9992946194842995,0.12492702860478692,1713.0,1.0,0.0199203187250996,0.0,0.0,753.0,148.0,2025-07-18T13:07:24.000000+0000,2025-07-18T13:12:03.000000+0000,23.99888888888889,24.00138888888889,4.65,1,1
2025-07-19,1,1.4316262602514755,0.0016759776536312849,1790.0,0.984173906153729,0.01455026455026455,0.0,0.0,756.0,148.0,2025-07-19T13:08:00.000000+0000,2025-07-19T13:12:17.000000+0000,24.01,24.003888888888888,4.283333333333333,1,1
2025-07-20,1,1.047228759043868,0.002233389168062535,1791.0,0.9039443481396874,0.023809523809523808,0.006756756756756757,0.0,756.0,148.0,2025-07-20T13:06:59.000000+0000,2025-07-20T13:11:40.000000+0000,23.983055555555556,23.989722222222223,4.683333333333334,1,1
2025-07-21,1,1.0,0.0005583472920156337,1791.0,1.1938337814256517,0.0,0.0,0.0,756.0,148.0,2025-07-21T13:08:08.000000+0000,2025-07-21T13:12:40.000000+0000,24.019166666666667,24.016666666666666,4.533333333333333,1,1
2025-07-22,1,1.1059070250739735,0.0005583472920156337,1791.0,1.2199040457377812,0.003963011889035667,0.0,0.0,757.0,148.0,2025-07-22T13:08:48.000000+0000,2025-07-22T13:13:20.000000+0000,24.011111111111113,24.011111111111113,4.533333333333333,1,1
2025-07-23,1,0.7510839604515904,0.46569994422755157,1793.0,0.0,1.0,1.0,1.0,757.0,148.0,2025-07-23T13:09:38.000000+0000,2025-07-23T13:14:20.000000+0000,24.01388888888889,24.016666666666666,4.7,1,1
2025-07-24,1,1.5572470894862687,0.0005564830272676684,1797.0,2.2120867076751334,0.0,0.0,0.0,759.0,148.0,2025-07-24T13:09:56.000000+0000,2025-07-24T13:14:30.000000+0000,24.005,24.002777777777776,4.566666666666666,1,1
2025-07-25,1,1.1151168009934682,0.0005561735261401557,1798.0,1.01456486216943,0.005242463958060288,0.0,0.0,763.0,149.0,2025-07-25T13:10:10.000000+0000,2025-07-25T13:14:37.000000+0000,24.003888888888888,24.001944444444444,4.45,1,1
2025-07-26,1,1.077062556604144,0.0011123470522803114,1798.0,1.0208711054961734,0.015706806282722512,0.0,0.0,764.0,149.0,2025-07-26T13:08:55.000000+0000,2025-07-26T13:13:21.000000+0000,23.979166666666668,23.97888888888889,4.433333333333334,1,1
2025-07-27,1,0.8519344017514938,0.0005561735261401557,1798.0,0.8572296485472606,0.0274869109947644,0.0,0.0,764.0,149.0,2025-07-27T13:09:01.000000+0000,2025-07-27T13:13:14.000000+0000,24.001666666666665,23.998055555555556,4.216666666666667,1,1
2025-07-28,1,0.8116249170402334,0.0011160714285714285,1792.0,0.9183155656432203,0.001310615989515072,0.0,0.0,763.0,148.0,2025-07-28T13:09:32.000000+0000,2025-07-28T13:14:04.000000+0000,24.00861111111111,24.01388888888889,4.533333333333333,1,1
2025-07-29,1,1.0433631416019138,0.12291434927697442,1798.0,1.0378319277269008,0.01303780964797914,0.0,0.0,767.0,150.0,2025-07-29T13:09:38.000000+0000,2025-07-29T13:14:09.000000+0000,24.001666666666665,24.00138888888889,4.516666666666667,1,1
2025-07-30,1,1.0542736976007492,0.07107162687395892,1801.0,1.0874077814385517,0.010430247718383311,0.0,0.0,767.0,150.0,2025-07-30T13:09:25.000000+0000,2025-07-30T13:13:49.000000+0000,23.996388888888887,23.994444444444444,4.4,1,1
2025-07-31,1,0.9601811631742568,0.06821963394342762,1803.0,0.9856442276758074,0.01171875,0.0,0.0,768.0,150.0,2025-07-31T13:09:09.000000+0000,2025-07-31T13:13:32.000000+0000,23.995555555555555,23.995277777777776,4.383333333333333,1,1
2025-08-01,1,0.9576357945632845,0.011394101876675604,1492.0,0.9393627246621362,0.006802721088435374,0.0,0.0,735.0,150.0,2025-08-01T13:09:14.000000+0000,2025-08-01T13:13:39.000000+0000,24.00138888888889,24.001944444444444,4.416666666666667,1,1
2025-08-02,1,0.9626343325838722,0.01000667111407605,1499.0,0.8777537803360452,0.006756756756756757,0.0,0.0,740.0,150.0,2025-08-02T13:09:28.000000+0000,2025-08-02T13:13:54.000000+0000,24.003888888888888,24.004166666666666,4.433333333333334,1,1
2025-08-03,1,0.821994221360803,0.011333333333333334,1500.0,0.776485693895482,0.006756756756756757,0.006666666666666667,0.0,740.0,150.0,2025-08-03T13:09:40.000000+0000,2025-08-03T13:14:05.000000+0000,24.003333333333334,24.003055555555555,4.416666666666667,1,1
2025-08-04,1,0.8702271124869495,0.010666666666666666,1500.0,0.8554673806936113,0.008097165991902834,0.006666666666666667,0.0,741.0,150.0,2025-08-04T13:10:08.000000+0000,2025-08-04T13:14:48.000000+0000,24.00777777777778,24.011944444444445,4.666666666666667,1,1
2025-08-05,1,1.0449652393530169,0.009333333333333334,1500.0,1.0209258711844038,0.010796221322537112,0.006666666666666667,0.0,741.0,150.0,2025-08-05T13:09:27.000000+0000,2025-08-05T13:13:57.000000+0000,23.988611111111112,23.985833333333332,4.5,1,1
2025-08-06,1,1.1378491405827866,0.0013315579227696406,1502.0,1.0770026559750385,0.006747638326585695,0.006666666666666667,0.0,741.0,150.0,2025-08-06T13:10:13.000000+0000,2025-08-06T13:15:13.000000+0000,24.012777777777778,24.02111111111111,5.0,1,1
2025-08-07,1,1.0414701291307427,0.001984126984126984,1512.0,1.1315640579838429,0.006729475100942127,0.006666666666666667,0.0,743.0,150.0,2025-08-07T13:09:25.000000+0000,2025-08-07T13:13:57.000000+0000,23.986666666666668,23.97888888888889,4.533333333333333,1,1
2025-08-08,1,1.060189940877507,0.002628120893561104,1522.0,1.3022494659839836,0.0013422818791946308,0.006666666666666667,0.0,745.0,150.0,2025-08-08T13:09:29.000000+0000,2025-08-08T13:14:07.000000+0000,24.00111111111111,24.002777777777776,4.633333333333333,1,1
2025-08-09,1,1.0057456417914532,0.001968503937007874,1524.0,1.1751039837522839,0.005369127516778523,0.0,0.0,745.0,150.0,2025-08-09T13:08:35.000000+0000,2025-08-09T13:13:04.000000+0000,23.985,23.9825,4.483333333333333,1,1
2025-08-10,1,0.8714322832622088,0.003937007874015748,1524.0,0.9156405864650036,0.010723860589812333,0.006666666666666667,0.0,746.0,150.0,2025-08-10T13:08:51.000000+0000,2025-08-10T13:13:27.000000+0000,24.004444444444445,24.00638888888889,4.6,1,1
2025-08-11,1,0.8511250197738062,0.0045901639344262295,1525.0,0.94789030679946,0.00804289544235925,0.006666666666666667,0.0,746.0,150.0,2025-08-11T13:09:01.000000+0000,2025-08-11T13:13:41.000000+0000,24.002777777777776,24.003888888888888,4.666666666666667,1,1
2025-08-12,1,1.0,0.0013089005235602095,1528.0,1.0,0.004,0.0,0.0,750.0,151.0,2025-08-12T13:09:26.000000+0000,2025-08-12T13:14:33.000000+0000,24.006944444444443,24.014444444444443,5.116666666666666,1,1
2025-08-13,1,0.386319311263685,0.7220405493786789,1529.0,0.0,0.99867197875166,1.0,1.0,753.0,151.0,2025-08-13T13:09:18.000000+0000,2025-08-13T13:14:03.000000+0000,23.997777777777777,23.991666666666667,4.75,1,1
2025-08-14,1,1.7761816985734076,0.0006540222367560497,1529.0,2.3805886724896665,0.0013227513227513227,0.006622516556291391,0.0,756.0,151.0,2025-08-14T13:16:26.000000+0000,2025-08-14T13:21:10.000000+0000,24.11888888888889,24.11861111111111,4.733333333333333,1,1
2025-08-15,1,1.067786232584029,0.002616088947024199,1529.0,1.1246666086121806,0.0,0.0,0.0,756.0,151.0,2025-08-15T13:09:24.000000+0000,2025-08-15T13:14:07.000000+0000,23.88277777777778,23.8825,4.716666666666667,1,1
2025-08-16,1,0.0,1.0,1539.0,0.0,1.0,1.0,1.0,756.0,151.0,2025-08-16T13:09:08.000000+0000,2025-08-16T13:13:33.000000+0000,23.995555555555555,23.990555555555556,4.416666666666667,1,1
2025-08-17,1,0.0,1.0,1539.0,4.735531110860888e-6,1.0,1.0,1.0,757.0,151.0,2025-08-17T13:08:45.000000+0000,2025-08-17T13:13:23.000000+0000,23.99361111111111,23.997222222222224,4.633333333333333,1,1
2025-08-18,1,0.8764227158223622,0.002599090318388564,1539.0,0.7736447699215901,0.002642007926023778,0.0,0.0,757.0,151.0,2025-08-18T13:08:47.000000+0000,2025-08-18T13:13:24.000000+0000,24.000555555555554,24.00027777777778,4.616666666666666,1,1
2025-08-19,1,0.000552908204987421,1.0,1539.0,0.0038189427558475916,0.9986789960369881,1.0,1.0,757.0,151.0,2025-08-19T13:10:25.000000+0000,2025-08-19T13:15:21.000000+0000,24.02722222222222,24.0325,4.933333333333334,1,1
2025-08-20,1,2.5965451768311136,0.45330739299610895,1542.0,0.04569787521980757,0.9842105263157894,0.9933774834437086,0.9875,760.0,151.0,2025-08-20T13:09:50.000000+0000,2025-08-20T13:14:28.000000+0000,23.990277777777777,23.985277777777778,4.633333333333333,1,1
2025-08-21,1,2.1762544483854707,0.0,1542.0,5.377570433422455,0.0,0.0,0.0,760.0,151.0,2025-08-21T13:10:07.000000+0000,2025-08-21T13:14:55.000000+0000,24.004722222222224,24.0075,4.8,1,1
2025-08-22,1,0.9787897620852866,0.0,1543.0,1.0820730278251967,0.0013123359580052493,0.0,0.0,762.0,152.0,2025-08-22T13:09:40.000000+0000,2025-08-22T13:14:21.000000+0000,23.9925,23.990555555555556,4.683333333333334,1,1
2025-08-23,1,1.021669860818247,0.0006480881399870382,1543.0,0.9876274141456659,0.0013123359580052493,0.0,0.0,762.0,152.0,2025-08-23T13:08:54.000000+0000,2025-08-23T13:13:46.000000+0000,23.987222222222222,23.990277777777777,4.866666666666666,1,1
2025-08-24,1,0.8475768477646543,0.004536616979909268,1543.0,0.7995395412028502,0.031496062992125984,0.0,0.0,762.0,152.0,2025-08-24T13:09:49.000000+0000,2025-08-24T13:14:37.000000+0000,24.01527777777778,24.014166666666668,4.8,1,1
2025-08-25,1,0.8723597495272816,0.002592352559948153,1543.0,0.9040824620212874,0.0013123359580052493,0.0,0.0,762.0,152.0,2025-08-25T13:09:45.000000+0000,2025-08-25T13:14:38.000000+0000,23.99888888888889,24.00027777777778,4.883333333333333,1,1
2025-08-26,1,1.007351912484578,0.002592352559948153,1543.0,1.1044868937685988,0.0,0.0,0.0,765.0,152.0,2025-08-26T13:09:47.000000+0000,2025-08-26T13:14:31.000000+0000,24.000555555555554,23.998055555555556,4.733333333333333,1,1
2025-08-27,1,1.0586636509859986,0.001941747572815534,1545.0,0.9584680734144174,0.0,0.0,0.0,765.0,152.0,2025-08-27T13:09:14.000000+0000,2025-08-27T13:13:55.000000+0000,23.990833333333335,23.99,4.683333333333334,1,1
2025-08-28,1,1.0290205775322379,0.0025823111684958036,1549.0,1.0824067501867136,0.0,0.0,0.0,765.0,152.0,2025-08-28T13:11:00.000000+0000,2025-08-28T13:16:03.000000+0000,24.029444444444444,24.035555555555554,5.05,1,1
2025-08-29,1,1.0513336882981612,0.0025823111684958036,1549.0,1.0509285829928081,0.0,0.0,0.0,769.0,152.0,2025-08-29T13:08:37.000000+0000,2025-08-29T13:13:05.000000+0000,23.960277777777776,23.950555555555557,4.466666666666667,1,1
2025-08-30,1,0.9852653872730395,0.0032278889606197547,1549.0,1.0,0.0012987012987012987,0.0,0.0,770.0,152.0,2025-08-30T13:09:31.000000+0000,2025-08-30T13:13:54.000000+0000,24.015,24.01361111111111,4.383333333333333,1,1
2025-08-31,1,0.8795177815585501,0.005806451612903226,1550.0,0.8934667009194522,0.0025940337224383916,0.0,0.0,771.0,153.0,2025-08-31T13:09:08.000000+0000,2025-08-31T13:13:24.000000+0000,23.99361111111111,23.991666666666667,4.266666666666667,1,1
2025-09-01,1,0.8799120015509553,0.027146464646464648,1584.0,0.9489570159718115,0.01807909604519774,0.018404907975460124,0.024390243902439025,885.0,163.0,2025-09-01T13:07:24.000000+0000,2025-09-01T13:11:56.000000+0000,23.97111111111111,23.975555555555555,4.533333333333333,1,1
2025-09-02,1,1.0301573849497374,0.001893939393939394,1584.0,1.0,0.014689265536723164,0.018404907975460124,0.024390243902439025,885.0,163.0,2025-09-02T13:08:54.000000+0000,2025-09-02T13:13:16.000000+0000,24.025,24.022222222222222,4.366666666666666,1,1
2025-09-03,1,1.0588322970979653,0.017034700315457414,1585.0,0.935448981351587,0.019187358916478554,0.018292682926829267,0.023809523809523808,886.0,164.0,2025-09-03T13:09:20.000000+0000,2025-09-03T13:13:55.000000+0000,24.00722222222222,24.010833333333334,4.583333333333333,1,1
2025-09-04,1,1.037683990611791,0.001890359168241966,1587.0,2.626216330068184,0.013498312710911136,0.01818181818181818,0.023809523809523808,889.0,165.0,2025-09-04T13:10:30.000000+0000,2025-09-04T13:14:57.000000+0000,24.019444444444446,24.017222222222223,4.45,1,1
2025-09-05,1,1.0,0.0025188916876574307,1588.0,1.2453542272276636,0.01348314606741573,0.018072289156626505,0.023529411764705882,890.0,166.0,2025-09-05T13:08:46.000000+0000,2025-09-05T13:13:04.000000+0000,23.97111111111111,23.968611111111112,4.3,1,1
2025-09-06,1,0.9878015415176745,0.01762114537444934,1589.0,1.063156130647068,0.010101010101010102,0.018072289156626505,0.023529411764705882,891.0,166.0,2025-09-06T13:08:44.000000+0000,2025-09-06T13:13:16.000000+0000,23.999444444444446,24.003333333333334,4.533333333333333,1,1
2025-09-07,1,0.8207209697044884,0.02391441157960982,1589.0,0.9405956201290686,0.012345679012345678,0.012048192771084338,0.011764705882352941,891.0,166.0,2025-09-07T13:09:12.000000+0000,2025-09-07T13:13:43.000000+0000,24.00777777777778,24.0075,4.516666666666667,1,1
2025-09-08,1,0.7474098260920813,0.027061044682190057,1589.0,0.8029843863991555,0.011210762331838564,0.017964071856287425,0.023529411764705882,892.0,167.0,2025-09-08T13:09:02.000000+0000,2025-09-08T13:13:32.000000+0000,23.997222222222224,23.996944444444445,4.5,1,1
2025-09-09,1,0.9749666928772207,0.0012586532410320957,1589.0,1.0947707814075762,0.007838745800671893,0.011976047904191617,0.011764705882352941,893.0,167.0,2025-09-09T13:09:28.000000+0000,2025-09-09T13:13:52.000000+0000,24.00722222222222,24.005555555555556,4.4,1,1
2025-09-10,1,0.2682697537253156,0.7805031446540881,1590.0,0.0,1.0,1.0,1.0,894.0,167.0,2025-09-10T13:09:35.000000+0000,2025-09-10T13:14:08.000000+0000,24.001944444444444,24.004444444444445,4.55,1,1
2025-09-11,1,1.6921425383516988,0.0018879798615481435,1589.0,2.713442051278476,0.005580357142857143,0.011904761904761904,0.011627906976744186,896.0,168.0,2025-09-11T13:09:18.000000+0000,2025-09-11T13:13:38.000000+0000,23.995277777777776,23.991666666666667,4.333333333333333,1,1
2025-09-12,1,1.055950301975464,0.019509125235997484,1589.0,1.1277678751187592,0.021205357142857144,0.011904761904761904,0.011627906976744186,896.0,168.0,2025-09-12T13:09:06.000000+0000,2025-09-12T13:13:27.000000+0000,23.996666666666666,23.996944444444445,4.35,1,1
2025-09-13,1,1.0777812863753182,0.0043997485857950975,1591.0,1.0752461579489538,0.029017857142857144,0.0,0.0,896.0,168.0,2025-09-13T13:08:54.000000+0000,2025-09-13T13:13:14.000000+0000,23.996666666666666,23.996388888888887,4.333333333333333,1,1
2025-09-14,1,0.926302300730721,0.0031426775612822125,1591.0,1.057899335967617,0.0078125,0.005952380952380952,0.011627906976744186,896.0,168.0,2025-09-14T13:09:06.000000+0000,2025-09-14T13:13:42.000000+0000,24.003333333333334,24.00777777777778,4.6,1,1
2025-09-15,1,0.8833522452246411,0.0043997485857950975,1591.0,0.913433219978956,0.0011148272017837235,0.0,0.0,897.0,169.0,2025-09-15T13:10:04.000000+0000,2025-09-15T13:14:30.000000+0000,24.016111111111112,24.013333333333332,4.433333333333334,1,1
2025-09-16,1,1.0751764776806318,0.0031426775612822125,1591.0,1.0,0.00778642936596218,0.011834319526627219,0.011627906976744186,899.0,169.0,2025-09-16T13:09:04.000000+0000,2025-09-16T13:13:27.000000+0000,23.983333333333334,23.9825,4.383333333333333,1,1
2025-09-17,1,0.9470142658505875,0.20490257699560024,1591.0,0.0,1.0,1.0,1.0,898.0,169.0,2025-09-17T13:09:09.000000+0000,2025-09-17T13:13:47.000000+0000,24.00138888888889,24.005555555555556,4.633333333333333,1,1
2025-09-18,1,1.1874799293529021,0.0006285355122564425,1591.0,2.1234253869649375,0.0,0.0,0.0,898.0,169.0,2025-09-18T13:10:03.000000+0000,2025-09-18T13:14:37.000000+0000,24.015,24.01388888888889,4.566666666666666,1,1
2025-09-19,1,1.0317618538377369,0.017587939698492462,1592.0,0.9335732844553029,0.006659267480577136,0.0058823529411764705,0.0,901.0,170.0,2025-09-19T13:08:35.000000+0000,2025-09-19T13:12:59.000000+0000,23.975555555555555,23.97277777777778,4.4,1,1
2025-09-20,1,1.0455183624555098,0.020100502512562814,1592.0,1.1677379368196399,0.0,0.0,0.0,901.0,170.0,2025-09-20T13:08:33.000000+0000,2025-09-20T13:12:51.000000+0000,23.999444444444446,23.997777777777777,4.3,1,1
2025-09-21,1,0.8982707234246525,0.02262727844123193,1591.0,0.8502633692667942,0.017718715393133997,0.011695906432748537,0.011627906976744186,903.0,171.0,2025-09-21T13:09:11.000000+0000,2025-09-21T13:13:38.000000+0000,24.010555555555555,24.013055555555557,4.45,1,1
2025-09-22,1,0.8165453440304687,0.016341923318667503,1591.0,0.9508574875820001,0.004424778761061947,0.0,0.0,904.0,171.0,2025-09-22T13:08:45.000000+0000,2025-09-22T13:13:20.000000+0000,23.99277777777778,23.995,4.583333333333333,1,1
2025-09-23,1,1.0046977274558695,0.016321406151914627,1593.0,1.1790742486760815,0.005518763796909493,0.011627906976744186,0.011627906976744186,906.0,172.0,2025-09-23T13:09:56.000000+0000,2025-09-23T13:14:16.000000+0000,24.01972222222222,24.015555555555554,4.333333333333333,1,1
2025-09-24,1,1.048399790850528,0.018159048215403883,1597.0,1.1956093461356871,0.0011025358324145535,0.0,0.0,907.0,172.0,2025-09-24T13:10:05.000000+0000,2025-09-24T13:14:37.000000+0000,24.0025,24.00583333333333,4.533333333333333,1,1
2025-09-25,1,0.9937638147624308,0.02,1600.0,1.0711531881328995,0.0,0.0,0.0,906.0,172.0,2025-09-25T13:09:12.000000+0000,2025-09-25T13:13:50.000000+0000,23.985277777777778,23.986944444444443,4.633333333333333,1,1
2025-09-26,1,1.0682144821828108,0.020625,1600.0,1.0,0.002205071664829107,0.0,0.0,907.0,172.0,2025-09-26T13:09:39.000000+0000,2025-09-26T13:14:20.000000+0000,24.0075,24.008333333333333,4.683333333333334,1,1
2025-09-27,1,1.0,0.02,1600.0,0.7530776049730719,0.0,0.0,0.0,908.0,173.0,2025-09-27T13:09:39.000000+0000,2025-09-27T13:14:15.000000+0000,24.0,23.99861111111111,4.6,1,1
2025-09-28,1,0.8911987930013113,0.0031269543464665416,1599.0,0.7767706623731436,0.005506607929515419,0.005747126436781609,0.011627906976744186,908.0,174.0,2025-09-28T13:09:28.000000+0000,2025-09-28T13:14:03.000000+0000,23.996944444444445,23.996666666666666,4.583333333333333,1,1
2025-09-29,1,0.9373374781809255,0.0,1600.0,1.0,0.005500550055005501,0.011494252873563218,0.011627906976744186,909.0,174.0,2025-09-29T13:09:53.000000+0000,2025-09-29T13:14:35.000000+0000,24.006944444444443,24.00888888888889,4.7,1,1
2025-09-30,1,1.1047168464848076,0.0024984384759525295,1601.0,1.405769114237328,0.0044004400440044,0.005747126436781609,0.011627906976744186,909.0,174.0,2025-09-30T13:10:13.000000+0000,2025-09-30T13:14:52.000000+0000,24.005555555555556,24.004722222222224,4.65,1,1
2025-10-01,1,0.6739658637115333,0.4570383912248629,1641.0,0.0,1.0,1.0,1.0,906.0,174.0,2025-10-01T13:08:59.000000+0000,2025-10-01T13:13:45.000000+0000,23.979444444444443,23.98138888888889,4.766666666666667,1,1
2025-10-02,1,1.3291340626370827,0.0030413625304136255,1644.0,2.757421931964312,0.002207505518763797,0.0,0.0,906.0,174.0,2025-10-02T13:09:12.000000+0000,2025-10-02T13:13:56.000000+0000,24.003611111111113,24.003055555555555,4.733333333333333,1,1
2025-10-03,1,1.0,0.035866261398176294,1645.0,1.0391914464875185,0.004415011037527594,0.0,0.0,906.0,174.0,2025-10-03T13:09:07.000000+0000,2025-10-03T13:13:57.000000+0000,23.99861111111111,24.00027777777778,4.833333333333333,1,1
2025-10-04,1,0.9832286448217792,0.03645200486026731,1646.0,1.0,0.006622516556291391,0.0,0.0,906.0,174.0,2025-10-04T13:08:53.000000+0000,2025-10-04T13:13:23.000000+0000,23.996111111111112,23.990555555555556,4.5,1,1
2025-10-05,1,0.8007804981786136,0.03755299818291944,1651.0,0.8148287010645491,0.004415011037527594,0.0,0.0,906.0,174.0,2025-10-05T13:09:25.000000+0000,2025-10-05T13:14:07.000000+0000,24.00888888888889,24.01222222222222,4.7,1,1
2025-10-06,1,0.7992030904420443,0.041792852816474865,1651.0,0.7873822599461759,0.011037527593818985,0.0,0.0,906.0,174.0,2025-10-06T13:10:19.000000+0000,2025-10-06T13:15:07.000000+0000,24.015,24.016666666666666,4.8,1,1
2025-10-07,1,1.0019638249120528,0.04058146577831617,1651.0,0.7760138404634699,0.00772626931567329,0.0,0.0,906.0,174.0,2025-10-07T13:09:58.000000+0000,2025-10-07T13:14:39.000000+0000,23.99416666666667,23.99222222222222,4.683333333333334,1,1
2025-10-08,1,0.5102660238954283,0.67595396729255,1651.0,0.0,1.0,1.0,1.0,906.0,174.0,2025-10-08T13:09:15.000000+0000,2025-10-08T13:13:52.000000+0000,23.988055555555555,23.986944444444443,4.616666666666666,1,1
2025-10-09,1,1.8655108346466103,0.013325257419745608,1651.0,1.6873164713446727,0.0011013215859030838,0.0,0.0,908.0,174.0,2025-10-09T13:09:33.000000+0000,2025-10-09T13:14:51.000000+0000,24.005,24.01638888888889,5.3,1,1
2025-10-10,1,1.2274713390544487,0.03270745003028468,1651.0,1.2281240471424215,0.004415011037527594,0.0,0.0,906.0,174.0,2025-10-10T13:09:37.000000+0000,2025-10-10T13:14:31.000000+0000,24.00111111111111,23.994444444444444,4.9,1,1
2025-10-11,1,1.2729340440546733,0.03210175651120533,1651.0,1.482534949158834,0.0011037527593818985,0.0,0.0,906.0,174.0,2025-10-11T13:09:25.000000+0000,2025-10-11T13:14:16.000000+0000,23.996666666666666,23.995833333333334,4.85,1,1
2025-10-12,1,0.8275394733768212,0.03937007874015748,1651.0,0.8268626287044646,0.0033112582781456954,0.0,0.0,906.0,174.0,2025-10-12T13:09:48.000000+0000,2025-10-12T13:14:38.000000+0000,24.00638888888889,24.00611111111111,4.833333333333333,1,1
2025-10-13,1,0.9700616525637584,0.041792852816474865,1651.0,0.8209854874181286,0.009922822491730982,0.005747126436781609,0.0,907.0,174.0,2025-10-13T13:10:20.000000+0000,2025-10-13T13:15:12.000000+0000,24.00888888888889,24.009444444444444,4.866666666666666,1,1
2025-10-14,1,1.2852858378943537,0.0060569351907934586,1651.0,1.1456062037489025,0.0,0.0,0.0,907.0,174.0,2025-10-14T13:10:24.000000+0000,2025-10-14T13:15:17.000000+0000,24.00111111111111,24.00138888888889,4.883333333333333,1,1
2025-10-15,1,0.0,1.0,1652.0,0.0,1.0,1.0,1.0,907.0,174.0,2025-10-15T13:11:10.000000+0000,2025-10-15T13:15:53.000000+0000,24.012777777777778,24.01,4.716666666666667,1,1
2025-10-16,1,2.335159970421306,0.026994601079784044,1667.0,1.816188412424782,0.0011013215859030838,0.0,0.0,908.0,174.0,2025-10-16T13:08:54.000000+0000,2025-10-16T13:13:49.000000+0000,23.962222222222223,23.965555555555557,4.916666666666667,1,1
2025-10-17,1,1.0886217808042795,0.020983213429256596,1668.0,0.8714314198060422,0.003303964757709251,0.0,0.0,908.0,173.0,2025-10-17T13:09:15.000000+0000,2025-10-17T13:14:26.000000+0000,24.00583333333333,24.010277777777777,5.183333333333334,1,1
2025-10-18,1,1.0032576605616892,0.025763930497303775,1669.0,0.9704030937856457,0.0032822757111597373,0.005714285714285714,0.0,914.0,175.0,2025-10-18T13:09:06.000000+0000,2025-10-18T13:13:47.000000+0000,23.9975,23.989166666666666,4.683333333333334,1,1
2025-10-19,1,0.859350107721213,0.0017974835230677051,1669.0,0.9605043774055377,0.06345733041575492,0.0,0.0,914.0,175.0,2025-10-19T13:09:28.000000+0000,2025-10-19T13:14:18.000000+0000,24.00611111111111,24.00861111111111,4.833333333333333,1,1
2025-10-21,2,0.8857523020090098,NaN,0.0,0.9975526685632992,NaN,NaN,NaN,0.0,0.0,2025-10-21T13:08:41.000000+0000,2025-10-21T13:13:33.000000+0000,47.98694444444445,47.9875,4.866666666666666,1,1
2025-10-22,1,0.9972429582497191,0.0029533372711163615,1693.0,0.9633717798483341,0.0032858707557502738,0.005747126436781609,0.0,913.0,174.0,2025-10-22T13:09:23.000000+0000,2025-10-22T13:14:23.000000+0000,24.011666666666667,24.01388888888889,5.0,1,1
2025-10-23,1,1.0071902578410115,0.002354326074161271,1699.0,1.0968907537183155,0.0,0.0,0.0,914.0,175.0,2025-10-23T13:09:27.000000+0000,2025-10-23T13:14:27.000000+0000,24.00111111111111,24.00111111111111,5.0,1,1
2025-10-24,1,1.0203454697891965,0.0011771630370806356,1699.0,1.2446564746284903,0.0032858707557502738,0.0,0.0,913.0,175.0,2025-10-24T13:09:07.000000+0000,2025-10-24T13:13:57.000000+0000,23.994444444444444,23.991666666666667,4.833333333333333,1,1
2025-10-25,1,0.9967529173314607,0.0011771630370806356,1699.0,1.0419400678404411,0.017486338797814208,0.0,0.0,915.0,175.0,2025-10-25T13:09:53.000000+0000,2025-10-25T13:14:48.000000+0000,24.012777777777778,24.014166666666668,4.916666666666667,1,1
2025-10-26,1,0.8369416335245475,0.002354326074161271,1699.0,0.9950886123747659,0.009814612868047983,0.0,0.0,917.0,175.0,2025-10-26T13:09:51.000000+0000,2025-10-26T13:14:55.000000+0000,23.999444444444446,24.001944444444444,5.066666666666666,1,1
2025-10-27,1,0.8580622190796193,0.002942907592701589,1699.0,1.0,0.020719738276990186,0.0,0.0,917.0,175.0,2025-10-27T13:09:13.000000+0000,2025-10-27T13:14:14.000000+0000,23.989444444444445,23.988611111111112,5.016666666666667,1,1
2025-10-28,1,1.005687511193506,0.001763668430335097,1701.0,1.0867508622612694,0.0,0.0,0.0,917.0,176.0,2025-10-28T13:09:40.000000+0000,2025-10-28T13:14:57.000000+0000,24.0075,24.011944444444445,5.283333333333333,1,1
2025-10-29,1,1.1342797668286004,0.0035356511490866236,1697.0,1.0482014233380315,0.0196078431372549,0.0,0.0,918.0,176.0,2025-10-29T13:09:39.000000+0000,2025-10-29T13:14:57.000000+0000,23.99972222222222,24.0,5.3,1,1
2025-10-30,1,1.1683229136901685,0.0,1699.0,1.0344924302070715,0.015233949945593036,0.0,0.0,919.0,177.0,2025-10-30T13:09:26.000000+0000,2025-10-30T13:14:32.000000+0000,23.996388888888887,23.993055555555557,5.1,1,1
2025-10-31,1,1.1160541754229711,0.0,1699.0,1.0167527599159387,0.016304347826086956,0.0,0.0,920.0,177.0,2025-10-31T13:09:24.000000+0000,2025-10-31T13:14:49.000000+0000,23.999444444444446,24.004722222222224,5.416666666666667,1,1
2025-11-01,1,1.0797791633002618,0.0059978189749182115,1834.0,,,,,,,2025-11-01T13:09:20.000000+0000,,23.99888888888889,,,1,
2025-11-02,1,0.9300565802844251,0.008169934640522876,1836.0,,,,,,,2025-11-02T13:10:30.000000+0000,,24.019444444444446,,,1,
2025-11-03,1,0.9346459312570077,0.007080610021786492,1836.0,0.8859272944945933,NaN,NaN,NaN,0.0,0.0,2025-11-03T13:20:20.000000+0000,2025-11-03T13:26:05.000000+0000,24.163888888888888,72.18777777777778,5.75,1,1
2025-11-04,1,1.0,0.007080610021786492,1836.0,,,,,,,2025-11-04T13:09:44.000000+0000,,23.823333333333334,,,1,
2025-11-05,1,0.8273749621955725,0.34877384196185285,1835.0,,,,,,,2025-11-05T13:09:52.000000+0000,,24.002222222222223,,,1,
2025-11-06,1,1.232717157976575,0.0032679738562091504,1836.0,,,,,,,2025-11-06T13:09:59.000000+0000,,24.001944444444444,,,1,
2025-11-07,1,0.8417296621582224,0.004357298474945534,1836.0,,,,,,,2025-11-07T13:09:08.000000+0000,,23.985833333333332,,,1,
2025-11-08,1,0.7036733802509979,0.004354926510615134,1837.0,,,,,,,2025-11-08T13:08:28.000000+0000,,23.988888888888887,,,1,
2025-11-09,1,0.6143348945180497,0.009249183895538629,1838.0,,,,,,,2025-11-09T13:09:06.000000+0000,,24.010555555555555,,,1,
2025-11-10,1,0.8629432480370658,0.005984766050054407,1838.0,,,,,,,2025-11-10T13:08:59.000000+0000,,23.998055555555556,,,1,
2025-11-11,1,1.1611802473765143,0.004896626768226333,1838.0,,,,,,,2025-11-11T13:09:37.000000+0000,,24.010555555555555,,,1,
2025-11-12,1,1.0798480142657174,0.0,1836.0,,,,,,,2025-11-12T13:09:36.000000+0000,,23.99972222222222,,,1,
2025-11-13,1,1.0176297098108629,0.0010893246187363835,1836.0,,,,,,,2025-11-13T13:10:24.000000+0000,,24.013333333333332,,,1,
2025-11-14,1,1.0385925934089217,0.0,1834.0,,,,,,,2025-11-14T13:10:04.000000+0000,,23.994444444444444,,,1,
2025-11-15,1,1.0347581337818965,0.002178649237472767,1836.0,,,,,,,2025-11-15T13:09:44.000000+0000,,23.994444444444444,,,1,
2025-11-16,1,0.8669804176253968,0.001633097441480675,1837.0,,,,,,,2025-11-16T13:09:10.000000+0000,,23.990555555555556,,,1,
2025-11-17,1,0.8281006680693415,0.003810560696788242,1837.0,,,,,,,2025-11-17T13:10:30.000000+0000,,24.022222222222222,,,1,
2025-11-18,1,1.0,0.0027218290691344584,1837.0,,,,,,,2025-11-18T13:08:41.000000+0000,,23.969722222222224,,,1,
2025-11-19,1,1.1219484612526178,0.001088139281828074,1838.0,,,,,,,2025-11-19T13:10:05.000000+0000,,24.023333333333333,,,1,
2025-11-20,1,1.0385637800745828,0.0,1837.0,,,,,,,2025-11-20T13:09:18.000000+0000,,23.986944444444443,,,1,
2025-11-21,1,0.9985751642063382,0.0005431830526887561,1841.0,,,,,,,2025-11-21T13:09:50.000000+0000,,24.00888888888889,,,1,
2025-11-22,1,1.0028486239665417,0.0,1844.0,,,,,,,2025-11-22T13:09:24.000000+0000,,23.99277777777778,,,1,
2025-11-23,1,0.905105620261565,0.0021691973969631237,1844.0,,,,,,,2025-11-23T13:09:12.000000+0000,,23.996666666666666,,,1,
2025-11-24,1,0.7496578199101753,0.0016652789342214821,1201.0,1.0,NaN,NaN,NaN,0.0,0.0,2025-11-24T17:46:15.000000+0000,2025-11-24T18:38:51.000000+0000,28.6175,509.2127777777778,52.6,2,1
2025-11-25,1,0.8174746758004017,0.0,1201.0,,,,,,,2025-11-25T13:08:08.000000+0000,,19.364722222222223,,,1,
2025-11-26,1,0.4612402183771503,0.742145178764897,1846.0,,,,,,,2025-11-26T13:09:32.000000+0000,,24.023333333333333,,,1,
2025-11-27,1,1.9517080735461887,0.0,1848.0,,,,,,,2025-11-27T13:09:42.000000+0000,,24.002777777777776,,,1,
2025-11-28,1,1.1570554699890117,0.0,1850.0,,,,,,,2025-11-28T13:09:35.000000+0000,,23.998055555555556,,,1,
2025-11-29,1,1.1048434322074054,0.0,1850.0,,,,,,,2025-11-29T13:09:25.000000+0000,,23.997222222222224,,,1,
2025-11-30,1,0.9526612302522288,0.0005402485143165856,1851.0,,,,,,,2025-11-30T13:09:09.000000+0000,,23.995555555555555,,,1,
2025-12-01,1,0.840577992923078,0.13360120542440984,1991.0,,,,,,,2025-12-01T13:08:09.000000+0000,,23.983333333333334,,,1,
2025-12-02,1,1.1072600026396615,0.0015052684395383843,1993.0,,,,,,,2025-12-02T13:08:15.000000+0000,,24.001666666666665,,,1,
2025-12-03,1,1.018879406541979,0.008525576730190571,1994.0,,,,,,,2025-12-03T13:08:55.000000+0000,,24.011111111111113,,,1,
2025-12-05,2,0.42096224196682436,NaN,0.0,1.0,NaN,NaN,NaN,0.0,0.0,2025-12-05T00:26:47.000000+0000,2025-12-05T00:41:13.000000+0000,35.297777777777775,246.03944444444446,14.433333333333334,1,1
2025-12-09,4,1.1682600514525527,NaN,0.0,1.169746581447454,NaN,NaN,NaN,0.0,0.0,2025-12-09T21:03:06.000000+0000,2025-12-09T21:06:48.000000+0000,116.60527777777777,116.4263888888889,3.6999999999999997,1,1
2025-12-10,1,1.0,0.015912481352560914,2011.0,1.1963772744300738,0.0008333333333333334,0.005555555555555556,0.010869565217391304,1200.0,180.0,2025-12-10T13:15:57.000000+0000,2025-12-10T13:17:36.000000+0000,16.214166666666667,16.18,1.65,1,1
2025-12-11,1,0.8347989945316239,0.20278330019880716,2012.0,1.0,0.0016652789342214821,0.0,0.0,1201.0,181.0,2025-12-11T13:16:14.000000+0000,2025-12-11T13:17:57.000000+0000,24.004722222222224,24.00583333333333,1.7166666666666666,1,1
2025-12-12,1,0.8635160181979883,0.004470938897168405,2013.0,0.41239265886616644,0.7628951747088186,0.7403314917127072,0.7204301075268817,1202.0,181.0,2025-12-12T13:16:35.000000+0000,2025-12-12T13:18:27.000000+0000,24.00583333333333,24.008333333333333,1.8666666666666667,1,1
2025-12-13,1,1.0598991320725848,0.06656731246895181,2013.0,1.7352097937900506,0.0008319467554076539,0.0,0.0,1202.0,181.0,2025-12-13T13:15:34.000000+0000,2025-12-13T13:17:12.000000+0000,23.983055555555556,23.979166666666668,1.6333333333333333,1,1
2025-12-14,1,0.820745821020389,0.15773809523809523,2016.0,0.6989222342477736,0.004159733777038269,0.0,0.0,1202.0,181.0,2025-12-14T13:16:49.000000+0000,2025-12-14T13:18:23.000000+0000,24.020833333333332,24.01972222222222,1.5666666666666667,1,1
2025-12-15,1,1.0,0.007936507936507936,2016.0,0.7977180723913103,0.005823627287853577,0.0,0.0,1202.0,181.0,2025-12-15T13:19:34.000000+0000,2025-12-15T13:21:16.000000+0000,24.045833333333334,24.048055555555557,1.7,1,1
2025-12-16,1,1.2062949631117446,0.0004957858205255329,2017.0,0.8358567329660928,0.0024958402662229617,0.0,0.0,1202.0,181.0,2025-12-16T13:15:43.000000+0000,2025-12-16T13:17:39.000000+0000,23.935833333333335,23.939722222222223,1.9333333333333333,1,1
2025-12-17,1,0.3046165560825342,0.7548291233283804,2019.0,0.0,1.0,1.0,1.0,1203.0,181.0,2025-12-17T13:15:26.000000+0000,2025-12-17T13:17:11.000000+0000,23.995277777777776,23.99222222222222,1.75,1,1
2025-12-18,1,0.7562317576001107,0.0004940711462450593,2024.0,1.8623347957259273,0.0016597510373443983,0.0,0.0,1205.0,182.0,2025-12-18T13:17:11.000000+0000,2025-12-18T13:19:20.000000+0000,24.029166666666665,24.035833333333333,2.15,1,1
2025-12-19,1,2.2501299016539176,0.0004940711462450593,2024.0,2.8098775248918852,0.0,0.0,0.0,1207.0,182.0,2025-12-19T13:16:05.000000+0000,2025-12-19T13:17:53.000000+0000,23.981666666666666,23.975833333333334,1.8,1,1
2025-12-20,1,1.2158414944523674,0.0004940711462450593,2024.0,1.918788367663586,0.0033112582781456954,0.0,0.0,1208.0,182.0,2025-12-20T13:16:11.000000+0000,2025-12-20T13:18:09.000000+0000,24.001666666666665,24.004444444444445,1.9666666666666666,1,1
2025-12-21,1,1.002107607070281,0.0009881422924901185,2024.0,2.027323162530625,0.005794701986754967,0.00546448087431694,0.010526315789473684,1208.0,183.0,2025-12-21T13:15:52.000000+0000,2025-12-21T13:17:41.000000+0000,23.994722222222222,23.99222222222222,1.8166666666666667,1,1
2025-12-22,1,0.9604262954651545,0.001976284584980237,2024.0,1.8313314538923748,0.006622516556291391,0.0,0.0,1208.0,183.0,2025-12-22T13:16:07.000000+0000,2025-12-22T13:18:01.000000+0000,24.004166666666666,24.005555555555556,1.9,1,1
2025-12-23,1,1.1607614027384152,0.000986679822397632,2027.0,2.0184211513196706,0.005794701986754967,0.00546448087431694,0.010526315789473684,1208.0,183.0,2025-12-23T13:16:10.000000+0000,2025-12-23T13:17:54.000000+0000,24.000833333333333,23.998055555555556,1.7333333333333334,1,1
2025-12-24,1,1.1411131750661565,0.0009857072449482504,2029.0,1.0,0.048841059602649006,0.03278688524590164,0.05263157894736842,1208.0,183.0,2025-12-24T13:15:37.000000+0000,2025-12-24T13:17:20.000000+0000,23.990833333333335,23.990555555555556,1.7166666666666666,1,1
2025-12-25,1,0.9532614029589146,0.0,2032.0,0.8828324326270176,0.019867549668874173,0.0,0.0,1208.0,183.0,2025-12-25T13:15:02.000000+0000,2025-12-25T13:16:59.000000+0000,23.990277777777777,23.99416666666667,1.95,1,1
2025-12-26,1,0.893004825897307,0.0014763779527559055,2032.0,0.7435467656690123,0.018211920529801324,0.01092896174863388,0.021052631578947368,1208.0,183.0,2025-12-26T13:15:44.000000+0000,2025-12-26T13:17:37.000000+0000,24.011666666666667,24.010555555555555,1.8833333333333333,1,1
2025-12-27,1,0.8583834381343091,0.0,2032.0,0.8235533761504163,0.017369727047146403,0.01092896174863388,0.021052631578947368,1209.0,183.0,2025-12-27T13:15:26.000000+0000,2025-12-27T13:17:27.000000+0000,23.995,23.997222222222224,2.0166666666666666,1,1
2025-12-28,1,0.8391796554684618,0.0014749262536873156,2034.0,0.791396747277866,0.02559867877786953,0.01092896174863388,0.021052631578947368,1211.0,183.0,2025-12-28T13:15:26.000000+0000,2025-12-28T13:17:18.000000+0000,24.0,23.9975,1.8666666666666667,1,1
2025-12-29,1,0.8438704012413338,0.0009832841691248771,2034.0,0.9393388450199595,0.03220478943022296,0.01092896174863388,0.021052631578947368,1211.0,183.0,2025-12-29T13:15:30.000000+0000,2025-12-29T13:17:23.000000+0000,24.00111111111111,24.00138888888889,1.8833333333333333,1,1
2025-12-30,1,1.1578059845687696,0.0004914004914004914,2035.0,1.2679524777461721,0.01486374896779521,0.00546448087431694,0.010526315789473684,1211.0,183.0,2025-12-30T13:16:08.000000+0000,2025-12-30T13:17:57.000000+0000,24.010555555555555,24.009444444444444,1.8166666666666667,1,1
2025-12-31,1,1.2252318236715218,0.0,2035.0,1.165197510694904,0.021469859620148638,0.01092896174863388,0.021052631578947368,1211.0,183.0,2025-12-31T13:16:15.000000+0000,2025-12-31T13:18:10.000000+0000,24.001944444444444,24.003611111111113,1.9166666666666667,1,1
2026-01-01,1,1.2247223346282037,0.0014792899408284023,2028.0,1.0945686243528172,0.008450704225352112,0.011111111111111112,0.02127659574468085,1065.0,180.0,2026-01-01T13:16:09.000000+0000,2026-01-01T13:18:05.000000+0000,23.998333333333335,23.99861111111111,1.9333333333333333,1,1
2026-01-02,1,1.0,0.001971414489896501,2029.0,0.9963058365577648,0.007511737089201878,0.016666666666666666,0.02127659574468085,1065.0,180.0,2026-01-02T13:17:18.000000+0000,2026-01-02T13:19:15.000000+0000,24.019166666666667,24.019444444444446,1.95,1,1
2026-01-03,1,1.1406642554762723,0.0004928536224741252,2029.0,1.0272647017125274,0.008450704225352112,0.011111111111111112,0.010638297872340425,1065.0,180.0,2026-01-03T13:17:40.000000+0000,2026-01-03T13:19:37.000000+0000,24.00611111111111,24.00611111111111,1.95,1,1
2026-01-04,1,0.8238746358031371,0.0034499753573188764,2029.0,0.9726689782061093,0.003755868544600939,0.011111111111111112,0.02127659574468085,1065.0,180.0,2026-01-04T13:25:17.000000+0000,2026-01-04T13:27:39.000000+0000,24.126944444444444,24.13388888888889,2.3666666666666667,1,1
2026-01-05,1,0.7343388095469553,0.001971414489896501,2029.0,0.9594748561509493,0.005623242736644799,0.011111111111111112,0.02127659574468085,1067.0,180.0,2026-01-05T13:19:30.000000+0000,2026-01-05T13:21:31.000000+0000,23.90361111111111,23.897777777777776,2.0166666666666666,1,1
2026-01-06,1,1.0306243283959855,0.0014785608674223755,2029.0,1.1319267527619643,0.0018726591760299626,0.0055248618784530384,0.010526315789473684,1068.0,181.0,2026-01-06T13:16:03.000000+0000,2026-01-06T13:17:51.000000+0000,23.9425,23.93888888888889,1.8,1,1
2026-01-07,1,1.1947404738850114,0.0019656019656019656,2035.0,1.1450281185231193,0.003738317757009346,0.005494505494505495,0.010526315789473684,1070.0,182.0,2026-01-07T13:16:00.000000+0000,2026-01-07T13:17:51.000000+0000,23.999166666666667,24.0,1.8499999999999999,1,1
2026-01-08,1,0.8165116057131235,0.0014742014742014742,2035.0,0.9102498678562451,0.005607476635514018,0.005494505494505495,0.010526315789473684,1070.0,182.0,2026-01-08T13:17:33.000000+0000,2026-01-08T13:19:28.000000+0000,24.025833333333335,24.026944444444446,1.9166666666666667,1,1
2026-01-09,1,0.7543043690961728,0.00196078431372549,2040.0,1.0,0.002803738317757009,0.005494505494505495,0.010526315789473684,1070.0,182.0,2026-01-09T13:17:40.000000+0000,2026-01-09T13:19:37.000000+0000,24.001944444444444,24.0025,1.95,1,1
2026-01-10,1,1.1861224347148906,0.0014684287812041115,2043.0,1.1877157633567423,0.0018674136321195146,0.005494505494505495,0.010526315789473684,1071.0,182.0,2026-01-10T13:16:23.000000+0000,2026-01-10T13:18:20.000000+0000,23.97861111111111,23.97861111111111,1.95,1,1
2026-01-11,1,1.0040206436420405,0.004897159647404506,2042.0,0.982279433110241,0.001869158878504673,0.0055248618784530384,0.010638297872340425,1070.0,181.0,2026-01-11T13:17:29.000000+0000,2026-01-11T13:19:20.000000+0000,24.018333333333334,24.016666666666666,1.8499999999999999,1,1
2026-01-12,1,0.90638101069095,0.0034280117531831538,2042.0,0.9511735439816271,0.0056022408963585435,0.0055248618784530384,0.010638297872340425,1071.0,181.0,2026-01-12T13:16:43.000000+0000,2026-01-12T13:18:42.000000+0000,23.987222222222222,23.989444444444445,1.9833333333333334,1,1
2026-01-13,1,1.2031837407618897,0.002448579823702253,2042.0,1.036482613319478,0.0018674136321195146,0.0055248618784530384,0.010638297872340425,1071.0,181.0,2026-01-13T13:16:29.000000+0000,2026-01-13T13:18:23.000000+0000,23.996111111111112,23.994722222222222,1.9,1,1
2026-01-14,1,1.1462453636775671,0.0,2042.0,0.7252087039680103,0.36100746268656714,0.2265193370165746,0.20212765957446807,1072.0,181.0,2026-01-14T13:17:25.000000+0000,2026-01-14T13:19:24.000000+0000,24.015555555555554,24.016944444444444,1.9833333333333334,1,1
2026-01-15,1,1.1469861824874437,0.0014684287812041115,2043.0,1.4997181795846402,0.004651162790697674,0.011049723756906077,0.02127659574468085,1075.0,181.0,2026-01-15T13:17:53.000000+0000,2026-01-15T13:19:50.000000+0000,24.00777777777778,24.00722222222222,1.95,1,1
2026-01-16,1,1.0891412741378104,0.0009779951100244498,2045.0,1.1584281925213855,0.004655493482309125,0.0055248618784530384,0.010638297872340425,1074.0,181.0,2026-01-16T13:17:18.000000+0000,2026-01-16T13:19:20.000000+0000,23.990277777777777,23.991666666666667,2.033333333333333,1,1
2026-01-17,1,0.8191869164212681,0.00048638132295719845,2056.0,0.9233783991831578,0.005581395348837209,0.011049723756906077,0.02127659574468085,1075.0,181.0,2026-01-17T13:15:27.000000+0000,2026-01-17T13:16:28.000000+0000,23.969166666666666,23.952222222222222,1.0166666666666666,1,1
2026-01-18,1,0.6118756740316691,0.0029182879377431907,2056.0,0.7241976892510984,0.0037209302325581397,0.0055248618784530384,0.010638297872340425,1075.0,181.0,2026-01-18T13:16:11.000000+0000,2026-01-18T13:17:15.000000+0000,24.01222222222222,24.013055555555557,1.0666666666666667,1,1
2026-01-19,1,0.6492826363641966,0.004377431906614786,2056.0,0.762877669382498,0.0018604651162790699,0.0,0.0,1075.0,181.0,2026-01-19T13:18:52.000000+0000,2026-01-19T13:20:26.000000+0000,24.044722222222223,24.053055555555556,1.5666666666666667,1,1
2026-01-20,1,0.9292913197931087,0.00048661800486618007,2055.0,1.0404866666458776,0.002785515320334262,0.0,0.0,1077.0,183.0,2026-01-20T13:15:12.000000+0000,2026-01-20T13:16:11.000000+0000,23.93888888888889,23.929166666666667,0.9833333333333333,1,1
2026-01-21,1,1.0027423604910775,0.00048496605237633366,2062.0,1.1549893451664306,0.002785515320334262,0.0,0.0,1077.0,183.0,2026-01-21T13:14:36.000000+0000,2026-01-21T13:15:36.000000+0000,23.99,23.990277777777777,1.0,1,1
2026-01-22,1,1.0789069598766352,0.0,2062.0,1.1484568912242548,0.0018570102135561746,0.0,0.0,1077.0,183.0,2026-01-22T13:14:13.000000+0000,2026-01-22T13:15:06.000000+0000,23.99361111111111,23.991666666666667,0.8833333333333333,1,1
2026-01-23,1,1.1287141503090996,0.0019333011116481392,2069.0,1.0,0.0037071362372567192,0.0,0.0,1079.0,183.0,2026-01-23T13:16:23.000000+0000,2026-01-23T13:18:15.000000+0000,24.03611111111111,24.0525,1.8666666666666667,1,1
2026-01-24,1,1.2285695282012636,0.0,2069.0,1.0327664835250505,0.004629629629629629,0.0,0.0,1080.0,183.0,2026-01-24T13:16:42.000000+0000,2026-01-24T13:18:43.000000+0000,24.005277777777778,24.00777777777778,2.0166666666666666,1,1
2026-01-25,1,1.0388434981604968,0.0019333011116481392,2069.0,1.0073618564045372,0.0018501387604070306,0.00546448087431694,0.010638297872340425,1081.0,183.0,2026-01-25T13:17:33.000000+0000,2026-01-25T13:19:37.000000+0000,24.014166666666668,24.015,2.0666666666666664,1,1
2026-01-26,1,1.0,0.0004833252779120348,2069.0,0.9618013460622782,0.006463527239150508,0.00546448087431694,0.010638297872340425,1083.0,183.0,2026-01-26T13:16:48.000000+0000,2026-01-26T13:18:41.000000+0000,23.9875,23.984444444444446,1.8833333333333333,1,1
2026-01-27,1,1.1831660226781862,0.0,2068.0,1.1081200002964515,0.0,0.0,0.0,1081.0,183.0,2026-01-27T13:16:37.000000+0000,2026-01-27T13:18:38.000000+0000,23.996944444444445,23.999166666666667,2.0166666666666666,1,1
2026-01-28,1,0.5266489987522629,0.4901014002897151,2071.0,0.0,1.0,1.0,1.0,1081.0,184.0,2026-01-28T13:38:59.000000+0000,2026-01-28T13:41:01.000000+0000,24.372777777777777,24.373055555555556,2.033333333333333,1,1
2026-01-29,1,0.4857333967068167,0.001445086705202312,2076.0,1.3437092293330033,0.0009242144177449168,0.005434782608695652,0.010526315789473684,1082.0,184.0,2026-01-29T13:30:37.000000+0000,2026-01-29T13:32:46.000000+0000,23.860555555555557,23.8625,2.15,1,1
2026-01-30,1,0.3543879626082482,0.005291005291005291,2079.0,0.5858393325887276,0.0046210720887245845,0.005434782608695652,0.010526315789473684,1082.0,184.0,2026-01-30T13:37:59.000000+0000,2026-01-30T13:39:53.000000+0000,24.122777777777777,24.11861111111111,1.9,1,1
2026-02-01,2,0.6921710485690123,NaN,0.0,0.8719019554706957,NaN,NaN,NaN,0.0,0.0,2026-02-01T13:16:13.000000+0000,2026-02-01T13:18:16.000000+0000,47.63722222222222,47.639722222222225,2.05,1,1
2026-02-02,1,0.908297763986607,0.0036529680365296802,2190.0,0.9036246431962732,0.005593536357986327,0.005376344086021506,0.010526315789473684,1609.0,186.0,2026-02-02T13:16:37.000000+0000,2026-02-02T13:18:40.000000+0000,24.006666666666668,24.006666666666668,2.05,1,1
2026-02-03,1,1.154409106274443,0.004562043795620438,2192.0,1.0130455707856332,0.0043559427504667085,0.005405405405405406,0.010526315789473684,1607.0,185.0,2026-02-03T13:16:59.000000+0000,2026-02-03T13:18:55.000000+0000,24.00611111111111,24.004166666666666,1.9333333333333333,1,1
2026-02-04,1,1.3057973667827234,0.001823985408116735,2193.0,1.0,0.002489110143123833,0.0,0.0,1607.0,185.0,2026-02-04T13:17:44.000000+0000,2026-02-04T13:19:44.000000+0000,24.0125,24.01361111111111,2.0,1,1
2026-02-05,1,1.1551882593820328,0.0018214936247723133,2196.0,1.0575231927598,0.0037313432835820895,0.005405405405405406,0.010526315789473684,1608.0,185.0,2026-02-05T13:18:24.000000+0000,2026-02-05T13:20:17.000000+0000,24.011111111111113,24.009166666666665,1.8833333333333333,1,1
2026-02-06,1,1.000073695325593,0.0018181818181818182,2200.0,1.2642116346370649,0.003107520198881293,0.005405405405405406,0.010526315789473684,1609.0,185.0,2026-02-06T13:16:33.000000+0000,2026-02-06T13:18:21.000000+0000,23.969166666666666,23.967777777777776,1.8,1,1
2026-02-07,1,1.0247614410275043,0.0018124150430448573,2207.0,1.3874307275931324,0.0024813895781637717,0.0,0.0,1612.0,185.0,2026-02-07T13:17:12.000000+0000,2026-02-07T13:19:11.000000+0000,24.010833333333334,24.01388888888889,1.9833333333333334,1,1
2026-02-08,1,0.8661801996105274,0.0009062075215224287,2207.0,0.9095827686123207,0.004342431761786601,0.005405405405405406,0.0,1612.0,185.0,2026-02-08T13:16:37.000000+0000,2026-02-08T13:18:28.000000+0000,23.990277777777777,23.988055555555555,1.8499999999999999,1,1
2026-02-09,1,0.8438080929406213,0.0018124150430448573,2207.0,0.9581553146771286,0.0030978934324659233,0.010810810810810811,0.010526315789473684,1614.0,185.0,2026-02-09T13:16:16.000000+0000,2026-02-09T13:18:08.000000+0000,23.99416666666667,23.994444444444444,1.8666666666666667,1,1
2026-02-10,1,1.0069383322708274,0.0018124150430448573,2207.0,1.0463133831249734,0.0030883261272390363,0.0053475935828877,0.010416666666666666,1619.0,187.0,2026-02-10T13:18:04.000000+0000,2026-02-10T13:20:03.000000+0000,24.03,24.031944444444445,1.9833333333333334,1,1
2026-02-11,1,0.5852042078834274,0.6479638009049774,2210.0,0.0,1.0,1.0,1.0,1620.0,187.0,2026-02-11T13:16:48.000000+0000,2026-02-11T13:18:38.000000+0000,23.97888888888889,23.976388888888888,1.8333333333333333,1,1
2026-02-12,1,1.4692269214280491,0.0009045680687471732,2211.0,2.2191738830561727,0.0006169031462060457,0.005319148936170213,0.010309278350515464,1621.0,188.0,2026-02-12T13:16:29.000000+0000,2026-02-12T13:18:21.000000+0000,23.994722222222222,23.995277777777776,1.8666666666666667,1,1
2026-02-13,1,1.042597584881274,0.0013556258472661546,2213.0,1.1520258518134827,0.005548705302096177,0.0,0.0,1622.0,188.0,2026-02-13T13:16:37.000000+0000,2026-02-13T13:18:27.000000+0000,24.002222222222223,24.001666666666665,1.8333333333333333,1,1
2026-02-14,1,1.1190586957170299,0.0013556258472661546,2213.0,1.1394514193180036,0.003701418877236274,0.005319148936170213,0.010309278350515464,1621.0,188.0,2026-02-14T13:16:06.000000+0000,2026-02-14T13:17:54.000000+0000,23.99138888888889,23.990833333333335,1.8,1,1
2026-02-15,1,0.9213388599709816,0.002707581227436823,2216.0,0.9448717821222553,0.004923076923076923,0.0,0.0,1625.0,188.0,2026-02-15T13:16:29.000000+0000,2026-02-15T13:18:23.000000+0000,24.00638888888889,24.008055555555554,1.9,1,1
2026-02-16,1,0.912813009524872,0.004061371841155234,2216.0,0.9865539033501995,0.0067733990147783255,0.0,0.0,1624.0,188.0,2026-02-16T13:16:13.000000+0000,2026-02-16T13:18:13.000000+0000,23.995555555555555,23.997222222222224,2.0,1,1
2026-02-17,1,0.8505792841357767,0.0013531799729364006,2217.0,0.9912508463891869,0.00676923076923077,0.0,0.0,1625.0,189.0,2026-02-17T13:17:15.000000+0000,2026-02-17T13:19:27.000000+0000,24.017222222222223,24.020555555555557,2.2,1,1
2026-02-18,1,1.0187118486537317,0.0009021199819576004,2217.0,0.9795611306396872,0.003073140749846343,0.0,0.0,1627.0,190.0,2026-02-18T16:23:14.000000+0000,2026-02-18T16:24:41.000000+0000,27.099722222222223,27.087222222222223,1.45,2,2
2026-02-19,1,1.20006433105944,0.0013489208633093526,2224.0,1.1159507920006708,0.001229256299938537,0.0,0.0,1627.0,190.0,2026-02-19T13:16:37.000000+0000,2026-02-19T13:18:14.000000+0000,20.889722222222222,20.8925,1.6166666666666667,1,1
2026-02-20,1,1.08930427937943,0.0008988764044943821,2225.0,0.9509552639317822,0.002457002457002457,0.0,0.0,1628.0,190.0,2026-02-20T13:32:51.000000+0000,2026-02-20T13:34:37.000000+0000,24.270555555555557,24.273055555555555,1.7666666666666666,1,1
2026-02-21,1,0.9886134280936798,0.0008988764044943821,2225.0,1.0351412745773272,0.003683241252302026,0.0,0.0,1629.0,190.0,2026-02-21T13:16:33.000000+0000,2026-02-21T13:18:19.000000+0000,23.72833333333333,23.72833333333333,1.7666666666666666,1,1
2026-02-22,1,0.8944910919018961,0.0004492362982929021,2226.0,1.0091014729964307,0.0006138735420503376,0.0,0.0,1629.0,190.0,2026-02-22T13:17:10.000000+0000,2026-02-22T13:18:57.000000+0000,24.010277777777777,24.010555555555555,1.7833333333333332,1,1
2026-02-23,1,0.8499695100371059,0.0013477088948787063,2226.0,1.2137741263478847,0.0012277470841006752,0.005263157894736842,0.010101010101010102,1629.0,190.0,2026-02-23T13:17:00.000000+0000,2026-02-23T13:18:53.000000+0000,23.997222222222224,23.99888888888889,1.8833333333333333,1,1
2026-02-24,1,1.0,0.0004492362982929021,2226.0,1.05591700849254,0.003069367710251688,0.005263157894736842,0.010101010101010102,1629.0,190.0,2026-02-24T13:19:16.000000+0000,2026-02-24T13:21:03.000000+0000,24.037777777777777,24.03611111111111,1.7833333333333332,1,1
2026-02-25,1,1.01413150154691,0.012578616352201259,2226.0,0.9867528736858729,0.0024554941682013503,0.0,0.0,1629.0,190.0,2026-02-25T13:18:25.000000+0000,2026-02-25T13:20:20.000000+0000,23.985833333333332,23.988055555555555,1.9166666666666667,1,1
2026-02-26,1,1.0421970232954205,0.011601963409192326,2241.0,0.8948139200361959,0.0030656039239730227,0.005263157894736842,0.010101010101010102,1631.0,190.0,2026-02-26T13:22:52.000000+0000,2026-02-26T13:24:47.000000+0000,24.074166666666667,24.074166666666667,1.9166666666666667,1,1
2026-02-27,1,1.033354075167197,0.005345211581291759,2245.0,1.016389506618121,0.0,0.0,0.0,1631.0,190.0,2026-02-27T13:16:50.000000+0000,2026-02-27T13:18:37.000000+0000,23.899444444444445,23.897222222222222,1.7833333333333332,1,1
2026-02-28,1,0.9692227099017221,0.002226179875333927,2246.0,0.6914067757639769,0.001226241569589209,0.0,0.0,1631.0,190.0,2026-02-28T13:16:12.000000+0000,2026-02-28T13:18:05.000000+0000,23.989444444444445,23.99111111111111,1.8833333333333333,1,1
2026-03-01,1,0.8151457445189162,0.0035335689045936395,2264.0,0.7397813924238018,0.007062978222483814,0.01507537688442211,0.019230769230769232,1699.0,199.0,2026-03-01T13:16:52.000000+0000,2026-03-01T13:19:03.000000+0000,24.011111111111113,24.016111111111112,2.183333333333333,1,1
2026-03-02,1,0.7515977613566055,0.003532008830022075,2265.0,0.7784193523663939,0.00940623162845385,0.01,0.009523809523809525,1701.0,200.0,2026-03-02T13:16:17.000000+0000,2026-03-02T13:18:06.000000+0000,23.990277777777777,23.984166666666667,1.8166666666666667,1,1
2026-03-03,1,1.0,0.0021920210434020165,2281.0,0.9522183598027472,0.007629107981220657,0.009950248756218905,0.009433962264150943,1704.0,201.0,2026-03-03T13:16:08.000000+0000,2026-03-03T13:17:59.000000+0000,23.9975,23.998055555555556,1.8499999999999999,1,1
2026-03-04,1,1.0394199728553246,0.0021777003484320556,2296.0,0.944499128267052,0.031652989449003514,0.0594059405940594,0.07547169811320754,1706.0,202.0,2026-03-04T13:16:06.000000+0000,2026-03-04T13:17:56.000000+0000,23.999444444444446,23.999166666666667,1.8333333333333333,1,1
2026-03-05,1,0.9914787679450408,0.000869187309865276,2301.0,1.1608135997172129,0.005272407732864675,0.0,0.0,1707.0,203.0,2026-03-05T13:16:47.000000+0000,2026-03-05T13:18:46.000000+0000,24.011388888888888,24.01388888888889,1.9833333333333334,1,1
2026-03-06,1,1.058214341815395,0.000869187309865276,2301.0,1.0439153244729826,0.0035149384885764497,0.0049261083743842365,0.0,1707.0,203.0,2026-03-06T13:15:35.000000+0000,2026-03-06T13:17:19.000000+0000,23.98,23.975833333333334,1.7333333333333334,1,1
2026-03-07,1,1.0338633199261897,0.0013009540329575022,2306.0,1.1457621534335916,0.0046865846514352666,0.009852216748768473,0.009433962264150943,1707.0,203.0,2026-03-07T13:15:51.000000+0000,2026-03-07T13:17:44.000000+0000,24.004444444444445,24.006944444444443,1.8833333333333333,1,1
2026-03-08,1,0.8347058355613146,0.0025996533795493936,2308.0,1.2414676244451595,0.007021650087770626,0.019704433497536946,0.018867924528301886,1709.0,203.0,2026-03-08T13:15:41.000000+0000,2026-03-08T13:17:21.000000+0000,23.997222222222224,23.99361111111111,1.6666666666666667,1,1
2026-03-09,1,0.7419388218207119,0.0030329289428076256,2308.0,1.2082391264950725,0.005851375073142188,0.014778325123152709,0.009345794392523364,1709.0,203.0,2026-03-09T13:16:43.000000+0000,2026-03-09T13:18:33.000000+0000,24.017222222222223,24.02,1.8333333333333333,1,1
2026-03-10,1,1.0,0.0004332755632582322,2308.0,1.118955169386143,0.005841121495327103,0.014705882352941176,0.018518518518518517,1712.0,204.0,2026-03-10T13:17:17.000000+0000,2026-03-10T13:19:01.000000+0000,24.009444444444444,24.00777777777778,1.7333333333333334,1,1
2026-03-11,1,1.0889354396954547,0.0008661758336942399,2309.0,0.40539265207557723,0.011078717201166181,0.024509803921568627,0.027777777777777776,1715.0,204.0,2026-03-11T17:02:18.000000+0000,2026-03-11T17:04:15.000000+0000,27.75027777777778,27.753888888888888,1.95,2,2
2026-03-12,1,1.069646498498277,0.000432152117545376,2314.0,0.000045819835354058295,1.0,1.0,1.0,1717.0,204.0,2026-03-12T13:18:04.000000+0000,2026-03-12T13:20:04.000000+0000,20.262777777777778,20.26361111111111,2.0,1,1
2026-03-13,1,1.0,0.0012958963282937365,2315.0,3.172431275952504,0.0011634671320535194,0.00980392156862745,0.009259259259259259,1719.0,204.0,2026-03-13T13:17:39.000000+0000,2026-03-13T13:19:47.000000+0000,23.993055555555557,23.995277777777776,2.1333333333333333,1,1
2026-03-14,1,1.0353618964099907,0.0008639308855291577,2315.0,1.052930512025249,0.0023215322112594312,0.004901960784313725,0.0,1723.0,204.0,2026-03-14T13:17:23.000000+0000,2026-03-14T13:19:15.000000+0000,23.995555555555555,23.99111111111111,1.8666666666666667,1,1
2026-03-15,1,0.8388377834098267,0.0012958963282937365,2315.0,1.0465145673111105,0.006376811594202898,0.00980392156862745,0.0,1725.0,204.0,2026-03-15T13:18:07.000000+0000,2026-03-15T13:20:10.000000+0000,24.01222222222222,24.01527777777778,2.05,1,1
2026-03-16,1,0.8224116467666083,0.0012958963282937365,2315.0,0.9386547903178645,0.0017391304347826088,0.0,0.0,1725.0,204.0,2026-03-16T13:19:28.000000+0000,2026-03-16T13:21:21.000000+0000,24.0225,24.01972222222222,1.8833333333333333,1,1
2026-03-18,2,0.7356461088089451,NaN,0.0,0.5481551968680758,NaN,NaN,NaN,0.0,0.0,2026-03-18T13:18:02.000000+0000,2026-03-18T13:19:55.000000+0000,47.97611111111111,47.97611111111111,1.8833333333333333,1,1
2026-03-19,1,1.666772987358587,0.0,2321.0,2.3539052943725,0.003472222222222222,0.0048543689320388345,0.0,1728.0,206.0,2026-03-19T13:18:15.000000+0000,2026-03-19T13:20:22.000000+0000,24.003611111111113,24.0075,2.1166666666666667,1,1
2026-03-20,1,1.0730405479626302,0.0,2323.0,0.9381953037307168,0.00636574074074074,0.014563106796116505,0.01834862385321101,1728.0,206.0,2026-03-20T13:19:14.000000+0000,2026-03-20T13:21:14.000000+0000,24.01638888888889,24.014444444444443,2.0,1,1
2026-03-21,1,1.0166294569859244,0.0,2325.0,1.0658761518241648,0.004626951995373048,0.009708737864077669,0.009174311926605505,1729.0,206.0,2026-03-21T13:17:37.000000+0000,2026-03-21T13:19:20.000000+0000,23.973055555555554,23.968333333333334,1.7166666666666666,1,1
2026-03-22,1,0.8624749867918576,0.0004299226139294927,2326.0,0.9548661140395548,0.006932409012131715,0.014423076923076924,0.01818181818181818,1731.0,208.0,2026-03-22T13:17:25.000000+0000,2026-03-22T13:19:17.000000+0000,23.996666666666666,23.999166666666667,1.8666666666666667,1,1
2026-03-23,1,0.7888046694387053,0.0004297378599054577,2327.0,1.0,0.005777007510109763,0.0,0.0,1731.0,208.0,2026-03-23T13:19:25.000000+0000,2026-03-23T13:21:25.000000+0000,24.033333333333335,24.035555555555554,2.0,1,1
2026-03-24,1,1.0,0.0,2327.0,1.0370414315658902,0.006351039260969977,0.0,0.0,1732.0,208.0,2026-03-24T13:18:30.000000+0000,2026-03-24T13:20:24.000000+0000,23.98472222222222,23.983055555555556,1.9,1,1
2026-03-25,1,1.0908742199343116,0.0,2328.0,1.1512275583794351,0.0011527377521613833,0.0,0.0,1735.0,209.0,2026-03-25T13:17:54.000000+0000,2026-03-25T13:19:50.000000+0000,23.99,23.990555555555556,1.9333333333333333,1,1
2026-03-26,1,1.0,0.0,2328.0,1.4217101091540636,0.004029936672423719,0.0,0.0,1737.0,209.0,2026-03-26T13:18:40.000000+0000,2026-03-26T13:20:33.000000+0000,24.012777777777778,24.011944444444445,1.8833333333333333,1,1
2026-03-27,1,1.0609894806806892,0.00042936882782310007,2329.0,1.3585620110642653,0.0057570523891767415,0.0,0.0,1737.0,209.0,2026-03-27T13:18:08.000000+0000,2026-03-27T13:20:05.000000+0000,23.99111111111111,23.99222222222222,1.95,1,1
2026-03-28,1,1.1203487776337158,0.0,2331.0,1.0,0.007479861910241657,0.004784688995215311,0.00909090909090909,1738.0,209.0,2026-03-28T13:17:36.000000+0000,2026-03-28T13:19:33.000000+0000,23.99111111111111,23.99111111111111,1.95,1,1
2026-03-29,1,0.9577420907106627,0.0,2332.0,0.8256200777423359,0.008036739380022962,0.0,0.0,1742.0,210.0,2026-03-29T13:17:39.000000+0000,2026-03-29T13:19:39.000000+0000,24.000833333333333,24.001666666666665,2.0,1,1
2026-03-30,1,0.8167667320195907,0.0004288164665523156,2332.0,0.8302907987485628,0.014326647564469915,0.009523809523809525,0.01818181818181818,1745.0,210.0,2026-03-30T13:18:26.000000+0000,2026-03-30T13:20:33.000000+0000,24.013055555555557,24.015,2.1166666666666667,1,1
2026-03-31,1,0.8050495462754537,0.0,2332.0,0.8912991806806796,0.013188073394495414,0.004761904761904762,0.00909090909090909,1744.0,210.0,2026-03-31T13:18:11.000000+0000,2026-03-31T13:20:09.000000+0000,23.995833333333334,23.993333333333332,1.9666666666666666,1,1
2026-04-01,1,0.24869810628510147,0.01486988847583643,2421.0,0.3814938500234203,0.013628620102214651,0.028037383177570093,0.02631578947368421,1761.0,214.0,2026-04-01T13:19:32.000000+0000,2026-04-01T13:21:23.000000+0000,24.0225,24.020555555555557,1.8499999999999999,1,1
2026-04-18,17,1.0,NaN,0.0,1.0,NaN,NaN,NaN,0.0,0.0,2026-04-18T13:18:53.000000+0000,2026-04-18T13:20:56.000000+0000,407.9891666666667,407.9925,2.05,1,1
2026-04-19,1,1.087971684475775,0.0011895321173671688,2522.0,0.8469445546625043,0.0072869955156950675,0.0,0.0,1784.0,215.0,2026-04-19T13:18:09.000000+0000,2026-04-19T13:20:15.000000+0000,23.98777777777778,23.988611111111112,2.1,1,1
2026-04-20,1,0.9471399345661051,0.0015854141894569957,2523.0,0.8351896504296613,0.008403361344537815,0.004629629629629629,0.008695652173913044,1785.0,216.0,2026-04-20T13:18:53.000000+0000,2026-04-20T13:20:51.000000+0000,24.01222222222222,24.01,1.9666666666666666,1,1
2026-04-21,1,1.0,0.0007930214115781126,2522.0,0.974301916120527,0.009518477043673012,0.004629629629629629,0.008695652173913044,1786.0,216.0,2026-04-21T13:19:18.000000+0000,2026-04-21T13:21:14.000000+0000,24.006944444444443,24.00638888888889,1.9333333333333333,1,1
2026-04-22,1,1.1653675978301468,0.0007914523149980214,2527.0,1.054046477562849,0.006711409395973154,0.004629629629629629,0.008695652173913044,1788.0,216.0,2026-04-22T13:25:25.000000+0000,2026-04-22T13:28:35.000000+0000,24.101944444444445,24.1225,3.1666666666666665,1,1
2026-04-24,2,1.1361824347342655,NaN,0.0,1.1155009785349872,NaN,NaN,NaN,0.0,0.0,2026-04-24T21:50:36.000000+0000,2026-04-24T21:52:21.000000+0000,56.41972222222222,56.39611111111111,1.75,2,2
2026-04-25,1,1.1272340331828012,0.00039231071008238524,2549.0,1.0427676567784294,0.007262569832402235,0.0,0.0,1790.0,216.0,2026-04-25T13:18:13.000000+0000,2026-04-25T13:20:26.000000+0000,15.460277777777778,15.468055555555555,2.216666666666667,1,1
2026-04-26,1,1.0273396381108395,0.0003920031360250882,2551.0,0.9171266057295454,0.01060859854829704,0.0,0.0,1791.0,216.0,2026-04-26T13:18:21.000000+0000,2026-04-26T13:20:30.000000+0000,24.002222222222223,24.00111111111111,2.15,1,1
2026-04-27,1,1.0,0.00039154267815191856,2554.0,0.864567276694124,0.0072585147962032385,0.0,0.0,1791.0,216.0,2026-04-27T13:19:29.000000+0000,2026-04-27T13:21:40.000000+0000,24.01888888888889,24.019444444444446,2.183333333333333,1,1
2026-04-28,1,0.9454012762073677,0.00039154267815191856,2554.0,1.01470506776554,0.0078125,0.004629629629629629,0.008695652173913044,1792.0,216.0,2026-04-28T13:18:56.000000+0000,2026-04-28T13:21:07.000000+0000,23.990833333333335,23.990833333333335,2.183333333333333,1,1
2026-04-29,1,0.6664953218065978,0.5272015655577299,2555.0,0.00012987483976881518,1.0,1.0,1.0,1793.0,216.0,2026-04-29T13:19:24.000000+0000,2026-04-29T13:21:38.000000+0000,24.00777777777778,24.00861111111111,2.2333333333333334,1,1
2026-04-30,1,1.5744742781595025,0.00039077764751856197,2559.0,2.0834555735033264,0.0050195203569436695,0.0,0.0,1793.0,217.0,2026-04-30T13:18:47.000000+0000,2026-04-30T13:21:03.000000+0000,23.989722222222223,23.990277777777777,2.2666666666666666,1,1
2026-05-01,1,1.1169679767575245,0.0023346303501945525,2570.0,0.9705182915530707,0.004324324324324324,0.0045871559633027525,0.008620689655172414,1850.0,218.0,2026-05-01T13:19:49.000000+0000,2026-05-01T13:22:17.000000+0000,24.017222222222223,24.020555555555557,2.466666666666667,1,1
2026-05-02,1,0.9345952359147093,0.002331002331002331,2574.0,0.9460816401189035,0.003779697624190065,0.0045871559633027525,0.008620689655172414,1852.0,218.0,2026-05-02T13:19:59.000000+0000,2026-05-02T13:22:31.000000+0000,24.002777777777776,24.003888888888888,2.533333333333333,1,1
2026-05-03,1,0.8891730152411824,0.0015527950310559005,2576.0,1.0,0.007019438444924406,0.0,0.0,1852.0,218.0,2026-05-03T13:19:51.000000+0000,2026-05-03T13:22:06.000000+0000,23.997777777777777,23.993055555555557,2.25,1,1
2026-05-04,1,0.8793314250108294,0.0023273855702094647,2578.0,1.0,0.00912506709608159,0.0,0.0,1863.0,218.0,2026-05-04T13:21:03.000000+0000,2026-05-04T13:23:37.000000+0000,24.02,24.025277777777777,2.5666666666666664,1,1
2026-05-05,1,1.0350191854626825,0.001937984496124031,2580.0,1.0481372586971425,0.006974248927038627,0.0,0.0,1864.0,218.0,2026-05-05T13:25:40.000000+0000,2026-05-05T13:29:09.000000+0000,24.076944444444443,24.092222222222222,3.4833333333333334,1,1
2026-05-06,1,1.1032558091875286,0.0015503875968992248,2580.0,0.9163819605733273,0.00800854244527496,0.0,0.0,1873.0,219.0,2026-05-06T13:19:54.000000+0000,2026-05-06T13:22:12.000000+0000,23.90388888888889,23.884166666666665,2.3,1,1
2026-05-07,1,1.1030432904749388,0.001549186676994578,2582.0,1.0,0.007995735607675906,0.0,0.0,1876.0,220.0,2026-05-07T13:29:43.000000+0000,2026-05-07T13:33:21.000000+0000,24.163611111111113,24.185833333333335,3.6333333333333333,1,1
2026-05-08,1,1.0587495999563956,0.001548586914440573,2583.0,1.3073652227877273,0.009564293304994687,0.004484304932735426,0.008264462809917356,1882.0,223.0,2026-05-08T13:19:10.000000+0000,2026-05-08T13:21:28.000000+0000,23.824166666666667,23.801944444444445,2.3,1,1
2026-05-09,1,1.0337797885636517,0.0015479876160990713,2584.0,1.1084366290774106,0.013800424628450107,0.0,0.0,1884.0,223.0,2026-05-09T13:19:01.000000+0000,2026-05-09T13:21:17.000000+0000,23.9975,23.996944444444445,2.2666666666666666,1,1
2026-05-10,1,0.9046355340322932,0.0011605415860735009,2585.0,1.337464900322397,0.030254777070063694,0.0,0.0,1884.0,223.0,2026-05-10T13:19:12.000000+0000,2026-05-10T13:21:36.000000+0000,24.003055555555555,24.005277777777778,2.4,1,1
2026-05-11,1,0.831119857297475,0.0019342359767891683,2585.0,0.935041483159525,0.015906680805938492,0.0,0.0,1886.0,223.0,2026-05-11T13:22:46.000000+0000,2026-05-11T13:25:58.000000+0000,24.059444444444445,24.072777777777777,3.2,1,1
2026-05-12,1,0.7045671890733641,0.5034802784222738,2586.0,0.0,1.0,1.0,1.0,1887.0,223.0,2026-05-12T13:22:55.000000+0000,2026-05-12T13:25:59.000000+0000,24.0025,24.00027777777778,3.0666666666666664,1,1
2026-05-13,1,1.327177798398262,0.0007722007722007722,2590.0,2.5102441905473856,0.008994708994708995,0.0,0.0,1890.0,223.0,2026-05-13T13:20:18.000000+0000,2026-05-13T13:22:28.000000+0000,23.95638888888889,23.941388888888888,2.1666666666666665,1,1
2026-05-14,1,1.1195388818536696,0.0007719027402547279,2591.0,0.9481015649740111,0.012684989429175475,0.0,0.0,1892.0,223.0,2026-05-14T13:20:17.000000+0000,2026-05-14T13:22:41.000000+0000,23.99972222222222,24.003611111111113,2.4,1,1
2026-05-15,1,1.0945359427313506,0.0015426147319706903,2593.0,0.8588051432922305,0.01424802110817942,0.008928571428571428,0.00819672131147541,1895.0,224.0,2026-05-15T13:19:23.000000+0000,2026-05-15T13:21:35.000000+0000,23.985,23.981666666666666,2.2,1,1
2026-05-19,4,1.0,NaN,0.0,1.1138079183824665,NaN,NaN,NaN,0.0,0.0,2026-05-19T13:20:56.000000+0000,2026-05-19T13:23:20.000000+0000,96.02583333333334,96.02916666666667,2.4,1,1
2026-05-20,1,1.0731355748413325,0.0015402387370042356,2597.0,0.9875943763666939,0.015731515469323543,0.0,0.0,1907.0,227.0,2026-05-20T13:19:44.000000+0000,2026-05-20T13:22:04.000000+0000,23.98,23.97888888888889,2.3333333333333335,1,1
2026-05-21,1,1.153661101961479,0.0011542901115813775,2599.0,1.0,0.01619644723092999,0.0,0.0,1914.0,228.0,2026-05-21T13:20:35.000000+0000,2026-05-21T13:22:47.000000+0000,24.014166666666668,24.011944444444445,2.2,1,1
2026-05-22,1,1.1327209843982549,0.0007689350249903883,2601.0,1.3093062938861064,0.012004175365344467,0.0,0.0,1916.0,229.0,2026-05-22T13:20:19.000000+0000,2026-05-22T13:22:41.000000+0000,23.995555555555555,23.998333333333335,2.3666666666666667,1,1
2026-05-23,1,1.0810568508945462,0.0015372790161414297,2602.0,1.3298707049441714,0.007820646506777894,0.0,0.0,1918.0,229.0,2026-05-23T13:20:55.000000+0000,2026-05-23T13:23:35.000000+0000,24.01,24.015,2.6666666666666665,1,1
2026-06-11,19,1.0,NaN,0.0,1.0,NaN,NaN,NaN,0.0,0.0,2026-06-11T14:12:24.000000+0000,2026-06-11T14:16:34.000000+0000,456.85805555555555,456.88305555555553,4.166666666666667,1,1
2026-06-12,1,2.0480600250315297,0.000735023888276369,2721.0,1.6668708224286317,0.008677896886166412,0.0,0.0,1959.0,236.0,2026-06-12T13:24:53.000000+0000,2026-06-12T13:29:22.000000+0000,23.208055555555557,23.213333333333335,4.483333333333333,1,1
2026-06-13,1,0.18119103539348325,0.0,2724.0,0.8288977019504671,0.006113092205807438,0.0041841004184100415,0.007751937984496124,1963.0,239.0,2026-06-13T13:25:42.000000+0000,2026-06-13T13:30:26.000000+0000,24.01361111111111,24.017777777777777,4.733333333333333,1,1
2026-06-14,1,1.2373489207140245,0.00036643459142543056,2729.0,0.5811405051754777,0.15345528455284552,0.2125,0.23846153846153847,1968.0,240.0,2026-06-14T13:25:39.000000+0000,2026-06-14T13:31:03.000000+0000,23.999166666666667,24.010277777777777,5.4,1,1
2026-06-15,1,1.0684299974840175,0.002197802197802198,2730.0,0.0,1.0,1.0,1.0,1970.0,240.0,2026-06-15T13:25:24.000000+0000,2026-06-15T13:29:52.000000+0000,23.995833333333334,23.98027777777778,4.466666666666667,1,1
2026-06-16,1,0.794363773582582,0.0010984987184181618,2731.0,2.4108986644528017,0.0010126582278481013,0.0,0.0,1975.0,241.0,2026-06-16T13:24:16.000000+0000,2026-06-16T13:28:31.000000+0000,23.98111111111111,23.9775,4.25,1,1
2026-06-17,1,2.2591969594649712,0.00036589828027808267,2733.0,1.120493296760982,0.004554655870445344,0.004149377593360996,0.007633587786259542,1976.0,241.0,2026-06-17T13:25:14.000000+0000,2026-06-17T13:29:42.000000+0000,24.016111111111112,24.01972222222222,4.466666666666667,1,1
2026-06-18,1,3.4928006621285554,0.023017902813299233,2737.0,1.0505561995331112,0.0020232675771370764,0.0,0.0,1977.0,242.0,2026-06-18T13:24:12.000000+0000,2026-06-18T13:28:36.000000+0000,23.982777777777777,23.981666666666666,4.4,1,1
2026-06-19,1,3.8201550903917143,0.0,2742.0,1.021177684654841,0.020696617869762745,0.0,0.0,1981.0,242.0,2026-06-19T13:24:27.000000+0000,2026-06-19T13:28:54.000000+0000,24.004166666666666,24.005,4.45,1,1
2026-06-20,1,0.7914304854447551,0.023696682464454975,2743.0,0.5893018706005235,0.02066532258064516,0.01646090534979424,0.015037593984962405,1984.0,243.0,2026-06-20T13:27:27.000000+0000,2026-06-20T13:32:02.000000+0000,24.05,24.052222222222223,4.583333333333333,1,1
2026-06-21,1,1.0429821551269403,0.024399126001456665,2746.0,0.979261508576738,0.007010515773660491,0.00819672131147541,0.015037593984962405,1997.0,244.0,2026-06-21T13:24:18.000000+0000,2026-06-21T13:28:47.000000+0000,23.9475,23.945833333333333,4.483333333333333,1,1
2026-06-22,1,1.2223209630424645,0.001820830298616169,2746.0,0.9266786338452639,0.025474525474525476,0.012295081967213115,0.022556390977443608,2002.0,244.0,2026-06-22T13:26:02.000000+0000,2026-06-22T13:30:35.000000+0000,24.02888888888889,24.03,4.55,1,1
2026-06-23,1,0.9307394127225856,0.0018201674554058974,2747.0,0.8890169277214484,0.026799007444168736,0.012295081967213115,0.015037593984962405,2015.0,244.0,2026-06-23T13:24:46.000000+0000,2026-06-23T13:29:14.000000+0000,23.97888888888889,23.9775,4.466666666666667,1,1
2026-06-24,1,1.561367858230205,0.0,2750.0,0.45784442690239596,0.6783596837944664,0.5102880658436214,0.5112781954887218,2024.0,243.0,2026-06-24T13:27:45.000000+0000,2026-06-24T13:32:56.000000+0000,24.049722222222222,24.061666666666667,5.183333333333334,1,1
2026-06-25,1,0.5626845817084438,0.02579004722121322,2753.0,1.2530068628394453,0.01032448377581121,0.0,0.0,2034.0,244.0,2026-06-25T13:27:23.000000+0000,2026-06-25T13:32:41.000000+0000,23.99388888888889,23.995833333333334,5.3,1,1
2026-06-26,1,1.1145867719066667,0.0007243752263672582,2761.0,1.0814208878527576,0.021983390327308255,0.008097165991902834,0.015037593984962405,2047.0,247.0,2026-06-26T13:24:05.000000+0000,2026-06-26T13:28:19.000000+0000,23.945,23.927222222222223,4.233333333333333,1,1
2026-06-27,1,1.0,0.00036101083032490973,2770.0,1.3506286620276486,0.018401937046004842,0.004016064257028112,0.007518796992481203,2065.0,249.0,2026-06-27T13:23:50.000000+0000,2026-06-27T13:28:14.000000+0000,23.995833333333334,23.99861111111111,4.4,1,1
2026-06-28,1,0.8746224790553481,0.00288704438830747,2771.0,1.1806332289387462,0.006727534839019702,0.008,0.014925373134328358,2081.0,250.0,2026-06-28T13:26:43.000000+0000,2026-06-28T13:31:36.000000+0000,24.048055555555557,24.05611111111111,4.883333333333333,1,1
2026-06-29,1,0.7864752023569984,0.001804402742692169,2771.0,0.9792001124159717,0.0028625954198473282,0.0,0.0,2096.0,250.0,2026-06-29T13:30:56.000000+0000,2026-06-29T13:37:25.000000+0000,24.07027777777778,24.096944444444443,6.483333333333333,1,1
2026-06-30,1,0.6562140165176449,0.0021660649819494585,2770.0,0.9446494331598932,0.0037825059101654845,0.008,0.014925373134328358,2115.0,250.0,2026-06-30T13:25:13.000000+0000,2026-06-30T13:29:43.000000+0000,23.904722222222222,23.871666666666666,4.5,1,1
2026-07-01,1,1.218527484655184,0.002532561505065123,2764.0,1.1020831355853398,0.0027637033625057578,0.0,0.0,2171.0,248.0,2026-07-01T13:23:57.000000+0000,2026-07-01T13:28:17.000000+0000,23.97888888888889,23.976111111111113,4.333333333333333,1,1
2026-07-02,1,1.0689542684758961,0.002532561505065123,2764.0,0.9979816320098016,0.0013679890560875513,0.0,0.0,2193.0,251.0,2026-07-02T13:25:42.000000+0000,2026-07-02T13:30:02.000000+0000,24.029166666666665,24.029166666666665,4.333333333333333,1,1
2026-07-03,1,0.9419652180648963,0.0032549728752260397,2765.0,0.926579522639154,0.004100227790432802,0.00398406374501992,0.0,2195.0,251.0,2026-07-03T13:31:38.000000+0000,2026-07-03T13:36:06.000000+0000,24.09888888888889,24.101111111111113,4.466666666666667,1,1
2026-07-04,1,1.0,0.002529815684857246,2767.0,0.9248996021831345,0.004092769440654843,0.003968253968253968,0.0,2199.0,252.0,2026-07-04T13:31:00.000000+0000,2026-07-04T13:35:17.000000+0000,23.989444444444445,23.98638888888889,4.283333333333333,1,1
2026-07-05,1,0.9746832254249377,0.002529815684857246,2767.0,0.947298911936356,0.003176043557168784,0.003968253968253968,0.0,2204.0,252.0,2026-07-05T13:25:39.000000+0000,2026-07-05T13:30:11.000000+0000,23.910833333333333,23.915,4.533333333333333,1,1
2026-07-06,1,1.1513207308545552,0.0025289017341040463,2768.0,1.177419524967695,0.003176043557168784,0.0,0.0,2204.0,252.0,2026-07-06T13:26:05.000000+0000,2026-07-06T13:30:31.000000+0000,24.00722222222222,24.005555555555556,4.433333333333334,1,1
2026-07-07,1,1.0146415850779642,0.00939306358381503,2768.0,1.2367272379450402,0.00315884476534296,0.0,0.0,2216.0,253.0,2026-07-07T13:31:10.000000+0000,2026-07-07T13:38:05.000000+0000,24.084722222222222,24.12611111111111,6.916666666666667,1,1
2026-07-08,1,1.2640786084838946,0.6076589595375722,2768.0,0.0,1.0,1.0,1.0,2222.0,254.0,2026-07-08T13:28:47.000000+0000,2026-07-08T13:34:18.000000+0000,23.960277777777776,23.936944444444446,5.516666666666667,1,1
2026-07-09,1,1.9288407306024433,0.00036088054853843375,2771.0,2.370128555912571,0.0,0.0,0.0,2228.0,254.0,2026-07-09T13:26:27.000000+0000,2026-07-09T13:31:10.000000+0000,23.961111111111112,23.947777777777777,4.716666666666667,1,1
2026-07-10,1,1.0776266108672212,0.0010822510822510823,2772.0,0.873794624911143,0.25650224215246636,0.2677165354330709,0.2740740740740741,2230.0,254.0,2026-07-10T13:24:34.000000+0000,2026-07-10T13:29:05.000000+0000,23.968611111111112,23.96527777777778,4.516666666666667,1,1
2026-07-15,5,0.900464301786935,NaN,0.0,1.0,NaN,NaN,NaN,0.0,0.0,2026-07-15T13:26:08.000000+0000,2026-07-15T13:30:34.000000+0000,120.0261111111111,120.02472222222222,4.433333333333334,1,1
2026-07-16,1,1.0,0.0010760401721664275,2788.0,2.6844895380063285,0.0008861320336730173,0.0,0.0,2257.0,256.0,2026-07-16T13:54:08.000000+0000,2026-07-16T13:58:58.000000+0000,24.466666666666665,24.473333333333333,4.833333333333333,1,1
2026-07-17,1,1.5487523648879111,0.0007165890361877463,2791.0,0.5951760236858831,0.27534307215582116,0.2734375,0.2846715328467153,2259.0,256.0,2026-07-17T13:27:30.000000+0000,2026-07-17T13:32:20.000000+0000,23.55611111111111,23.55611111111111,4.833333333333333,1,1
2026-07-18,1,1.055847377066317,0.002146690518783542,2795.0,1.6659898156074593,0.0026513477684489617,0.00390625,0.0,2263.0,256.0,2026-07-18T13:30:23.000000+0000,2026-07-18T13:36:23.000000+0000,24.048055555555557,24.0675,6.0,1,1
2026-07-19,1,0.45858538891039485,0.002861230329041488,2796.0,0.5562742872376844,0.016335540838852098,0.007751937984496124,0.0,2265.0,258.0,2026-07-19T13:25:33.000000+0000,2026-07-19T13:30:05.000000+0000,23.919444444444444,23.895,4.533333333333333,1,1
2026-07-20,1,0.0003306145457184932,1.0,2796.0,0.0001621390512896941,0.998676081200353,1.0,1.0,2266.0,258.0,2026-07-20T13:39:04.000000+0000,2026-07-20T13:47:01.000000+0000,24.225277777777777,24.282222222222224,7.95,1,1
2026-07-21,1,1.0062973436439664,0.005366726296958855,2795.0,1.0433525120315417,0.0026396832380114386,0.0,0.0,2273.0,259.0,2026-07-21T13:27:40.000000+0000,2026-07-21T13:33:51.000000+0000,23.81,23.780555555555555,6.183333333333334,1,1
2026-07-22,1,1.7399983951982099,0.4923131927064712,2797.0,0.00007903157514545596,0.999561403508772,1.0,1.0,2280.0,260.0,2026-07-22T13:52:15.000000+0000,2026-07-22T14:04:15.000000+0000,24.40972222222222,24.506666666666668,12.0,1,1
2026-07-23,1,1.8230766298299745,0.0010706638115631692,2802.0,6.558834653166582,0.0,0.0,0.0,2284.0,260.0,2026-07-23T13:34:29.000000+0000,2026-07-23T13:41:39.000000+0000,23.70388888888889,23.623333333333335,7.166666666666667,1,1
2026-07-24,1,1.1012077750176872,0.0007125044531528322,2807.0,1.2521559647511789,0.0021853146853146855,0.0,0.0,2288.0,261.0,2026-07-24T13:37:05.000000+0000,2026-07-24T13:45:15.000000+0000,24.043333333333333,24.06,8.166666666666666,1,1
2026-07-25,1,0.9937420647249622,0.0010683760683760685,2808.0,1.0071188699431095,0.001745962461807071,0.0,0.0,2291.0,262.0,2026-07-25T13:36:42.000000+0000,2026-07-25T13:44:08.000000+0000,23.99361111111111,23.98138888888889,7.433333333333334,1,1
2026-07-26,1,0.9568480738643383,0.0021344717182497333,2811.0,0.8648903118133704,0.0034888791975577847,0.0,0.0,2293.0,263.0,2026-07-26T13:28:53.000000+0000,2026-07-26T13:34:27.000000+0000,23.869722222222222,23.83861111111111,5.566666666666666,1,1
2026-07-27,1,0.8723597797385423,0.011391954432182272,2809.0,0.9584488353345421,0.0034873583260680036,0.0076045627376425855,0.0,2294.0,263.0,2026-07-27T13:45:00.000000+0000,2026-07-27T13:52:21.000000+0000,24.26861111111111,24.298333333333332,7.35,1,1
2026-07-28,1,1.0,0.000711997152011392,2809.0,1.278229783752352,0.0021777003484320556,0.0,0.0,2296.0,261.0,2026-07-28T13:27:27.000000+0000,2026-07-28T13:32:22.000000+0000,23.7075,23.666944444444443,4.916666666666667,1,1
2026-07-29,1,0.43961358593195327,0.7708703374777975,2815.0,0.0,1.0,1.0,1.0,2295.0,262.0,2026-07-29T13:34:06.000000+0000,2026-07-29T13:40:50.000000+0000,24.110833333333332,24.141111111111112,6.733333333333333,1,1
2026-07-30,1,1.779463370531098,0.00035523978685612787,2815.0,2.395770835097355,0.00175054704595186,0.0038022813688212928,0.0,2285.0,263.0,2026-07-30T13:31:06.000000+0000,2026-07-30T13:36:10.000000+0000,23.95,23.92222222222222,5.066666666666666,1,1
2026-07-31,1,1.2345322458574435,0.00035523978685612787,2815.0,0.8052447922954493,0.28608695652173916,0.28888888888888886,0.31690140845070425,2300.0,270.0,2026-07-31T13:33:17.000000+0000,2026-07-31T13:40:20.000000+0000,24.03638888888889,24.069444444444443,7.05,1,1
2026-08-01,1,0.5415855654576731,0.00957107408720312,2821.0,1.5754476844893446,0.004117108874656907,0.0,0.0,2186.0,279.0,2026-08-01T13:26:21.000000+0000,2026-08-01T13:31:03.000000+0000,23.884444444444444,23.845277777777778,4.7,1,1
2026-08-02,1,1.8610874328332947,0.006730428622033298,2823.0,1.449644348630876,0.004576659038901602,0.007194244604316547,0.0,2185.0,278.0,2026-08-02T13:36:28.000000+0000,2026-08-02T13:44:17.000000+0000,24.16861111111111,24.220555555555556,7.816666666666666,1,1
2026-08-03,1,1.0903122458561938,0.007436260623229462,2824.0,0.8530004322288697,0.006398537477148081,0.0,0.0,2188.0,278.0,2026-08-03T13:28:33.000000+0000,2026-08-03T13:34:17.000000+0000,23.868055555555557,23.833333333333332,5.733333333333333,1,1
2026-08-04,1,1.596529544180074,0.007417873542917697,2831.0,0.9656494290166485,0.12995896032831739,0.0035587188612099642,0.0,2193.0,281.0,2026-08-04T13:30:00.000000+0000,2026-08-04T13:35:46.000000+0000,24.024166666666666,24.024722222222223,5.766666666666667,1,1
2026-08-05,1,0.5915709734653855,0.7089235127478754,2824.0,0.0,1.0,1.0,1.0,2200.0,281.0,2026-08-05T13:27:28.000000+0000,2026-08-05T13:32:25.000000+0000,23.95777777777778,23.944166666666668,4.95,1,1
2026-08-06,1,1.2094106072617616,0.007052186177715092,2836.0,2.3090047364882613,0.13033605812897367,0.0035460992907801418,0.006666666666666667,2202.0,282.0,2026-08-06T14:02:18.000000+0000,2026-08-06T14:09:01.000000+0000,24.580555555555556,24.61,6.716666666666667,1,1
2026-08-07,1,0.8861986526421715,0.009500351864883884,2842.0,0.8528236185163495,0.0027210884353741495,0.0035460992907801418,0.0,2205.0,282.0,2026-08-07T13:26:19.000000+0000,2026-08-07T13:30:55.000000+0000,23.400277777777777,23.365,4.6,1,1
2026-08-08,1,0.9855386405981076,0.008438818565400843,2844.0,1.2973967106639703,0.0,0.0,0.0,2210.0,285.0,2026-08-08T14:00:05.000000+0000,2026-08-08T14:07:06.000000+0000,24.56277777777778,24.603055555555557,7.016666666666667,1,1
2026-08-11,3,0.8268490403471074,NaN,0.0,0.9737056439622538,NaN,NaN,NaN,0.0,0.0,2026-08-11T13:27:45.000000+0000,2026-08-11T13:35:12.000000+0000,71.46111111111111,71.46833333333333,7.45,1,1
2026-08-12,1,0.556116472803601,0.7770388519425971,2857.0,0.0,1.0,1.0,1.0,2219.0,286.0,2026-08-12T13:26:35.000000+0000,2026-08-12T13:31:21.000000+0000,23.980555555555554,23.935833333333335,4.766666666666667,1,1
2026-08-13,1,3.2774060606426185,0.007694998251136761,2859.0,1.9440277657000227,0.05015815634884772,0.0,0.0,2213.0,286.0,2026-08-13T13:25:42.000000+0000,2026-08-13T13:32:33.000000+0000,23.985277777777778,24.02,6.85,1,1
2026-08-14,1,1.8290929699074343,0.007340090877315624,2861.0,1.1852321631769989,0.0063262539539087215,0.0034965034965034965,0.0,2213.0,286.0,2026-08-14T13:25:41.000000+0000,2026-08-14T13:30:09.000000+0000,23.99972222222222,23.96,4.466666666666667,1,1
2026-08-15,1,1.6317241471901178,0.007676203768318213,2866.0,0.9244958181096468,0.01038843721770551,0.0,0.0,2214.0,286.0,2026-08-15T13:42:33.000000+0000,2026-08-15T13:51:16.000000+0000,24.281111111111112,24.351944444444445,8.716666666666667,1,1
2026-08-16,1,0.9011152921523821,0.007950224680262703,2893.0,0.9164790086462881,0.00811176205497972,0.0,0.0,2219.0,286.0,2026-08-16T13:37:13.000000+0000,2026-08-16T13:45:29.000000+0000,23.91111111111111,23.90361111111111,8.266666666666666,1,1
2026-08-17,1,0.9024680373590476,0.0024171270718232043,2896.0,1.0,0.0018009905447996398,0.0,0.0,2221.0,286.0,2026-08-17T13:27:12.000000+0000,2026-08-17T13:31:51.000000+0000,23.833055555555557,23.772777777777776,4.65,1,1
2026-08-18,1,0.9564097102385221,0.0020689655172413794,2900.0,1.275373824430557,0.0013501350135013501,0.0,0.0,2222.0,285.0,2026-08-18T13:40:40.000000+0000,2026-08-18T13:45:35.000000+0000,24.224444444444444,24.22888888888889,4.916666666666667,1,1
2026-08-19,1,1.0098597308981474,0.0003443526170798898,2904.0,1.0580537839736586,0.00943820224719101,0.0,0.0,2225.0,286.0,2026-08-19T13:52:51.000000+0000,2026-08-19T13:57:31.000000+0000,24.203055555555554,24.198888888888888,4.666666666666667,1,1
2026-08-20,1,1.0,0.006531454107940873,2909.0,1.006812082534487,0.006289308176100629,0.0,0.0,2226.0,287.0,2026-08-20T13:28:50.000000+0000,2026-08-20T13:34:18.000000+0000,23.599722222222223,23.613055555555555,5.466666666666667,1,1
2026-08-21,1,1.1194100436716192,0.00034083162917518747,2934.0,0.9928348884156902,0.0,0.0,0.0,2230.0,288.0,2026-08-21T13:38:04.000000+0000,2026-08-21T13:46:55.000000+0000,24.15388888888889,24.210277777777776,8.85,1,1
2026-08-22,1,1.0543309982108637,0.0010221465076660989,2935.0,1.1402954223674435,0.008952551477170993,0.0,0.0,2234.0,290.0,2026-08-22T13:52:49.000000+0000,2026-08-22T13:57:41.000000+0000,24.245833333333334,24.179444444444446,4.866666666666666,1,1
2026-08-23,1,1.0,0.00034071550255536625,2935.0,0.9718631433210593,0.00938337801608579,0.0,0.0,2238.0,292.0,2026-08-23T13:27:39.000000+0000,2026-08-23T13:32:35.000000+0000,23.580555555555556,23.581666666666667,4.933333333333334,1,1
2026-08-24,1,0.9196634104047505,0.001361933946203609,2937.0,1.1021551774981957,0.008920606601248885,0.0,0.0,2242.0,292.0,2026-08-24T13:27:55.000000+0000,2026-08-24T13:33:21.000000+0000,24.004444444444445,24.012777777777778,5.433333333333334,1,1
2026-08-25,1,1.0378866262295317,0.0010214504596527069,2937.0,0.9468841356729557,0.15322939866369711,0.13356164383561644,0.14193548387096774,2245.0,292.0,2026-08-25T13:26:46.000000+0000,2026-08-25T13:31:46.000000+0000,23.980833333333333,23.97361111111111,5.0,1,1
2026-08-27,2,0.8290342959434679,NaN,0.0,0.7025960881700514,NaN,NaN,NaN,0.0,0.0,2026-08-27T13:27:14.000000+0000,2026-08-27T13:32:03.000000+0000,48.007777777777775,48.00472222222222,4.816666666666666,1,1
2026-08-28,1,0.0005866367320612582,1.0,2960.0,0.0012585974186954455,1.0,1.0,1.0,2257.0,292.0,2026-08-28T13:44:16.000000+0000,2026-08-28T13:49:01.000000+0000,24.28388888888889,24.282777777777778,4.75,1,1
2026-08-29,1,1.832097002098771,0.0,2961.0,3.673120521893467,0.00044169611307420494,0.0,0.0,2264.0,292.0,2026-08-29T13:26:58.000000+0000,2026-08-29T13:32:07.000000+0000,23.711666666666666,23.718333333333334,5.15,1,1
2026-08-30,1,1.961681200598658,0.0,2965.0,1.242638223228961,0.009263343625937363,0.0,0.0,2267.0,292.0,2026-08-30T13:26:07.000000+0000,2026-08-30T13:30:47.000000+0000,23.985833333333332,23.977777777777778,4.666666666666667,1,1
2026-08-31,1,0.907651734779631,0.0003372681281618887,2965.0,0.6520067057084847,0.010136624063464082,0.0,0.0,2269.0,292.0,2026-08-31T13:27:30.000000+0000,2026-08-31T13:32:11.000000+0000,24.023055555555555,24.023333333333333,4.683333333333334,1,1
2026-09-01,1,1.3769168424463265,0.0030779753761969904,2924.0,1.2406297334751362,0.00231839258114374,0.006802721088435374,0.00641025641025641,2588.0,294.0,2026-09-01T13:45:17.000000+0000,2026-09-01T13:56:09.000000+0000,24.296388888888888,24.399444444444445,10.866666666666667,1,1
2026-09-02,1,0.5359598456899638,0.562200956937799,2926.0,0.0,1.0,1.0,1.0,2593.0,296.0,2026-09-02T13:28:59.000000+0000,2026-09-02T13:34:24.000000+0000,23.72833333333333,23.6375,5.416666666666667,1,1
2026-09-03,1,0.986677427353364,0.00273224043715847,2928.0,0.8217258503491576,0.3235747303543914,0.3310810810810811,0.36538461538461536,2596.0,296.0,2026-09-03T13:29:30.000000+0000,2026-09-03T13:34:43.000000+0000,24.00861111111111,24.005277777777778,5.216666666666667,1,1
2026-09-04,1,1.970423100714935,0.0023915271609156134,2927.0,3.4306296797610596,0.0,0.0,0.0,2603.0,299.0,2026-09-04T13:48:16.000000+0000,2026-09-04T13:59:35.000000+0000,24.31277777777778,24.414444444444445,11.316666666666666,1,1
2026-09-05,1,1.1197048654638273,0.0006828269033799932,2929.0,1.0,0.0023014959723820483,0.0,0.0,2607.0,300.0,2026-09-05T13:37:58.000000+0000,2026-09-05T13:45:40.000000+0000,23.828333333333333,23.768055555555556,7.7,1,1
2026-09-06,1,0.7030425569330397,0.0013651877133105802,2930.0,0.752943607927852,0.0038358266206367474,0.0,0.0,2607.0,300.0,2026-09-06T13:27:29.000000+0000,2026-09-06T13:32:27.000000+0000,23.825277777777778,23.779722222222222,4.966666666666667,1,1
2026-09-07,1,0.7725913540249802,0.0010238907849829352,2930.0,0.9938715287520581,0.0015343306482546988,0.0,0.0,2607.0,300.0,2026-09-07T13:29:23.000000+0000,2026-09-07T13:34:34.000000+0000,24.031666666666666,24.03527777777778,5.183333333333334,1,1
2026-09-08,1,1.0944143683577607,0.0006825938566552901,2930.0,1.1185572830661608,0.002685078634445723,0.0,0.0,2607.0,300.0,2026-09-08T13:28:16.000000+0000,2026-09-08T13:33:26.000000+0000,23.98138888888889,23.98111111111111,5.166666666666667,1,1
2026-09-09,1,0.19070419252338003,0.8774744027303755,2930.0,0.0,1.0,1.0,1.0,2607.0,300.0,2026-09-09T13:39:02.000000+0000,2026-09-09T13:47:59.000000+0000,24.179444444444446,24.2425,8.95,1,1
2026-09-10,1,1.9612428137567934,0.0006825938566552901,2930.0,1.682808221837207,0.0,0.0,0.0,2607.0,300.0,2026-09-10T13:28:33.000000+0000,2026-09-10T13:34:16.000000+0000,23.825277777777778,23.77138888888889,5.716666666666667,1,1
2026-09-11,1,1.039326287522275,0.0006825938566552901,2930.0,1.0942194558623146,0.0023014959723820483,0.0,0.0,2607.0,300.0,2026-09-11T13:31:48.000000+0000,2026-09-11T13:39:24.000000+0000,24.054166666666667,24.085555555555555,7.6,1,1
2026-09-12,1,1.0,0.0006825938566552901,2930.0,0.9123976075449317,0.002685078634445723,0.0,0.0,2607.0,300.0,2026-09-12T13:28:03.000000+0000,2026-09-12T13:32:58.000000+0000,23.9375,23.892777777777777,4.916666666666667,1,1
2026-09-13,1,0.8886487709131171,0.0006825938566552901,2930.0,0.8891954521550185,0.001918649270913277,0.0,0.0,2606.0,300.0,2026-09-13T13:29:51.000000+0000,2026-09-13T13:35:20.000000+0000,24.03,24.039444444444445,5.483333333333333,1,1
2026-09-14,1,0.9674447949427297,0.0010238907849829352,2930.0,0.8940087513970008,0.0019193857965451055,0.0,0.0,2605.0,300.0,2026-09-14T13:34:31.000000+0000,2026-09-14T13:41:30.000000+0000,24.07777777777778,24.102777777777778,6.983333333333333,1,1
2026-09-15,1,1.023943845281021,0.0006825938566552901,2930.0,1.0079505362786727,0.0007680491551459293,0.0,0.0,2604.0,300.0,2026-09-15T13:32:10.000000+0000,2026-09-15T13:37:55.000000+0000,23.960833333333333,23.940277777777776,5.75,1,1
2026-09-16,1,1.2605434571747829,0.0006825938566552901,2930.0,2.630394353876179,0.0,0.0,0.0,2605.0,300.0,2026-09-16T13:38:18.000000+0000,2026-09-16T13:44:04.000000+0000,24.10222222222222,24.1025,5.766666666666667,1,1
2026-09-17,1,0.93850204302005,0.0006825938566552901,2930.0,1.0538321744728625,0.0015360983102918587,0.0,0.0,2604.0,300.0,2026-09-17T13:34:33.000000+0000,2026-09-17T13:41:09.000000+0000,23.9375,23.95138888888889,6.6,1,1
2026-09-18,1,1.0518918143362315,0.00034129692832764505,2930.0,1.0929965394928884,0.0030721966205837174,0.0033333333333333335,0.0,2604.0,300.0,2026-09-18T13:26:32.000000+0000,2026-09-18T13:31:20.000000+0000,23.86638888888889,23.836388888888887,4.8,1,1
2026-09-19,1,1.0,0.00034129692832764505,2930.0,0.9805569245274899,0.003073376872839032,0.0033333333333333335,0.0,2603.0,300.0,2026-09-19T13:28:19.000000+0000,2026-09-19T13:33:08.000000+0000,24.029722222222222,24.03,4.816666666666666,1,1
2026-09-20,1,0.8561835137233649,0.00034129692832764505,2930.0,1.0,0.002305032654629274,0.0,0.0,2603.0,300.0,2026-09-20T13:27:23.000000+0000,2026-09-20T13:32:14.000000+0000,23.984444444444446,23.985,4.85,1,1
2026-09-21,1,0.8988253826734778,0.00034129692832764505,2930.0,1.1033745354038835,0.002305032654629274,0.0,0.0,2603.0,300.0,2026-09-21T13:45:04.000000+0000,2026-09-21T13:59:10.000000+0000,24.294722222222223,24.448888888888888,14.1,1,1
2026-09-22,1,1.0,0.00034164673727365904,2927.0,0.9374508668986842,0.0015384615384615385,0.0,0.0,2600.0,299.0,2026-09-22T13:28:58.000000+0000,2026-09-22T13:34:31.000000+0000,23.731666666666666,23.589166666666667,5.55,1,1
2026-09-23,1,1.0287013297167544,0.00034164673727365904,2927.0,0.8610370434485353,0.004230769230769231,0.0033444816053511705,0.0,2600.0,299.0,2026-09-23T13:28:30.000000+0000,2026-09-23T13:33:48.000000+0000,23.99222222222222,23.988055555555555,5.3,1,1
2026-09-24,1,1.0470513175952225,0.00034129692832764505,2930.0,1.0880369312067506,0.003076923076923077,0.0033444816053511705,0.0,2600.0,299.0,2026-09-24T13:34:21.000000+0000,2026-09-24T13:41:36.000000+0000,24.0975,24.13,7.25,1,1
2026-09-25,1,0.7801366883505647,0.0,2929.0,0.6317014742068342,0.005384615384615384,0.0033444816053511705,0.0,2600.0,299.0,2026-09-25T13:37:45.000000+0000,2026-09-25T13:43:47.000000+0000,24.05666666666667,24.03638888888889,6.033333333333333,1,1
2026-09-26,1,1.0575118209390146,0.0,2929.0,1.2879636713271327,0.0011547344110854503,0.0,0.0,2598.0,298.0,2026-09-26T13:34:56.000000+0000,2026-09-26T13:42:21.000000+0000,23.953055555555554,23.976111111111113,7.416666666666667,1,1
2026-09-27,1,0.8584392638524668,0.0,2930.0,0.8401852696879766,0.0019252984212552945,0.0,0.0,2597.0,298.0,2026-09-27T13:30:19.000000+0000,2026-09-27T13:36:17.000000+0000,23.923055555555557,23.898888888888887,5.966666666666667,1,1
2026-09-28,1,0.9262126311099712,0.0,2930.0,0.9301566956943421,0.004235656526761648,0.003355704697986577,0.0,2597.0,298.0,2026-09-28T13:28:46.000000+0000,2026-09-28T13:34:31.000000+0000,23.974166666666665,23.970555555555556,5.75,1,1
2026-09-29,1,0.9719305750481839,0.00034129692832764505,2930.0,1.2138188853974385,0.0007704160246533128,0.0,0.0,2596.0,298.0,2026-09-29T14:04:47.000000+0000,2026-09-29T14:10:23.000000+0000,24.600277777777777,24.59777777777778,5.6,1,1
2026-09-30,1,1.0288821910865584,0.0,2930.0,1.0556550645147669,0.003468208092485549,0.0,0.0,2595.0,298.0,2026-09-30T13:29:53.000000+0000,2026-09-30T13:35:54.000000+0000,23.418333333333333,23.42527777777778,6.016666666666667,1,1
2026-10-01,1,1.1051813111942679,0.0,2663.0,1.0,0.0008107012565869477,0.0,0.0,2467.0,294.0,2026-10-01T13:38:41.000000+0000,2026-10-01T13:47:08.000000+0000,24.14666666666667,24.18722222222222,8.45,1,1
2026-10-02,1,1.0673023125100445,0.0,2663.0,0.991566544003912,0.0,0.0,0.0,2465.0,293.0,2026-10-02T13:28:09.000000+0000,2026-10-02T13:33:17.000000+0000,23.824444444444445,23.769166666666667,5.133333333333333,1,1
2026-10-03,1,0.9847499317481029,0.0,2664.0,1.1653926509222372,0.0,0.0,0.0,2465.0,293.0,2026-10-03T13:28:34.000000+0000,2026-10-03T13:33:32.000000+0000,24.006944444444443,24.004166666666666,4.966666666666667,1,1
2026-10-04,1,0.8932338778546931,0.0,2664.0,0.9968813858354104,0.0,0.0,0.0,2465.0,293.0,2026-10-04T13:49:31.000000+0000,2026-10-04T13:59:34.000000+0000,24.349166666666665,24.433888888888887,10.05,1,1
