day,models_ts,models_first,models_ncommits,models_int_h,datasets_ts,datasets_first,datasets_ncommits,datasets_int_h,spaces_ts,spaces_first,spaces_ncommits,spaces_int_h,ds_minus_models_min
2024-07-29,2024-07-29T22:03:48.000000+0000,2024-07-29T22:03:48.000000+0000,1,,2024-07-29T22:03:52.000000+0000,2024-07-29T22:03:52.000000+0000,1,,2024-07-29T22:03:39.000000+0000,2024-07-29T22:03:39.000000+0000,1,,0.06666666666666667
2024-07-30,2024-07-30T00:21:53.000000+0000,2024-07-30T00:21:53.000000+0000,1,2.301388888888889,2024-07-30T00:21:59.000000+0000,2024-07-30T00:21:59.000000+0000,1,2.3019444444444446,2024-07-30T00:21:42.000000+0000,2024-07-30T00:21:42.000000+0000,1,2.3008333333333333,0.1
2024-07-31,2024-07-31T19:43:44.000000+0000,2024-07-31T02:21:04.000000+0000,10,43.36416666666667,2024-07-31T19:43:46.000000+0000,2024-07-31T02:21:05.000000+0000,10,43.363055555555555,2024-07-31T19:43:41.000000+0000,2024-07-31T02:21:00.000000+0000,10,43.36638888888889,0.03333333333333333
2024-08-01,2024-08-01T15:49:02.000000+0000,2024-08-01T15:49:02.000000+0000,1,20.088333333333335,2024-08-01T15:49:05.000000+0000,2024-08-01T15:49:05.000000+0000,1,20.08861111111111,2024-08-01T15:48:56.000000+0000,2024-08-01T15:48:56.000000+0000,1,20.0875,0.05
2024-08-02,2024-08-02T16:43:26.000000+0000,2024-08-02T16:37:23.000000+0000,2,24.906666666666666,2024-08-02T16:43:28.000000+0000,2024-08-02T16:37:25.000000+0000,2,24.906388888888888,2024-08-02T16:43:21.000000+0000,2024-08-02T16:37:19.000000+0000,2,24.906944444444445,0.03333333333333333
2024-08-03,2024-08-03T15:55:28.000000+0000,2024-08-03T15:25:06.000000+0000,10,23.200555555555557,2024-08-03T15:55:30.000000+0000,2024-08-03T15:25:08.000000+0000,10,23.200555555555557,2024-08-03T15:55:25.000000+0000,2024-08-03T15:25:03.000000+0000,10,23.20111111111111,0.03333333333333333
2024-08-06,,,,,2024-08-06T00:04:17.000000+0000,2024-08-06T00:04:17.000000+0000,1,56.146388888888886,2024-08-06T00:04:05.000000+0000,2024-08-06T00:04:05.000000+0000,1,56.144444444444446,
2024-08-19,2024-08-19T23:31:40.000000+0000,2024-08-19T15:00:11.000000+0000,15,391.60333333333335,2024-08-19T23:31:39.000000+0000,2024-08-19T15:00:08.000000+0000,15,335.4561111111111,2024-08-19T23:31:37.000000+0000,2024-08-19T15:00:06.000000+0000,15,335.4588888888889,-0.016666666666666666
2024-08-20,2024-08-20T23:31:37.000000+0000,2024-08-20T13:36:09.000000+0000,3,23.999166666666667,2024-08-20T23:31:36.000000+0000,2024-08-20T13:36:01.000000+0000,3,23.999166666666667,2024-08-20T23:31:35.000000+0000,2024-08-20T13:35:54.000000+0000,3,23.999444444444446,-0.016666666666666666
2024-08-21,2024-08-21T23:31:42.000000+0000,2024-08-21T13:24:53.000000+0000,3,24.00138888888889,2024-08-21T23:31:40.000000+0000,2024-08-21T13:24:51.000000+0000,3,24.00111111111111,2024-08-21T23:31:39.000000+0000,2024-08-21T13:24:50.000000+0000,3,24.00111111111111,-0.03333333333333333
2024-08-22,2024-08-22T23:31:36.000000+0000,2024-08-22T14:29:36.000000+0000,2,23.998333333333335,2024-08-22T23:31:35.000000+0000,2024-08-22T14:29:34.000000+0000,2,23.99861111111111,2024-08-22T23:31:34.000000+0000,2024-08-22T14:29:33.000000+0000,2,23.99861111111111,-0.016666666666666666
2024-08-23,2024-08-23T23:31:39.000000+0000,2024-08-23T23:31:39.000000+0000,1,24.000833333333333,2024-08-23T23:31:38.000000+0000,2024-08-23T23:31:38.000000+0000,1,24.000833333333333,2024-08-23T23:31:37.000000+0000,2024-08-23T23:31:37.000000+0000,1,24.000833333333333,-0.016666666666666666
2024-08-24,2024-08-24T23:31:33.000000+0000,2024-08-24T23:31:33.000000+0000,1,23.998333333333335,2024-08-24T23:31:32.000000+0000,2024-08-24T23:31:32.000000+0000,1,23.998333333333335,2024-08-24T23:31:31.000000+0000,2024-08-24T23:31:31.000000+0000,1,23.998333333333335,-0.016666666666666666
2024-08-25,2024-08-25T23:31:32.000000+0000,2024-08-25T23:31:32.000000+0000,1,23.99972222222222,2024-08-25T23:31:31.000000+0000,2024-08-25T23:31:31.000000+0000,1,23.99972222222222,2024-08-25T23:31:30.000000+0000,2024-08-25T23:31:30.000000+0000,1,23.99972222222222,-0.016666666666666666
2024-08-26,2024-08-26T23:31:40.000000+0000,2024-08-26T23:31:40.000000+0000,1,24.002222222222223,2024-08-26T23:31:39.000000+0000,2024-08-26T23:31:39.000000+0000,1,24.002222222222223,2024-08-26T23:31:38.000000+0000,2024-08-26T23:31:38.000000+0000,1,24.002222222222223,-0.016666666666666666
2024-08-27,2024-08-27T23:31:32.000000+0000,2024-08-27T23:31:32.000000+0000,1,23.997777777777777,2024-08-27T23:31:29.000000+0000,2024-08-27T23:31:29.000000+0000,1,23.997222222222224,2024-08-27T23:31:28.000000+0000,2024-08-27T23:31:28.000000+0000,1,23.997222222222224,-0.05
2024-08-28,2024-08-28T23:31:54.000000+0000,2024-08-28T23:31:54.000000+0000,1,24.00611111111111,2024-08-28T23:31:52.000000+0000,2024-08-28T23:31:52.000000+0000,1,24.00638888888889,2024-08-28T23:31:51.000000+0000,2024-08-28T23:31:51.000000+0000,1,24.00638888888889,-0.03333333333333333
2024-08-29,2024-08-29T23:31:37.000000+0000,2024-08-29T23:31:37.000000+0000,1,23.995277777777776,2024-08-29T23:31:36.000000+0000,2024-08-29T23:31:36.000000+0000,1,23.995555555555555,2024-08-29T23:31:35.000000+0000,2024-08-29T23:31:35.000000+0000,1,23.995555555555555,-0.016666666666666666
2024-08-30,2024-08-30T23:31:35.000000+0000,2024-08-30T23:31:35.000000+0000,1,23.999444444444446,2024-08-30T23:31:34.000000+0000,2024-08-30T23:31:34.000000+0000,1,23.999444444444446,2024-08-30T23:31:33.000000+0000,2024-08-30T23:31:33.000000+0000,1,23.999444444444446,-0.016666666666666666
2024-08-31,2024-08-31T23:31:50.000000+0000,2024-08-31T23:31:50.000000+0000,1,24.004166666666666,2024-08-31T23:31:49.000000+0000,2024-08-31T23:31:49.000000+0000,1,24.004166666666666,2024-08-31T23:31:48.000000+0000,2024-08-31T23:31:48.000000+0000,1,24.004166666666666,-0.016666666666666666
2024-09-01,2024-09-01T23:31:37.000000+0000,2024-09-01T23:31:37.000000+0000,1,23.996388888888887,2024-09-01T23:31:36.000000+0000,2024-09-01T23:31:36.000000+0000,1,23.996388888888887,2024-09-01T23:31:35.000000+0000,2024-09-01T23:31:35.000000+0000,1,23.996388888888887,-0.016666666666666666
2024-09-02,2024-09-02T23:31:57.000000+0000,2024-09-02T23:31:57.000000+0000,1,24.005555555555556,2024-09-02T23:31:56.000000+0000,2024-09-02T23:31:56.000000+0000,1,24.005555555555556,2024-09-02T23:31:54.000000+0000,2024-09-02T23:31:54.000000+0000,1,24.005277777777778,-0.016666666666666666
2024-09-03,2024-09-03T23:31:54.000000+0000,2024-09-03T23:31:54.000000+0000,1,23.999166666666667,2024-09-03T23:31:53.000000+0000,2024-09-03T23:31:53.000000+0000,1,23.999166666666667,2024-09-03T23:31:51.000000+0000,2024-09-03T23:31:51.000000+0000,1,23.999166666666667,-0.016666666666666666
2024-09-04,2024-09-04T23:31:37.000000+0000,2024-09-04T23:31:37.000000+0000,1,23.995277777777776,2024-09-04T23:31:36.000000+0000,2024-09-04T23:31:36.000000+0000,1,23.995277777777776,2024-09-04T23:31:35.000000+0000,2024-09-04T23:31:35.000000+0000,1,23.995555555555555,-0.016666666666666666
2024-09-05,2024-09-05T23:31:44.000000+0000,2024-09-05T23:31:44.000000+0000,1,24.001944444444444,2024-09-05T23:31:43.000000+0000,2024-09-05T23:31:43.000000+0000,1,24.001944444444444,2024-09-05T23:31:42.000000+0000,2024-09-05T23:31:42.000000+0000,1,24.001944444444444,-0.016666666666666666
2024-09-06,2024-09-06T23:31:49.000000+0000,2024-09-06T23:31:49.000000+0000,1,24.00138888888889,2024-09-06T23:31:48.000000+0000,2024-09-06T23:31:48.000000+0000,1,24.00138888888889,2024-09-06T23:31:46.000000+0000,2024-09-06T23:31:46.000000+0000,1,24.00111111111111,-0.016666666666666666
2024-09-07,2024-09-07T23:31:42.000000+0000,2024-09-07T23:31:42.000000+0000,1,23.998055555555556,2024-09-07T23:31:40.000000+0000,2024-09-07T23:31:40.000000+0000,1,23.997777777777777,2024-09-07T23:31:39.000000+0000,2024-09-07T23:31:39.000000+0000,1,23.998055555555556,-0.03333333333333333
2024-09-08,2024-09-08T23:31:40.000000+0000,2024-09-08T23:31:40.000000+0000,1,23.999444444444446,2024-09-08T23:31:39.000000+0000,2024-09-08T23:31:39.000000+0000,1,23.99972222222222,2024-09-08T23:31:37.000000+0000,2024-09-08T23:31:37.000000+0000,1,23.999444444444446,-0.016666666666666666
2024-09-09,2024-09-09T23:31:41.000000+0000,2024-09-09T23:31:41.000000+0000,1,24.00027777777778,2024-09-09T23:31:40.000000+0000,2024-09-09T23:31:40.000000+0000,1,24.00027777777778,2024-09-09T23:31:39.000000+0000,2024-09-09T23:31:39.000000+0000,1,24.000555555555554,-0.016666666666666666
2024-09-10,2024-09-10T23:31:40.000000+0000,2024-09-10T23:31:40.000000+0000,1,23.99972222222222,2024-09-10T23:31:39.000000+0000,2024-09-10T23:31:39.000000+0000,1,23.99972222222222,2024-09-10T23:31:38.000000+0000,2024-09-10T23:31:38.000000+0000,1,23.99972222222222,-0.016666666666666666
2024-09-11,2024-09-11T23:31:35.000000+0000,2024-09-11T17:45:53.000000+0000,2,23.99861111111111,2024-09-11T23:31:34.000000+0000,2024-09-11T17:45:52.000000+0000,2,23.99861111111111,2024-09-11T23:31:33.000000+0000,2024-09-11T17:45:50.000000+0000,2,23.99861111111111,-0.016666666666666666
2024-09-12,2024-09-12T23:31:35.000000+0000,2024-09-12T23:31:35.000000+0000,1,24.0,2024-09-12T23:31:34.000000+0000,2024-09-12T23:31:34.000000+0000,1,24.0,2024-09-12T23:31:32.000000+0000,2024-09-12T23:31:32.000000+0000,1,23.99972222222222,-0.016666666666666666
2024-09-13,2024-09-13T23:31:41.000000+0000,2024-09-13T13:45:33.000000+0000,2,24.001666666666665,2024-09-13T23:31:39.000000+0000,2024-09-13T13:45:30.000000+0000,2,24.00138888888889,2024-09-13T23:31:38.000000+0000,2024-09-13T13:45:29.000000+0000,2,24.001666666666665,-0.03333333333333333
2024-09-14,2024-09-14T23:31:33.000000+0000,2024-09-14T23:31:33.000000+0000,1,23.997777777777777,2024-09-14T23:31:31.000000+0000,2024-09-14T23:31:31.000000+0000,1,23.997777777777777,2024-09-14T23:31:30.000000+0000,2024-09-14T23:31:30.000000+0000,1,23.997777777777777,-0.03333333333333333
2024-09-15,2024-09-15T23:32:02.000000+0000,2024-09-15T23:32:02.000000+0000,1,24.008055555555554,2024-09-15T23:32:01.000000+0000,2024-09-15T23:32:01.000000+0000,1,24.008333333333333,2024-09-15T23:32:00.000000+0000,2024-09-15T23:32:00.000000+0000,1,24.008333333333333,-0.016666666666666666
2024-09-16,2024-09-16T23:35:27.000000+0000,2024-09-16T16:02:45.000000+0000,2,24.056944444444444,2024-09-16T23:35:25.000000+0000,2024-09-16T16:02:32.000000+0000,2,24.05666666666667,2024-09-16T23:35:24.000000+0000,2024-09-16T16:02:27.000000+0000,2,24.05666666666667,-0.03333333333333333
2024-09-17,2024-09-17T23:35:59.000000+0000,2024-09-17T23:35:59.000000+0000,1,24.00888888888889,2024-09-17T23:35:56.000000+0000,2024-09-17T23:35:56.000000+0000,1,24.00861111111111,2024-09-17T23:35:54.000000+0000,2024-09-17T23:35:54.000000+0000,1,24.008333333333333,-0.05
2024-09-18,2024-09-18T23:35:47.000000+0000,2024-09-18T23:35:47.000000+0000,1,23.996666666666666,2024-09-18T23:35:43.000000+0000,2024-09-18T23:35:43.000000+0000,1,23.996388888888887,2024-09-18T23:35:41.000000+0000,2024-09-18T23:35:41.000000+0000,1,23.996388888888887,-0.06666666666666667
2024-09-19,2024-09-19T23:35:22.000000+0000,2024-09-19T23:35:22.000000+0000,1,23.993055555555557,2024-09-19T23:35:19.000000+0000,2024-09-19T23:35:19.000000+0000,1,23.993333333333332,2024-09-19T23:35:18.000000+0000,2024-09-19T23:35:18.000000+0000,1,23.99361111111111,-0.05
2024-09-20,2024-09-20T23:35:27.000000+0000,2024-09-20T12:58:24.000000+0000,2,24.00138888888889,2024-09-20T23:35:25.000000+0000,2024-09-20T12:58:13.000000+0000,2,24.001666666666665,2024-09-20T23:35:23.000000+0000,2024-09-20T12:58:08.000000+0000,2,24.00138888888889,-0.03333333333333333
2024-09-21,2024-09-21T23:35:41.000000+0000,2024-09-21T23:35:41.000000+0000,1,24.003888888888888,2024-09-21T23:35:39.000000+0000,2024-09-21T23:35:39.000000+0000,1,24.003888888888888,2024-09-21T23:35:37.000000+0000,2024-09-21T23:35:37.000000+0000,1,24.003888888888888,-0.03333333333333333
2024-09-23,2024-09-23T23:34:59.000000+0000,2024-09-23T23:34:59.000000+0000,1,47.98833333333334,2024-09-23T23:34:57.000000+0000,2024-09-23T23:34:57.000000+0000,1,47.98833333333334,2024-09-23T23:34:55.000000+0000,2024-09-23T23:34:55.000000+0000,1,47.98833333333334,-0.03333333333333333
2024-09-24,2024-09-24T23:35:00.000000+0000,2024-09-24T23:35:00.000000+0000,1,24.00027777777778,2024-09-24T23:34:58.000000+0000,2024-09-24T23:34:58.000000+0000,1,24.00027777777778,2024-09-24T23:34:57.000000+0000,2024-09-24T23:34:57.000000+0000,1,24.000555555555554,-0.03333333333333333
2024-09-25,2024-09-25T23:35:54.000000+0000,2024-09-25T23:35:54.000000+0000,1,24.015,2024-09-25T23:35:51.000000+0000,2024-09-25T23:35:51.000000+0000,1,24.014722222222222,2024-09-25T23:35:50.000000+0000,2024-09-25T23:35:50.000000+0000,1,24.014722222222222,-0.05
2024-09-26,2024-09-26T23:35:54.000000+0000,2024-09-26T15:55:46.000000+0000,2,24.0,2024-09-26T23:35:52.000000+0000,2024-09-26T15:55:44.000000+0000,2,24.00027777777778,2024-09-26T23:35:50.000000+0000,2024-09-26T15:55:37.000000+0000,2,24.0,-0.03333333333333333
2024-09-27,2024-09-27T23:35:34.000000+0000,2024-09-27T19:07:33.000000+0000,2,23.994444444444444,2024-09-27T23:35:32.000000+0000,2024-09-27T19:07:28.000000+0000,2,23.994444444444444,2024-09-27T23:35:30.000000+0000,2024-09-27T19:07:26.000000+0000,2,23.994444444444444,-0.03333333333333333
2024-09-28,2024-09-28T23:35:48.000000+0000,2024-09-28T23:35:48.000000+0000,1,24.003888888888888,2024-09-28T23:35:46.000000+0000,2024-09-28T23:35:46.000000+0000,1,24.003888888888888,2024-09-28T23:35:42.000000+0000,2024-09-28T23:35:42.000000+0000,1,24.003333333333334,-0.03333333333333333
2024-09-29,2024-09-29T23:35:39.000000+0000,2024-09-29T23:35:39.000000+0000,1,23.9975,2024-09-29T23:35:37.000000+0000,2024-09-29T23:35:37.000000+0000,1,23.9975,2024-09-29T23:35:35.000000+0000,2024-09-29T23:35:35.000000+0000,1,23.998055555555556,-0.03333333333333333
2024-09-30,2024-09-30T23:36:08.000000+0000,2024-09-30T23:36:08.000000+0000,1,24.008055555555554,2024-09-30T23:36:05.000000+0000,2024-09-30T23:36:05.000000+0000,1,24.00777777777778,2024-09-30T23:36:02.000000+0000,2024-09-30T23:36:02.000000+0000,1,24.0075,-0.05
2024-10-01,2024-10-01T23:36:08.000000+0000,2024-10-01T23:36:08.000000+0000,1,24.0,2024-10-01T23:36:06.000000+0000,2024-10-01T23:36:06.000000+0000,1,24.00027777777778,2024-10-01T23:36:05.000000+0000,2024-10-01T23:36:05.000000+0000,1,24.000833333333333,-0.03333333333333333
2024-10-02,2024-10-02T23:35:40.000000+0000,2024-10-02T23:35:40.000000+0000,1,23.99222222222222,2024-10-02T23:35:38.000000+0000,2024-10-02T23:35:38.000000+0000,1,23.99222222222222,2024-10-02T23:35:37.000000+0000,2024-10-02T23:35:37.000000+0000,1,23.99222222222222,-0.03333333333333333
2024-10-03,2024-10-03T23:35:44.000000+0000,2024-10-03T23:35:44.000000+0000,1,24.00111111111111,2024-10-03T23:35:42.000000+0000,2024-10-03T23:35:42.000000+0000,1,24.00111111111111,2024-10-03T23:35:41.000000+0000,2024-10-03T23:35:41.000000+0000,1,24.00111111111111,-0.03333333333333333
2024-10-05,2024-10-05T23:35:29.000000+0000,2024-10-05T23:35:29.000000+0000,1,47.99583333333333,2024-10-05T23:35:26.000000+0000,2024-10-05T23:35:26.000000+0000,1,47.995555555555555,2024-10-05T23:35:25.000000+0000,2024-10-05T23:35:25.000000+0000,1,47.995555555555555,-0.05
2024-10-06,2024-10-06T23:36:32.000000+0000,2024-10-06T23:36:32.000000+0000,1,24.0175,2024-10-06T23:36:30.000000+0000,2024-10-06T23:36:30.000000+0000,1,24.017777777777777,2024-10-06T23:36:29.000000+0000,2024-10-06T23:36:29.000000+0000,1,24.017777777777777,-0.03333333333333333
2024-10-07,2024-10-07T23:36:17.000000+0000,2024-10-07T23:36:17.000000+0000,1,23.995833333333334,2024-10-07T23:36:13.000000+0000,2024-10-07T23:36:13.000000+0000,1,23.995277777777776,2024-10-07T23:36:11.000000+0000,2024-10-07T23:36:11.000000+0000,1,23.995,-0.06666666666666667
2024-10-08,2024-10-08T23:35:51.000000+0000,2024-10-08T23:35:51.000000+0000,1,23.99277777777778,2024-10-08T23:35:49.000000+0000,2024-10-08T23:35:49.000000+0000,1,23.993333333333332,2024-10-08T23:35:47.000000+0000,2024-10-08T23:35:47.000000+0000,1,23.993333333333332,-0.03333333333333333
2024-10-09,2024-10-09T23:36:04.000000+0000,2024-10-09T23:36:04.000000+0000,1,24.003611111111113,2024-10-09T23:36:02.000000+0000,2024-10-09T23:36:02.000000+0000,1,24.003611111111113,2024-10-09T23:36:00.000000+0000,2024-10-09T23:36:00.000000+0000,1,24.003611111111113,-0.03333333333333333
2024-10-10,2024-10-10T23:35:57.000000+0000,2024-10-10T01:55:59.000000+0000,2,23.998055555555556,2024-10-10T23:35:49.000000+0000,2024-10-10T01:55:56.000000+0000,2,23.996388888888887,2024-10-10T23:35:48.000000+0000,2024-10-10T01:55:54.000000+0000,2,23.996666666666666,-0.13333333333333333
2024-10-11,2024-10-11T23:36:03.000000+0000,2024-10-11T23:36:03.000000+0000,1,24.001666666666665,2024-10-11T23:36:01.000000+0000,2024-10-11T23:36:01.000000+0000,1,24.003333333333334,2024-10-11T23:35:59.000000+0000,2024-10-11T23:35:59.000000+0000,1,24.003055555555555,-0.03333333333333333
2024-10-12,2024-10-12T23:36:27.000000+0000,2024-10-12T23:36:27.000000+0000,1,24.006666666666668,2024-10-12T23:36:24.000000+0000,2024-10-12T23:36:24.000000+0000,1,24.00638888888889,2024-10-12T23:36:23.000000+0000,2024-10-12T23:36:23.000000+0000,1,24.006666666666668,-0.05
2024-10-13,2024-10-13T23:35:41.000000+0000,2024-10-13T23:35:41.000000+0000,1,23.987222222222222,2024-10-13T23:35:38.000000+0000,2024-10-13T23:35:38.000000+0000,1,23.987222222222222,2024-10-13T23:35:37.000000+0000,2024-10-13T23:35:37.000000+0000,1,23.987222222222222,-0.05
2024-10-14,2024-10-14T23:35:49.000000+0000,2024-10-14T23:35:49.000000+0000,1,24.002222222222223,2024-10-14T23:35:47.000000+0000,2024-10-14T23:35:47.000000+0000,1,24.0025,2024-10-14T23:35:45.000000+0000,2024-10-14T23:35:45.000000+0000,1,24.002222222222223,-0.03333333333333333
2024-10-15,2024-10-15T23:35:57.000000+0000,2024-10-15T23:35:57.000000+0000,1,24.002222222222223,2024-10-15T23:35:55.000000+0000,2024-10-15T23:35:55.000000+0000,1,24.002222222222223,2024-10-15T23:35:54.000000+0000,2024-10-15T23:35:54.000000+0000,1,24.0025,-0.03333333333333333
2024-10-16,2024-10-16T23:36:19.000000+0000,2024-10-16T23:36:19.000000+0000,1,24.00611111111111,2024-10-16T23:36:17.000000+0000,2024-10-16T23:36:17.000000+0000,1,24.00611111111111,2024-10-16T23:36:15.000000+0000,2024-10-16T23:36:15.000000+0000,1,24.00583333333333,-0.03333333333333333
2024-10-17,2024-10-17T23:36:28.000000+0000,2024-10-17T23:36:28.000000+0000,1,24.0025,2024-10-17T23:36:25.000000+0000,2024-10-17T23:36:25.000000+0000,1,24.002222222222223,2024-10-17T23:36:23.000000+0000,2024-10-17T23:36:23.000000+0000,1,24.002222222222223,-0.05
2024-10-18,2024-10-18T23:36:21.000000+0000,2024-10-18T23:36:21.000000+0000,1,23.998055555555556,2024-10-18T23:36:16.000000+0000,2024-10-18T23:36:16.000000+0000,1,23.9975,2024-10-18T23:36:13.000000+0000,2024-10-18T23:36:13.000000+0000,1,23.997222222222224,-0.08333333333333333
2024-10-19,2024-10-19T23:36:26.000000+0000,2024-10-19T23:36:26.000000+0000,1,24.00138888888889,2024-10-19T23:36:24.000000+0000,2024-10-19T23:36:24.000000+0000,1,24.002222222222223,2024-10-19T23:36:22.000000+0000,2024-10-19T23:36:22.000000+0000,1,24.0025,-0.03333333333333333
2024-10-20,2024-10-20T23:35:41.000000+0000,2024-10-20T23:35:41.000000+0000,1,23.9875,2024-10-20T23:35:39.000000+0000,2024-10-20T23:35:39.000000+0000,1,23.9875,2024-10-20T23:35:38.000000+0000,2024-10-20T23:35:38.000000+0000,1,23.98777777777778,-0.03333333333333333
2024-10-21,2024-10-21T23:35:43.000000+0000,2024-10-21T23:35:43.000000+0000,1,24.000555555555554,2024-10-21T23:35:41.000000+0000,2024-10-21T23:35:41.000000+0000,1,24.000555555555554,2024-10-21T23:35:40.000000+0000,2024-10-21T23:35:40.000000+0000,1,24.000555555555554,-0.03333333333333333
2024-10-22,2024-10-22T23:35:39.000000+0000,2024-10-22T23:35:39.000000+0000,1,23.99888888888889,2024-10-22T23:35:37.000000+0000,2024-10-22T23:35:37.000000+0000,1,23.99888888888889,2024-10-22T23:35:35.000000+0000,2024-10-22T23:35:35.000000+0000,1,23.99861111111111,-0.03333333333333333
2024-10-23,2024-10-23T23:35:34.000000+0000,2024-10-23T23:35:34.000000+0000,1,23.99861111111111,2024-10-23T23:35:32.000000+0000,2024-10-23T23:35:32.000000+0000,1,23.99861111111111,2024-10-23T23:35:30.000000+0000,2024-10-23T23:35:30.000000+0000,1,23.99861111111111,-0.03333333333333333
2024-10-24,2024-10-24T23:35:14.000000+0000,2024-10-24T19:49:21.000000+0000,2,23.994444444444444,2024-10-24T23:35:11.000000+0000,2024-10-24T19:49:19.000000+0000,2,23.99416666666667,2024-10-24T23:35:10.000000+0000,2024-10-24T19:49:16.000000+0000,2,23.994444444444444,-0.05
2024-10-25,2024-10-25T23:35:30.000000+0000,2024-10-25T23:35:30.000000+0000,1,24.004444444444445,2024-10-25T23:35:28.000000+0000,2024-10-25T23:35:28.000000+0000,1,24.004722222222224,2024-10-25T23:35:26.000000+0000,2024-10-25T23:35:26.000000+0000,1,24.004444444444445,-0.03333333333333333
2024-10-26,2024-10-26T23:35:23.000000+0000,2024-10-26T23:35:23.000000+0000,1,23.998055555555556,2024-10-26T23:35:21.000000+0000,2024-10-26T23:35:21.000000+0000,1,23.998055555555556,2024-10-26T23:35:20.000000+0000,2024-10-26T23:35:20.000000+0000,1,23.998333333333335,-0.03333333333333333
2024-10-27,2024-10-27T23:35:52.000000+0000,2024-10-27T23:35:52.000000+0000,1,24.008055555555554,2024-10-27T23:35:50.000000+0000,2024-10-27T23:35:50.000000+0000,1,24.008055555555554,2024-10-27T23:35:49.000000+0000,2024-10-27T23:35:49.000000+0000,1,24.008055555555554,-0.03333333333333333
2024-10-28,2024-10-28T23:35:53.000000+0000,2024-10-28T13:31:00.000000+0000,2,24.00027777777778,2024-10-28T23:35:49.000000+0000,2024-10-28T13:30:57.000000+0000,2,23.99972222222222,2024-10-28T23:35:47.000000+0000,2024-10-28T13:30:55.000000+0000,2,23.999444444444446,-0.06666666666666667
2024-10-29,2024-10-29T23:37:34.000000+0000,2024-10-29T23:37:34.000000+0000,1,24.028055555555557,2024-10-29T23:37:30.000000+0000,2024-10-29T23:37:30.000000+0000,1,24.028055555555557,2024-10-29T23:37:26.000000+0000,2024-10-29T23:37:26.000000+0000,1,24.0275,-0.06666666666666667
2024-10-30,2024-10-30T23:37:27.000000+0000,2024-10-30T23:37:27.000000+0000,1,23.998055555555556,2024-10-30T23:37:24.000000+0000,2024-10-30T23:37:24.000000+0000,1,23.998333333333335,2024-10-30T23:37:22.000000+0000,2024-10-30T23:37:22.000000+0000,1,23.99888888888889,-0.05
2024-10-31,2024-10-31T23:38:10.000000+0000,2024-10-31T23:38:10.000000+0000,1,24.011944444444445,2024-10-31T23:38:06.000000+0000,2024-10-31T23:38:06.000000+0000,1,24.011666666666667,2024-10-31T23:38:04.000000+0000,2024-10-31T23:38:04.000000+0000,1,24.011666666666667,-0.06666666666666667
2024-11-01,2024-11-01T23:35:35.000000+0000,2024-11-01T23:35:35.000000+0000,1,23.956944444444446,2024-11-01T23:35:33.000000+0000,2024-11-01T23:35:33.000000+0000,1,23.9575,2024-11-01T23:35:32.000000+0000,2024-11-01T23:35:32.000000+0000,1,23.95777777777778,-0.03333333333333333
2024-11-02,2024-11-02T23:35:12.000000+0000,2024-11-02T23:35:12.000000+0000,1,23.99361111111111,2024-11-02T23:35:10.000000+0000,2024-11-02T23:35:10.000000+0000,1,23.99361111111111,2024-11-02T23:35:09.000000+0000,2024-11-02T23:35:09.000000+0000,1,23.99361111111111,-0.03333333333333333
2024-11-04,2024-11-04T00:35:20.000000+0000,2024-11-04T00:35:20.000000+0000,1,25.002222222222223,2024-11-04T00:35:18.000000+0000,2024-11-04T00:35:18.000000+0000,1,25.002222222222223,2024-11-04T00:35:16.000000+0000,2024-11-04T00:35:16.000000+0000,1,25.001944444444444,-0.03333333333333333
2024-11-05,2024-11-05T00:36:08.000000+0000,2024-11-05T00:36:08.000000+0000,1,24.013333333333332,2024-11-05T00:36:05.000000+0000,2024-11-05T00:36:05.000000+0000,1,24.013055555555557,2024-11-05T00:36:03.000000+0000,2024-11-05T00:36:03.000000+0000,1,24.013055555555557,-0.05
2024-11-06,2024-11-06T00:35:32.000000+0000,2024-11-06T00:35:32.000000+0000,1,23.99,2024-11-06T00:35:30.000000+0000,2024-11-06T00:35:30.000000+0000,1,23.990277777777777,2024-11-06T00:35:28.000000+0000,2024-11-06T00:35:28.000000+0000,1,23.990277777777777,-0.03333333333333333
2024-11-07,2024-11-07T00:35:43.000000+0000,2024-11-07T00:35:43.000000+0000,1,24.003055555555555,2024-11-07T00:35:40.000000+0000,2024-11-07T00:35:40.000000+0000,1,24.002777777777776,2024-11-07T00:35:39.000000+0000,2024-11-07T00:35:39.000000+0000,1,24.003055555555555,-0.05
2024-11-08,2024-11-08T00:35:40.000000+0000,2024-11-08T00:35:40.000000+0000,1,23.999166666666667,2024-11-08T00:35:37.000000+0000,2024-11-08T00:35:37.000000+0000,1,23.999166666666667,2024-11-08T00:35:36.000000+0000,2024-11-08T00:35:36.000000+0000,1,23.999166666666667,-0.05
2024-11-09,2024-11-09T00:35:43.000000+0000,2024-11-09T00:35:43.000000+0000,1,24.000833333333333,2024-11-09T00:35:41.000000+0000,2024-11-09T00:35:41.000000+0000,1,24.00111111111111,2024-11-09T00:35:40.000000+0000,2024-11-09T00:35:40.000000+0000,1,24.00111111111111,-0.03333333333333333
2024-11-10,2024-11-10T00:35:54.000000+0000,2024-11-10T00:35:54.000000+0000,1,24.003055555555555,2024-11-10T00:35:51.000000+0000,2024-11-10T00:35:51.000000+0000,1,24.002777777777776,2024-11-10T00:35:49.000000+0000,2024-11-10T00:35:49.000000+0000,1,24.0025,-0.05
2024-11-11,2024-11-11T00:36:17.000000+0000,2024-11-11T00:36:17.000000+0000,1,24.00638888888889,2024-11-11T00:36:14.000000+0000,2024-11-11T00:36:14.000000+0000,1,24.00638888888889,2024-11-11T00:36:13.000000+0000,2024-11-11T00:36:13.000000+0000,1,24.006666666666668,-0.05
2024-11-12,2024-11-12T00:35:59.000000+0000,2024-11-12T00:35:59.000000+0000,1,23.995,2024-11-12T00:35:57.000000+0000,2024-11-12T00:35:57.000000+0000,1,23.995277777777776,2024-11-12T00:35:55.000000+0000,2024-11-12T00:35:55.000000+0000,1,23.995,-0.03333333333333333
2024-11-13,2024-11-13T00:36:04.000000+0000,2024-11-13T00:36:04.000000+0000,1,24.00138888888889,2024-11-13T00:36:01.000000+0000,2024-11-13T00:36:01.000000+0000,1,24.00111111111111,2024-11-13T00:35:59.000000+0000,2024-11-13T00:35:59.000000+0000,1,24.00111111111111,-0.05
2024-11-14,2024-11-14T00:36:02.000000+0000,2024-11-14T00:36:02.000000+0000,1,23.999444444444446,2024-11-14T00:36:00.000000+0000,2024-11-14T00:36:00.000000+0000,1,23.99972222222222,2024-11-14T00:35:58.000000+0000,2024-11-14T00:35:58.000000+0000,1,23.99972222222222,-0.03333333333333333
2024-11-15,2024-11-15T00:36:01.000000+0000,2024-11-15T00:36:01.000000+0000,1,23.99972222222222,2024-11-15T00:35:58.000000+0000,2024-11-15T00:35:58.000000+0000,1,23.999444444444446,2024-11-15T00:35:55.000000+0000,2024-11-15T00:35:55.000000+0000,1,23.999166666666667,-0.05
2024-11-16,2024-11-16T00:36:39.000000+0000,2024-11-16T00:36:39.000000+0000,1,24.010555555555555,2024-11-16T00:36:37.000000+0000,2024-11-16T00:36:37.000000+0000,1,24.010833333333334,2024-11-16T00:36:34.000000+0000,2024-11-16T00:36:34.000000+0000,1,24.010833333333334,-0.03333333333333333
2024-11-17,2024-11-17T00:36:51.000000+0000,2024-11-17T00:36:51.000000+0000,1,24.003333333333334,2024-11-17T00:36:48.000000+0000,2024-11-17T00:36:48.000000+0000,1,24.003055555555555,2024-11-17T00:36:47.000000+0000,2024-11-17T00:36:47.000000+0000,1,24.003611111111113,-0.05
2024-11-18,2024-11-18T19:58:06.000000+0000,2024-11-18T00:36:36.000000+0000,2,43.354166666666664,2024-11-18T19:57:55.000000+0000,2024-11-18T00:36:34.000000+0000,2,43.35194444444444,2024-11-18T19:57:48.000000+0000,2024-11-18T00:36:33.000000+0000,2,43.35027777777778,-0.18333333333333332
2024-11-19,2024-11-19T13:42:48.000000+0000,2024-11-19T00:37:48.000000+0000,3,17.745,2024-11-19T13:42:50.000000+0000,2024-11-19T00:37:45.000000+0000,3,17.74861111111111,2024-11-19T13:42:43.000000+0000,2024-11-19T00:37:43.000000+0000,3,17.74861111111111,0.03333333333333333
2024-11-24,2024-11-24T22:29:23.000000+0000,2024-11-24T22:29:23.000000+0000,1,128.7763888888889,2024-11-24T22:30:19.000000+0000,2024-11-24T22:30:19.000000+0000,1,128.7913888888889,2024-11-24T22:26:34.000000+0000,2024-11-24T22:26:34.000000+0000,1,128.73083333333332,0.9333333333333333
2024-11-25,2024-11-25T07:41:09.000000+0000,2024-11-25T00:34:50.000000+0000,2,9.196111111111112,2024-11-25T07:42:10.000000+0000,2024-11-25T00:35:48.000000+0000,2,9.1975,2024-11-25T07:37:57.000000+0000,2024-11-25T00:31:52.000000+0000,2,9.189722222222223,1.0166666666666666
2024-11-26,2024-11-26T00:35:05.000000+0000,2024-11-26T00:35:05.000000+0000,1,16.898888888888887,2024-11-26T00:36:05.000000+0000,2024-11-26T00:36:05.000000+0000,1,16.898611111111112,2024-11-26T00:32:02.000000+0000,2024-11-26T00:32:02.000000+0000,1,16.90138888888889,1.0
2024-11-27,2024-11-27T00:35:17.000000+0000,2024-11-27T00:35:17.000000+0000,1,24.003333333333334,2024-11-27T00:36:19.000000+0000,2024-11-27T00:36:19.000000+0000,1,24.003888888888888,2024-11-27T00:32:09.000000+0000,2024-11-27T00:32:09.000000+0000,1,24.001944444444444,1.0333333333333332
2024-11-28,2024-11-28T00:35:25.000000+0000,2024-11-28T00:35:25.000000+0000,1,24.002222222222223,2024-11-28T00:36:34.000000+0000,2024-11-28T00:36:34.000000+0000,1,24.004166666666666,2024-11-28T00:32:12.000000+0000,2024-11-28T00:32:12.000000+0000,1,24.000833333333333,1.15
2024-11-29,2024-11-29T00:36:25.000000+0000,2024-11-29T00:36:25.000000+0000,1,24.016666666666666,2024-11-29T00:37:38.000000+0000,2024-11-29T00:37:38.000000+0000,1,24.017777777777777,2024-11-29T00:32:49.000000+0000,2024-11-29T00:32:49.000000+0000,1,24.010277777777777,1.2166666666666666
2024-11-30,2024-11-30T00:37:02.000000+0000,2024-11-30T00:37:02.000000+0000,1,24.010277777777777,2024-11-30T00:38:22.000000+0000,2024-11-30T00:38:22.000000+0000,1,24.01222222222222,2024-11-30T00:33:03.000000+0000,2024-11-30T00:33:03.000000+0000,1,24.003888888888888,1.3333333333333333
2024-12-01,2024-12-01T00:35:35.000000+0000,2024-12-01T00:35:35.000000+0000,1,23.975833333333334,2024-12-01T00:36:44.000000+0000,2024-12-01T00:36:44.000000+0000,1,23.97277777777778,2024-12-01T00:32:19.000000+0000,2024-12-01T00:32:19.000000+0000,1,23.98777777777778,1.15
2024-12-02,2024-12-02T00:36:13.000000+0000,2024-12-02T00:36:13.000000+0000,1,24.010555555555555,2024-12-02T00:37:28.000000+0000,2024-12-02T00:37:28.000000+0000,1,24.01222222222222,2024-12-02T00:32:33.000000+0000,2024-12-02T00:32:33.000000+0000,1,24.003888888888888,1.25
2024-12-03,2024-12-03T00:35:12.000000+0000,2024-12-03T00:35:12.000000+0000,1,23.983055555555556,2024-12-03T00:36:13.000000+0000,2024-12-03T00:36:13.000000+0000,1,23.979166666666668,2024-12-03T00:32:09.000000+0000,2024-12-03T00:32:09.000000+0000,1,23.993333333333332,1.0166666666666666
2024-12-04,2024-12-04T00:35:52.000000+0000,2024-12-04T00:35:52.000000+0000,1,24.011111111111113,2024-12-04T00:37:03.000000+0000,2024-12-04T00:37:03.000000+0000,1,24.01388888888889,2024-12-04T00:32:29.000000+0000,2024-12-04T00:32:29.000000+0000,1,24.005555555555556,1.1833333333333333
2024-12-05,2024-12-05T00:36:06.000000+0000,2024-12-05T00:36:06.000000+0000,1,24.003888888888888,2024-12-05T00:37:19.000000+0000,2024-12-05T00:37:19.000000+0000,1,24.004444444444445,2024-12-05T00:32:35.000000+0000,2024-12-05T00:32:35.000000+0000,1,24.001666666666665,1.2166666666666666
2024-12-06,2024-12-06T00:35:39.000000+0000,2024-12-06T00:35:39.000000+0000,1,23.9925,2024-12-06T00:36:53.000000+0000,2024-12-06T00:36:53.000000+0000,1,23.99277777777778,2024-12-06T00:32:22.000000+0000,2024-12-06T00:32:22.000000+0000,1,23.996388888888887,1.2333333333333334
2024-12-07,2024-12-07T00:35:47.000000+0000,2024-12-07T00:35:47.000000+0000,1,24.002222222222223,2024-12-07T00:36:53.000000+0000,2024-12-07T00:36:53.000000+0000,1,24.0,2024-12-07T00:32:27.000000+0000,2024-12-07T00:32:27.000000+0000,1,24.00138888888889,1.1
2024-12-08,2024-12-08T00:35:10.000000+0000,2024-12-08T00:35:10.000000+0000,1,23.989722222222223,2024-12-08T00:36:10.000000+0000,2024-12-08T00:36:10.000000+0000,1,23.988055555555555,2024-12-08T00:32:01.000000+0000,2024-12-08T00:32:01.000000+0000,1,23.99277777777778,1.0
2024-12-09,2024-12-09T00:35:33.000000+0000,2024-12-09T00:35:33.000000+0000,1,24.00638888888889,2024-12-09T00:36:36.000000+0000,2024-12-09T00:36:36.000000+0000,1,24.00722222222222,2024-12-09T00:32:21.000000+0000,2024-12-09T00:32:21.000000+0000,1,24.005555555555556,1.05
2024-12-10,2024-12-10T00:35:12.000000+0000,2024-12-10T00:35:12.000000+0000,1,23.99416666666667,2024-12-10T00:36:11.000000+0000,2024-12-10T00:36:11.000000+0000,1,23.993055555555557,2024-12-10T00:32:09.000000+0000,2024-12-10T00:32:09.000000+0000,1,23.996666666666666,0.9833333333333333
2024-12-11,2024-12-11T17:42:44.000000+0000,2024-12-11T00:36:52.000000+0000,2,41.12555555555556,2024-12-11T17:43:55.000000+0000,2024-12-11T00:38:26.000000+0000,2,41.12888888888889,2024-12-11T17:39:27.000000+0000,2024-12-11T00:32:53.000000+0000,2,41.12166666666667,1.1833333333333333
2024-12-12,2024-12-12T00:36:10.000000+0000,2024-12-12T00:36:10.000000+0000,1,6.890555555555555,2024-12-12T00:37:23.000000+0000,2024-12-12T00:37:23.000000+0000,1,6.891111111111111,2024-12-12T00:32:26.000000+0000,2024-12-12T00:32:26.000000+0000,1,6.883055555555556,1.2166666666666666
2024-12-13,2024-12-13T00:35:20.000000+0000,2024-12-13T00:35:20.000000+0000,1,23.98611111111111,2024-12-13T00:36:24.000000+0000,2024-12-13T00:36:24.000000+0000,1,23.98361111111111,2024-12-13T00:32:13.000000+0000,2024-12-13T00:32:13.000000+0000,1,23.996388888888887,1.0666666666666667
2024-12-14,2024-12-14T00:35:17.000000+0000,2024-12-14T00:35:17.000000+0000,1,23.999166666666667,2024-12-14T00:36:15.000000+0000,2024-12-14T00:36:15.000000+0000,1,23.9975,2024-12-14T00:32:13.000000+0000,2024-12-14T00:32:13.000000+0000,1,24.0,0.9666666666666667
2024-12-15,2024-12-15T00:35:39.000000+0000,2024-12-15T00:35:39.000000+0000,1,24.00611111111111,2024-12-15T00:36:46.000000+0000,2024-12-15T00:36:46.000000+0000,1,24.00861111111111,2024-12-15T00:32:23.000000+0000,2024-12-15T00:32:23.000000+0000,1,24.002777777777776,1.1166666666666667
2024-12-16,2024-12-16T00:35:32.000000+0000,2024-12-16T00:35:32.000000+0000,1,23.998055555555556,2024-12-16T00:36:38.000000+0000,2024-12-16T00:36:38.000000+0000,1,23.997777777777777,2024-12-16T00:32:10.000000+0000,2024-12-16T00:32:10.000000+0000,1,23.996388888888887,1.1
2024-12-17,2024-12-17T00:35:20.000000+0000,2024-12-17T00:35:20.000000+0000,1,23.996666666666666,2024-12-17T00:36:25.000000+0000,2024-12-17T00:36:25.000000+0000,1,23.996388888888887,2024-12-17T00:32:01.000000+0000,2024-12-17T00:32:01.000000+0000,1,23.9975,1.0833333333333333
2024-12-18,2024-12-18T00:35:24.000000+0000,2024-12-18T00:35:24.000000+0000,1,24.00111111111111,2024-12-18T00:36:29.000000+0000,2024-12-18T00:36:29.000000+0000,1,24.00111111111111,2024-12-18T00:32:09.000000+0000,2024-12-18T00:32:09.000000+0000,1,24.002222222222223,1.0833333333333333
2024-12-19,2024-12-19T00:35:30.000000+0000,2024-12-19T00:35:30.000000+0000,1,24.001666666666665,2024-12-19T00:36:38.000000+0000,2024-12-19T00:36:38.000000+0000,1,24.0025,2024-12-19T00:32:15.000000+0000,2024-12-19T00:32:15.000000+0000,1,24.001666666666665,1.1333333333333333
2024-12-20,2024-12-20T00:35:26.000000+0000,2024-12-20T00:35:26.000000+0000,1,23.99888888888889,2024-12-20T00:36:28.000000+0000,2024-12-20T00:36:28.000000+0000,1,23.997222222222224,2024-12-20T00:32:15.000000+0000,2024-12-20T00:32:15.000000+0000,1,24.0,1.0333333333333332
2024-12-21,2024-12-21T00:35:42.000000+0000,2024-12-21T00:35:42.000000+0000,1,24.004444444444445,2024-12-21T00:36:48.000000+0000,2024-12-21T00:36:48.000000+0000,1,24.005555555555556,2024-12-21T00:32:23.000000+0000,2024-12-21T00:32:23.000000+0000,1,24.002222222222223,1.1
2024-12-22,2024-12-22T00:35:37.000000+0000,2024-12-22T00:35:37.000000+0000,1,23.99861111111111,2024-12-22T00:36:54.000000+0000,2024-12-22T00:36:54.000000+0000,1,24.001666666666665,2024-12-22T00:32:23.000000+0000,2024-12-22T00:32:23.000000+0000,1,24.0,1.2833333333333332
2024-12-23,2024-12-23T00:35:55.000000+0000,2024-12-23T00:35:55.000000+0000,1,24.005,2024-12-23T00:37:03.000000+0000,2024-12-23T00:37:03.000000+0000,1,24.0025,2024-12-23T00:32:29.000000+0000,2024-12-23T00:32:29.000000+0000,1,24.001666666666665,1.1333333333333333
2024-12-24,2024-12-24T00:35:21.000000+0000,2024-12-24T00:35:21.000000+0000,1,23.990555555555556,2024-12-24T00:36:21.000000+0000,2024-12-24T00:36:21.000000+0000,1,23.988333333333333,2024-12-24T00:32:14.000000+0000,2024-12-24T00:32:14.000000+0000,1,23.995833333333334,1.0
2024-12-25,2024-12-25T00:35:26.000000+0000,2024-12-25T00:35:26.000000+0000,1,24.00138888888889,2024-12-25T00:36:26.000000+0000,2024-12-25T00:36:26.000000+0000,1,24.00138888888889,2024-12-25T00:32:16.000000+0000,2024-12-25T00:32:16.000000+0000,1,24.000555555555554,1.0
2024-12-26,2024-12-26T00:36:10.000000+0000,2024-12-26T00:36:10.000000+0000,1,24.01222222222222,2024-12-26T00:37:24.000000+0000,2024-12-26T00:37:24.000000+0000,1,24.016111111111112,2024-12-26T00:32:37.000000+0000,2024-12-26T00:32:37.000000+0000,1,24.00583333333333,1.2333333333333334
2024-12-27,2024-12-27T00:35:57.000000+0000,2024-12-27T00:35:57.000000+0000,1,23.996388888888887,2024-12-27T00:37:04.000000+0000,2024-12-27T00:37:04.000000+0000,1,23.994444444444444,2024-12-27T00:32:25.000000+0000,2024-12-27T00:32:25.000000+0000,1,23.996666666666666,1.1166666666666667
2024-12-28,2024-12-28T00:35:50.000000+0000,2024-12-28T00:35:50.000000+0000,1,23.998055555555556,2024-12-28T00:36:56.000000+0000,2024-12-28T00:36:56.000000+0000,1,23.997777777777777,2024-12-28T00:32:26.000000+0000,2024-12-28T00:32:26.000000+0000,1,24.00027777777778,1.1
2024-12-29,2024-12-29T00:35:23.000000+0000,2024-12-29T00:35:23.000000+0000,1,23.9925,2024-12-29T00:36:27.000000+0000,2024-12-29T00:36:27.000000+0000,1,23.991944444444446,2024-12-29T00:32:12.000000+0000,2024-12-29T00:32:12.000000+0000,1,23.996111111111112,1.0666666666666667
2024-12-30,2024-12-30T00:35:24.000000+0000,2024-12-30T00:35:24.000000+0000,1,24.00027777777778,2024-12-30T00:36:26.000000+0000,2024-12-30T00:36:26.000000+0000,1,23.99972222222222,2024-12-30T00:32:14.000000+0000,2024-12-30T00:32:14.000000+0000,1,24.000555555555554,1.0333333333333332
2024-12-31,2024-12-31T00:36:10.000000+0000,2024-12-31T00:36:10.000000+0000,1,24.012777777777778,2024-12-31T00:37:22.000000+0000,2024-12-31T00:37:22.000000+0000,1,24.015555555555554,2024-12-31T00:32:32.000000+0000,2024-12-31T00:32:32.000000+0000,1,24.005,1.2
2025-01-01,2025-01-01T00:36:08.000000+0000,2025-01-01T00:36:08.000000+0000,1,23.999444444444446,2025-01-01T00:37:21.000000+0000,2025-01-01T00:37:21.000000+0000,1,23.99972222222222,2025-01-01T00:32:35.000000+0000,2025-01-01T00:32:35.000000+0000,1,24.000833333333333,1.2166666666666666
2025-01-02,2025-01-02T00:38:07.000000+0000,2025-01-02T00:38:07.000000+0000,1,24.033055555555556,2025-01-02T00:39:39.000000+0000,2025-01-02T00:39:39.000000+0000,1,24.038333333333334,2025-01-02T00:33:34.000000+0000,2025-01-02T00:33:34.000000+0000,1,24.01638888888889,1.5333333333333332
2025-01-03,2025-01-03T00:36:51.000000+0000,2025-01-03T00:36:51.000000+0000,1,23.97888888888889,2025-01-03T00:38:10.000000+0000,2025-01-03T00:38:10.000000+0000,1,23.975277777777777,2025-01-03T00:32:56.000000+0000,2025-01-03T00:32:56.000000+0000,1,23.989444444444445,1.3166666666666667
2025-01-04,2025-01-04T00:36:17.000000+0000,2025-01-04T00:36:17.000000+0000,1,23.990555555555556,2025-01-04T00:37:29.000000+0000,2025-01-04T00:37:29.000000+0000,1,23.988611111111112,2025-01-04T00:32:31.000000+0000,2025-01-04T00:32:31.000000+0000,1,23.993055555555557,1.2
2025-01-05,2025-01-05T00:36:55.000000+0000,2025-01-05T00:36:55.000000+0000,1,24.010555555555555,2025-01-05T00:38:24.000000+0000,2025-01-05T00:38:24.000000+0000,1,24.01527777777778,2025-01-05T00:32:54.000000+0000,2025-01-05T00:32:54.000000+0000,1,24.00638888888889,1.4833333333333334
2025-01-06,2025-01-06T00:36:27.000000+0000,2025-01-06T00:36:27.000000+0000,1,23.99222222222222,2025-01-06T00:37:41.000000+0000,2025-01-06T00:37:41.000000+0000,1,23.988055555555555,2025-01-06T00:32:40.000000+0000,2025-01-06T00:32:40.000000+0000,1,23.996111111111112,1.2333333333333334
2025-01-07,2025-01-07T18:17:53.000000+0000,2025-01-07T00:36:49.000000+0000,2,41.690555555555555,2025-01-07T18:19:29.000000+0000,2025-01-07T00:38:05.000000+0000,2,41.696666666666665,2025-01-07T18:13:07.000000+0000,2025-01-07T00:32:58.000000+0000,2,41.674166666666665,1.6
2025-01-08,2025-01-08T00:36:21.000000+0000,2025-01-08T00:36:21.000000+0000,1,6.307777777777778,2025-01-08T00:37:39.000000+0000,2025-01-08T00:37:39.000000+0000,1,6.302777777777778,2025-01-08T15:18:19.000000+0000,2025-01-08T00:32:34.000000+0000,2,21.086666666666666,1.3
2025-01-09,2025-01-09T13:55:32.000000+0000,2025-01-09T00:36:22.000000+0000,2,37.319722222222225,2025-01-09T13:57:03.000000+0000,2025-01-09T00:37:42.000000+0000,2,37.32333333333333,2025-01-09T13:50:52.000000+0000,2025-01-09T00:32:30.000000+0000,2,22.5425,1.5166666666666666
2025-01-10,2025-01-10T00:36:56.000000+0000,2025-01-10T00:36:56.000000+0000,1,10.69,2025-01-10T00:38:18.000000+0000,2025-01-10T00:38:18.000000+0000,1,10.6875,2025-01-10T00:32:40.000000+0000,2025-01-10T00:32:40.000000+0000,1,10.696666666666667,1.3666666666666667
2025-01-11,2025-01-11T00:36:52.000000+0000,2025-01-11T00:36:52.000000+0000,1,23.99888888888889,2025-01-11T00:38:19.000000+0000,2025-01-11T00:38:19.000000+0000,1,24.00027777777778,2025-01-11T00:32:41.000000+0000,2025-01-11T00:32:41.000000+0000,1,24.00027777777778,1.45
2025-01-12,2025-01-12T00:35:46.000000+0000,2025-01-12T00:35:46.000000+0000,1,23.981666666666666,2025-01-12T00:36:55.000000+0000,2025-01-12T00:36:55.000000+0000,1,23.976666666666667,2025-01-12T00:32:13.000000+0000,2025-01-12T00:32:13.000000+0000,1,23.99222222222222,1.15
2025-01-13,2025-01-13T00:35:52.000000+0000,2025-01-13T00:35:52.000000+0000,1,24.001666666666665,2025-01-13T00:37:01.000000+0000,2025-01-13T00:37:01.000000+0000,1,24.001666666666665,2025-01-13T00:32:19.000000+0000,2025-01-13T00:32:19.000000+0000,1,24.001666666666665,1.15
2025-01-14,2025-01-14T00:35:55.000000+0000,2025-01-14T00:35:55.000000+0000,1,24.000833333333333,2025-01-14T00:37:02.000000+0000,2025-01-14T00:37:02.000000+0000,1,24.00027777777778,2025-01-14T00:32:24.000000+0000,2025-01-14T00:32:24.000000+0000,1,24.00138888888889,1.1166666666666667
2025-01-15,2025-01-15T00:35:50.000000+0000,2025-01-15T00:35:50.000000+0000,1,23.99861111111111,2025-01-15T00:37:00.000000+0000,2025-01-15T00:37:00.000000+0000,1,23.999444444444446,2025-01-15T00:32:24.000000+0000,2025-01-15T00:32:24.000000+0000,1,24.0,1.1666666666666667
2025-01-16,2025-01-16T00:36:11.000000+0000,2025-01-16T00:36:11.000000+0000,1,24.00583333333333,2025-01-16T00:37:30.000000+0000,2025-01-16T00:37:30.000000+0000,1,24.008333333333333,2025-01-16T00:32:30.000000+0000,2025-01-16T00:32:30.000000+0000,1,24.001666666666665,1.3166666666666667
2025-01-17,2025-01-17T00:36:11.000000+0000,2025-01-17T00:36:11.000000+0000,1,24.0,2025-01-17T00:37:27.000000+0000,2025-01-17T00:37:27.000000+0000,1,23.999166666666667,2025-01-17T00:32:25.000000+0000,2025-01-17T00:32:25.000000+0000,1,23.99861111111111,1.2666666666666666
2025-01-18,2025-01-18T00:36:41.000000+0000,2025-01-18T00:36:41.000000+0000,1,24.008333333333333,2025-01-18T00:38:00.000000+0000,2025-01-18T00:38:00.000000+0000,1,24.009166666666665,2025-01-18T00:32:38.000000+0000,2025-01-18T00:32:38.000000+0000,1,24.003611111111113,1.3166666666666667
2025-01-19,2025-01-19T00:36:29.000000+0000,2025-01-19T00:36:29.000000+0000,1,23.996666666666666,2025-01-19T00:37:49.000000+0000,2025-01-19T00:37:49.000000+0000,1,23.996944444444445,2025-01-19T00:32:40.000000+0000,2025-01-19T00:32:40.000000+0000,1,24.000555555555554,1.3333333333333333
2025-01-20,2025-01-20T00:36:07.000000+0000,2025-01-20T00:36:07.000000+0000,1,23.99388888888889,2025-01-20T00:37:19.000000+0000,2025-01-20T00:37:19.000000+0000,1,23.991666666666667,2025-01-20T00:32:29.000000+0000,2025-01-20T00:32:29.000000+0000,1,23.996944444444445,1.2
2025-01-21,2025-01-21T00:36:13.000000+0000,2025-01-21T00:36:13.000000+0000,1,24.001666666666665,2025-01-21T00:37:28.000000+0000,2025-01-21T00:37:28.000000+0000,1,24.0025,2025-01-21T00:32:30.000000+0000,2025-01-21T00:32:30.000000+0000,1,24.00027777777778,1.25
2025-01-22,2025-01-22T00:36:26.000000+0000,2025-01-22T00:36:26.000000+0000,1,24.003611111111113,2025-01-22T00:37:42.000000+0000,2025-01-22T00:37:42.000000+0000,1,24.003888888888888,2025-01-22T00:32:27.000000+0000,2025-01-22T00:32:27.000000+0000,1,23.999166666666667,1.2666666666666666
2025-01-23,2025-01-23T00:36:32.000000+0000,2025-01-23T00:36:32.000000+0000,1,24.001666666666665,2025-01-23T00:37:48.000000+0000,2025-01-23T00:37:48.000000+0000,1,24.001666666666665,2025-01-23T00:32:41.000000+0000,2025-01-23T00:32:41.000000+0000,1,24.003888888888888,1.2666666666666666
2025-01-24,2025-01-24T00:37:14.000000+0000,2025-01-24T00:37:14.000000+0000,1,24.011666666666667,2025-01-24T00:38:33.000000+0000,2025-01-24T00:38:33.000000+0000,1,24.0125,2025-01-24T00:32:47.000000+0000,2025-01-24T00:32:47.000000+0000,1,24.001666666666665,1.3166666666666667
2025-01-25,2025-01-25T00:37:04.000000+0000,2025-01-25T00:37:04.000000+0000,1,23.997222222222224,2025-01-25T00:38:24.000000+0000,2025-01-25T00:38:24.000000+0000,1,23.9975,2025-01-25T00:32:53.000000+0000,2025-01-25T00:32:53.000000+0000,1,24.001666666666665,1.3333333333333333
2025-01-26,2025-01-26T00:36:17.000000+0000,2025-01-26T00:36:17.000000+0000,1,23.986944444444443,2025-01-26T00:37:31.000000+0000,2025-01-26T00:37:31.000000+0000,1,23.985277777777778,2025-01-26T00:32:30.000000+0000,2025-01-26T00:32:30.000000+0000,1,23.99361111111111,1.2333333333333334
2025-01-27,2025-01-27T00:37:02.000000+0000,2025-01-27T00:37:02.000000+0000,1,24.0125,2025-01-27T00:38:28.000000+0000,2025-01-27T00:38:28.000000+0000,1,24.015833333333333,2025-01-27T00:32:41.000000+0000,2025-01-27T00:32:41.000000+0000,1,24.003055555555555,1.4333333333333333
2025-01-28,2025-01-28T00:37:22.000000+0000,2025-01-28T00:37:22.000000+0000,1,24.005555555555556,2025-01-28T00:38:48.000000+0000,2025-01-28T00:38:48.000000+0000,1,24.005555555555556,2025-01-28T00:32:56.000000+0000,2025-01-28T00:32:56.000000+0000,1,24.004166666666666,1.4333333333333333
2025-01-29,2025-01-29T00:37:44.000000+0000,2025-01-29T00:37:44.000000+0000,1,24.00611111111111,2025-01-29T00:39:14.000000+0000,2025-01-29T00:39:14.000000+0000,1,24.00722222222222,2025-01-29T00:33:11.000000+0000,2025-01-29T00:33:11.000000+0000,1,24.004166666666666,1.5
2025-01-31,2025-01-31T00:37:01.000000+0000,2025-01-31T00:37:01.000000+0000,1,47.988055555555555,2025-01-31T00:38:31.000000+0000,2025-01-31T00:38:31.000000+0000,1,47.988055555555555,2025-01-31T00:32:36.000000+0000,2025-01-31T00:32:36.000000+0000,1,47.99027777777778,1.5
2025-02-01,2025-02-01T00:37:58.000000+0000,2025-02-01T00:37:58.000000+0000,1,24.015833333333333,2025-02-01T00:39:49.000000+0000,2025-02-01T00:39:49.000000+0000,1,24.02166666666667,2025-02-01T00:32:54.000000+0000,2025-02-01T00:32:54.000000+0000,1,24.005,1.8499999999999999
2025-02-02,2025-02-02T00:39:05.000000+0000,2025-02-02T00:39:05.000000+0000,1,24.01861111111111,2025-02-02T00:40:56.000000+0000,2025-02-02T00:40:56.000000+0000,1,24.01861111111111,2025-02-02T00:33:34.000000+0000,2025-02-02T00:33:34.000000+0000,1,24.011111111111113,1.8499999999999999
2025-02-03,2025-02-03T00:38:56.000000+0000,2025-02-03T00:38:56.000000+0000,1,23.9975,2025-02-03T00:40:43.000000+0000,2025-02-03T00:40:43.000000+0000,1,23.996388888888887,2025-02-03T00:33:38.000000+0000,2025-02-03T00:33:38.000000+0000,1,24.00111111111111,1.7833333333333332
2025-02-04,2025-02-04T00:40:59.000000+0000,2025-02-04T00:40:59.000000+0000,1,24.034166666666668,2025-02-04T00:42:20.000000+0000,2025-02-04T00:42:20.000000+0000,1,24.026944444444446,2025-02-04T00:33:04.000000+0000,2025-02-04T00:33:04.000000+0000,1,23.990555555555556,1.35
2025-02-05,2025-02-05T00:38:55.000000+0000,2025-02-05T00:38:55.000000+0000,1,23.965555555555557,2025-02-05T00:40:37.000000+0000,2025-02-05T00:40:37.000000+0000,1,23.97138888888889,2025-02-05T00:33:30.000000+0000,2025-02-05T00:33:30.000000+0000,1,24.00722222222222,1.7
2025-02-06,2025-02-06T00:38:47.000000+0000,2025-02-06T00:38:47.000000+0000,1,23.997777777777777,2025-02-06T00:40:27.000000+0000,2025-02-06T00:40:27.000000+0000,1,23.997222222222224,2025-02-06T00:33:41.000000+0000,2025-02-06T00:33:41.000000+0000,1,24.003055555555555,1.6666666666666667
2025-02-07,2025-02-07T00:41:51.000000+0000,2025-02-07T00:41:51.000000+0000,1,24.051111111111112,2025-02-07T00:43:30.000000+0000,2025-02-07T00:43:30.000000+0000,1,24.050833333333333,2025-02-07T00:33:34.000000+0000,2025-02-07T00:33:34.000000+0000,1,23.998055555555556,1.65
2025-02-08,2025-02-08T00:37:34.000000+0000,2025-02-08T00:37:34.000000+0000,1,23.92861111111111,2025-02-08T00:39:03.000000+0000,2025-02-08T00:39:03.000000+0000,1,23.925833333333333,2025-02-08T00:32:55.000000+0000,2025-02-08T00:32:55.000000+0000,1,23.989166666666666,1.4833333333333334
2025-02-09,2025-02-09T00:37:41.000000+0000,2025-02-09T00:37:41.000000+0000,1,24.001944444444444,2025-02-09T00:39:15.000000+0000,2025-02-09T00:39:15.000000+0000,1,24.003333333333334,2025-02-09T00:32:58.000000+0000,2025-02-09T00:32:58.000000+0000,1,24.000833333333333,1.5666666666666667
2025-02-10,2025-02-10T00:37:19.000000+0000,2025-02-10T00:37:19.000000+0000,1,23.99388888888889,2025-02-10T00:38:49.000000+0000,2025-02-10T00:38:49.000000+0000,1,23.99277777777778,2025-02-10T00:32:51.000000+0000,2025-02-10T00:32:51.000000+0000,1,23.998055555555556,1.5
2025-02-11,2025-02-11T00:38:14.000000+0000,2025-02-11T00:38:14.000000+0000,1,24.01527777777778,2025-02-11T00:39:50.000000+0000,2025-02-11T00:39:50.000000+0000,1,24.016944444444444,2025-02-11T00:33:12.000000+0000,2025-02-11T00:33:12.000000+0000,1,24.00583333333333,1.6
2025-02-12,2025-02-12T00:37:31.000000+0000,2025-02-12T00:37:31.000000+0000,1,23.988055555555555,2025-02-12T00:39:00.000000+0000,2025-02-12T00:39:00.000000+0000,1,23.98611111111111,2025-02-12T00:32:57.000000+0000,2025-02-12T00:32:57.000000+0000,1,23.995833333333334,1.4833333333333334
2025-02-13,2025-02-13T00:41:26.000000+0000,2025-02-13T00:41:26.000000+0000,1,24.065277777777776,2025-02-13T00:43:35.000000+0000,2025-02-13T00:43:35.000000+0000,1,24.07638888888889,2025-02-13T00:34:59.000000+0000,2025-02-13T00:34:59.000000+0000,1,24.03388888888889,2.15
2025-02-14,2025-02-14T00:36:56.000000+0000,2025-02-14T00:36:56.000000+0000,1,23.925,2025-02-14T00:38:17.000000+0000,2025-02-14T00:38:17.000000+0000,1,23.911666666666665,2025-02-14T00:32:40.000000+0000,2025-02-14T00:32:40.000000+0000,1,23.961388888888887,1.35
2025-02-15,2025-02-15T00:38:18.000000+0000,2025-02-15T00:38:18.000000+0000,1,24.022777777777776,2025-02-15T00:39:57.000000+0000,2025-02-15T00:39:57.000000+0000,1,24.02777777777778,2025-02-15T00:33:16.000000+0000,2025-02-15T00:33:16.000000+0000,1,24.01,1.65
2025-02-16,2025-02-16T00:37:46.000000+0000,2025-02-16T00:37:46.000000+0000,1,23.99111111111111,2025-02-16T00:39:21.000000+0000,2025-02-16T00:39:21.000000+0000,1,23.99,2025-02-16T00:32:56.000000+0000,2025-02-16T00:32:56.000000+0000,1,23.994444444444444,1.5833333333333333
2025-02-17,2025-02-17T00:38:48.000000+0000,2025-02-17T00:38:48.000000+0000,1,24.017222222222223,2025-02-17T00:40:29.000000+0000,2025-02-17T00:40:29.000000+0000,1,24.01888888888889,2025-02-17T00:33:26.000000+0000,2025-02-17T00:33:26.000000+0000,1,24.008333333333333,1.6833333333333333
2025-02-18,2025-02-18T00:37:27.000000+0000,2025-02-18T00:37:27.000000+0000,1,23.9775,2025-02-18T00:38:52.000000+0000,2025-02-18T00:38:52.000000+0000,1,23.973055555555554,2025-02-18T00:33:05.000000+0000,2025-02-18T00:33:05.000000+0000,1,23.99416666666667,1.4166666666666667
2025-02-19,2025-02-19T00:37:24.000000+0000,2025-02-19T00:37:24.000000+0000,1,23.999166666666667,2025-02-19T00:38:42.000000+0000,2025-02-19T00:38:42.000000+0000,1,23.997222222222224,2025-02-19T00:33:01.000000+0000,2025-02-19T00:33:01.000000+0000,1,23.99888888888889,1.3
2025-02-20,2025-02-20T00:39:54.000000+0000,2025-02-20T00:39:54.000000+0000,1,24.041666666666668,2025-02-20T00:41:22.000000+0000,2025-02-20T00:41:22.000000+0000,1,24.044444444444444,2025-02-20T00:35:15.000000+0000,2025-02-20T00:35:15.000000+0000,1,24.037222222222223,1.4666666666666666
2025-02-21,2025-02-21T00:37:25.000000+0000,2025-02-21T00:37:25.000000+0000,1,23.95861111111111,2025-02-21T00:38:48.000000+0000,2025-02-21T00:38:48.000000+0000,1,23.95722222222222,2025-02-21T00:32:59.000000+0000,2025-02-21T00:32:59.000000+0000,1,23.962222222222223,1.3833333333333333
2025-02-22,2025-02-22T00:38:58.000000+0000,2025-02-22T00:38:58.000000+0000,1,24.025833333333335,2025-02-22T00:40:39.000000+0000,2025-02-22T00:40:39.000000+0000,1,24.030833333333334,2025-02-22T00:33:45.000000+0000,2025-02-22T00:33:45.000000+0000,1,24.012777777777778,1.6833333333333333
2025-02-23,2025-02-23T00:37:14.000000+0000,2025-02-23T00:37:14.000000+0000,1,23.97111111111111,2025-02-23T00:38:32.000000+0000,2025-02-23T00:38:32.000000+0000,1,23.96472222222222,2025-02-23T00:32:57.000000+0000,2025-02-23T00:32:57.000000+0000,1,23.986666666666668,1.3
2025-02-24,2025-02-24T00:37:15.000000+0000,2025-02-24T00:37:15.000000+0000,1,24.00027777777778,2025-02-24T00:38:36.000000+0000,2025-02-24T00:38:36.000000+0000,1,24.00111111111111,2025-02-24T00:32:50.000000+0000,2025-02-24T00:32:50.000000+0000,1,23.998055555555556,1.35
2025-02-25,2025-02-25T00:37:50.000000+0000,2025-02-25T00:37:50.000000+0000,1,24.009722222222223,2025-02-25T00:39:14.000000+0000,2025-02-25T00:39:14.000000+0000,1,24.010555555555555,2025-02-25T00:33:10.000000+0000,2025-02-25T00:33:10.000000+0000,1,24.005555555555556,1.4
2025-02-26,2025-02-26T00:38:02.000000+0000,2025-02-26T00:38:02.000000+0000,1,24.003333333333334,2025-02-26T00:39:32.000000+0000,2025-02-26T00:39:32.000000+0000,1,24.005,2025-02-26T00:33:06.000000+0000,2025-02-26T00:33:06.000000+0000,1,23.99888888888889,1.5
2025-02-27,2025-02-27T21:16:06.000000+0000,2025-02-27T00:37:31.000000+0000,3,44.63444444444445,2025-02-27T21:17:40.000000+0000,2025-02-27T00:38:59.000000+0000,3,44.635555555555555,2025-02-27T21:36:38.000000+0000,2025-02-27T00:32:58.000000+0000,4,45.05888888888889,1.5666666666666667
2025-02-28,2025-02-28T14:23:23.000000+0000,2025-02-28T14:23:23.000000+0000,1,17.121388888888887,,,,,2025-02-28T13:30:35.000000+0000,2025-02-28T00:32:52.000000+0000,2,15.899166666666666,
2025-03-01,,,,,,,,,2025-03-01T00:33:02.000000+0000,2025-03-01T00:33:02.000000+0000,1,11.040833333333333,
2025-03-02,,,,,,,,,2025-03-02T00:32:57.000000+0000,2025-03-02T00:32:57.000000+0000,1,23.99861111111111,
2025-03-03,2025-03-03T14:22:58.000000+0000,2025-03-03T14:22:58.000000+0000,1,71.99305555555556,2025-03-03T14:07:29.000000+0000,2025-03-03T14:07:29.000000+0000,1,88.83027777777778,2025-03-03T13:52:34.000000+0000,2025-03-03T00:36:29.000000+0000,2,37.32694444444444,-15.483333333333333
2025-03-04,2025-03-04T00:39:07.000000+0000,2025-03-04T00:39:07.000000+0000,1,10.269166666666667,2025-03-04T00:32:08.000000+0000,2025-03-04T00:32:08.000000+0000,1,10.410833333333333,2025-03-04T00:34:09.000000+0000,2025-03-04T00:34:09.000000+0000,1,10.693055555555556,-6.983333333333333
2025-03-05,2025-03-05T00:38:47.000000+0000,2025-03-05T00:38:47.000000+0000,1,23.994444444444444,2025-03-05T00:32:10.000000+0000,2025-03-05T00:32:10.000000+0000,1,24.000555555555554,2025-03-05T00:34:06.000000+0000,2025-03-05T00:34:06.000000+0000,1,23.999166666666667,-6.616666666666666
2025-03-06,2025-03-06T00:39:10.000000+0000,2025-03-06T00:39:10.000000+0000,1,24.00638888888889,2025-03-06T00:32:22.000000+0000,2025-03-06T00:32:22.000000+0000,1,24.003333333333334,2025-03-06T00:34:30.000000+0000,2025-03-06T00:34:30.000000+0000,1,24.006666666666668,-6.8
2025-03-07,2025-03-07T00:38:46.000000+0000,2025-03-07T00:38:46.000000+0000,1,23.993333333333332,2025-03-07T00:32:04.000000+0000,2025-03-07T00:32:04.000000+0000,1,23.995,2025-03-07T00:34:06.000000+0000,2025-03-07T00:34:06.000000+0000,1,23.993333333333332,-6.7
2025-03-08,2025-03-08T00:38:54.000000+0000,2025-03-08T00:38:54.000000+0000,1,24.002222222222223,2025-03-08T00:32:12.000000+0000,2025-03-08T00:32:12.000000+0000,1,24.002222222222223,2025-03-08T00:34:15.000000+0000,2025-03-08T00:34:15.000000+0000,1,24.0025,-6.7
2025-03-09,2025-03-09T23:39:34.000000+0000,2025-03-09T00:39:06.000000+0000,2,47.01111111111111,2025-03-09T23:32:09.000000+0000,2025-03-09T00:32:14.000000+0000,2,46.99916666666667,2025-03-09T23:34:15.000000+0000,2025-03-09T00:34:19.000000+0000,2,47.0,-7.416666666666667
2025-03-10,2025-03-10T23:40:08.000000+0000,2025-03-10T23:40:08.000000+0000,1,24.009444444444444,2025-03-10T23:32:35.000000+0000,2025-03-10T23:32:35.000000+0000,1,24.00722222222222,2025-03-10T23:34:43.000000+0000,2025-03-10T23:34:43.000000+0000,1,24.00777777777778,-7.55
2025-03-11,2025-03-11T23:40:32.000000+0000,2025-03-11T23:40:32.000000+0000,1,24.006666666666668,2025-03-11T23:32:42.000000+0000,2025-03-11T23:32:42.000000+0000,1,24.001944444444444,2025-03-11T23:34:46.000000+0000,2025-03-11T23:34:46.000000+0000,1,24.000833333333333,-7.833333333333333
2025-03-12,2025-03-12T23:38:44.000000+0000,2025-03-12T23:38:44.000000+0000,1,23.97,2025-03-12T23:32:09.000000+0000,2025-03-12T23:32:09.000000+0000,1,23.990833333333335,2025-03-12T23:34:10.000000+0000,2025-03-12T23:34:10.000000+0000,1,23.99,-6.583333333333333
2025-03-13,2025-03-13T23:40:09.000000+0000,2025-03-13T23:40:09.000000+0000,1,24.023611111111112,2025-03-13T23:33:03.000000+0000,2025-03-13T23:33:03.000000+0000,1,24.015,2025-03-13T23:34:55.000000+0000,2025-03-13T23:34:55.000000+0000,1,24.0125,-7.1
2025-03-14,2025-03-14T23:39:30.000000+0000,2025-03-14T23:39:30.000000+0000,1,23.989166666666666,2025-03-14T23:32:19.000000+0000,2025-03-14T23:32:19.000000+0000,1,23.98777777777778,2025-03-14T23:34:19.000000+0000,2025-03-14T23:34:19.000000+0000,1,23.99,-7.183333333333334
2025-03-15,2025-03-15T23:40:15.000000+0000,2025-03-15T23:40:15.000000+0000,1,24.0125,2025-03-15T23:32:21.000000+0000,2025-03-15T23:32:21.000000+0000,1,24.000555555555554,2025-03-15T23:34:41.000000+0000,2025-03-15T23:34:41.000000+0000,1,24.00611111111111,-7.8999999999999995
2025-03-16,2025-03-16T23:39:31.000000+0000,2025-03-16T23:39:31.000000+0000,1,23.98777777777778,2025-03-16T23:32:41.000000+0000,2025-03-16T23:32:41.000000+0000,1,24.005555555555556,2025-03-16T23:34:44.000000+0000,2025-03-16T23:34:44.000000+0000,1,24.000833333333333,-6.833333333333333
2025-03-17,2025-03-17T23:40:48.000000+0000,2025-03-17T23:40:48.000000+0000,1,24.02138888888889,2025-03-17T23:32:37.000000+0000,2025-03-17T23:32:37.000000+0000,1,23.99888888888889,2025-03-17T23:34:31.000000+0000,2025-03-17T23:34:31.000000+0000,1,23.996388888888887,-8.183333333333334
2025-03-18,2025-03-18T23:39:48.000000+0000,2025-03-18T23:39:48.000000+0000,1,23.983333333333334,2025-03-18T23:32:40.000000+0000,2025-03-18T23:32:40.000000+0000,1,24.000833333333333,2025-03-18T23:34:41.000000+0000,2025-03-18T23:34:41.000000+0000,1,24.002777777777776,-7.133333333333333
2025-03-19,2025-03-19T23:41:04.000000+0000,2025-03-19T18:43:54.000000+0000,2,24.02111111111111,2025-03-19T23:32:33.000000+0000,2025-03-19T18:46:27.000000+0000,2,23.998055555555556,2025-03-19T23:35:02.000000+0000,2025-03-19T18:33:44.000000+0000,2,24.00583333333333,-8.516666666666666
2025-03-20,2025-03-20T23:40:59.000000+0000,2025-03-20T23:40:59.000000+0000,1,23.99861111111111,2025-03-20T23:32:25.000000+0000,2025-03-20T23:32:25.000000+0000,1,23.997777777777777,2025-03-20T23:34:38.000000+0000,2025-03-20T23:34:38.000000+0000,1,23.993333333333332,-8.566666666666666
2025-03-21,2025-03-21T23:43:57.000000+0000,2025-03-21T23:43:57.000000+0000,1,24.049444444444443,2025-03-21T23:33:19.000000+0000,2025-03-21T23:33:19.000000+0000,1,24.015,2025-03-21T23:36:00.000000+0000,2025-03-21T23:36:00.000000+0000,1,24.022777777777776,-10.633333333333333
2025-03-23,2025-03-23T23:41:24.000000+0000,2025-03-23T23:41:24.000000+0000,1,47.9575,2025-03-23T23:33:11.000000+0000,2025-03-23T23:33:11.000000+0000,1,47.99777777777778,2025-03-23T23:35:04.000000+0000,2025-03-23T23:35:04.000000+0000,1,47.98444444444444,-8.216666666666667
2025-03-24,2025-03-24T23:40:12.000000+0000,2025-03-24T23:40:12.000000+0000,1,23.98,2025-03-24T23:32:27.000000+0000,2025-03-24T23:32:27.000000+0000,1,23.98777777777778,2025-03-24T23:34:48.000000+0000,2025-03-24T23:34:48.000000+0000,1,23.995555555555555,-7.75
2025-03-25,2025-03-25T23:39:37.000000+0000,2025-03-25T23:39:37.000000+0000,1,23.990277777777777,2025-03-25T23:32:19.000000+0000,2025-03-25T23:32:19.000000+0000,1,23.997777777777777,2025-03-25T23:34:23.000000+0000,2025-03-25T23:34:23.000000+0000,1,23.993055555555557,-7.3
2025-03-26,2025-03-26T23:39:33.000000+0000,2025-03-26T23:39:33.000000+0000,1,23.99888888888889,2025-03-26T23:32:13.000000+0000,2025-03-26T23:32:13.000000+0000,1,23.998333333333335,2025-03-26T23:34:26.000000+0000,2025-03-26T23:34:26.000000+0000,1,24.000833333333333,-7.333333333333333
2025-03-27,2025-03-27T23:39:11.000000+0000,2025-03-27T23:39:11.000000+0000,1,23.99388888888889,2025-03-27T23:32:15.000000+0000,2025-03-27T23:32:15.000000+0000,1,24.000555555555554,2025-03-27T23:34:32.000000+0000,2025-03-27T23:34:32.000000+0000,1,24.001666666666665,-6.933333333333334
2025-03-28,2025-03-28T23:39:42.000000+0000,2025-03-28T23:39:42.000000+0000,1,24.00861111111111,2025-03-28T23:32:21.000000+0000,2025-03-28T23:32:21.000000+0000,1,24.001666666666665,2025-03-28T23:34:29.000000+0000,2025-03-28T23:34:29.000000+0000,1,23.999166666666667,-7.35
2025-03-29,2025-03-29T23:41:09.000000+0000,2025-03-29T23:41:09.000000+0000,1,24.024166666666666,2025-03-29T23:32:18.000000+0000,2025-03-29T23:32:18.000000+0000,1,23.999166666666667,2025-03-29T23:35:42.000000+0000,2025-03-29T23:35:42.000000+0000,1,24.02027777777778,-8.85
2025-03-30,2025-03-30T23:39:29.000000+0000,2025-03-30T23:39:29.000000+0000,1,23.97222222222222,2025-03-30T23:32:32.000000+0000,2025-03-30T23:32:32.000000+0000,1,24.003888888888888,2025-03-30T23:34:25.000000+0000,2025-03-30T23:34:25.000000+0000,1,23.97861111111111,-6.95
2025-03-31,2025-03-31T23:39:42.000000+0000,2025-03-31T23:39:42.000000+0000,1,24.003611111111113,2025-03-31T23:32:28.000000+0000,2025-03-31T23:32:28.000000+0000,1,23.99888888888889,2025-03-31T23:34:28.000000+0000,2025-03-31T23:34:28.000000+0000,1,24.000833333333333,-7.233333333333333
2025-04-01,2025-04-01T23:39:33.000000+0000,2025-04-01T23:39:33.000000+0000,1,23.9975,2025-04-01T23:32:19.000000+0000,2025-04-01T23:32:19.000000+0000,1,23.9975,2025-04-01T23:34:26.000000+0000,2025-04-01T23:34:26.000000+0000,1,23.999444444444446,-7.233333333333333
2025-04-02,2025-04-02T23:39:43.000000+0000,2025-04-02T23:39:43.000000+0000,1,24.002777777777776,2025-04-02T23:32:30.000000+0000,2025-04-02T23:32:30.000000+0000,1,24.003055555555555,2025-04-02T23:34:46.000000+0000,2025-04-02T23:34:46.000000+0000,1,24.005555555555556,-7.216666666666667
2025-04-03,2025-04-03T23:40:29.000000+0000,2025-04-03T23:40:29.000000+0000,1,24.012777777777778,2025-04-03T23:32:38.000000+0000,2025-04-03T23:32:38.000000+0000,1,24.002222222222223,2025-04-03T23:35:11.000000+0000,2025-04-03T23:35:11.000000+0000,1,24.006944444444443,-7.85
2025-04-04,2025-04-04T23:40:15.000000+0000,2025-04-04T23:40:15.000000+0000,1,23.996111111111112,2025-04-04T23:32:31.000000+0000,2025-04-04T23:32:31.000000+0000,1,23.998055555555556,2025-04-04T23:34:47.000000+0000,2025-04-04T23:34:47.000000+0000,1,23.993333333333332,-7.733333333333333
2025-04-05,2025-04-05T23:41:18.000000+0000,2025-04-05T23:41:18.000000+0000,1,24.0175,2025-04-05T23:32:47.000000+0000,2025-04-05T23:32:47.000000+0000,1,24.004444444444445,2025-04-05T23:35:23.000000+0000,2025-04-05T23:35:23.000000+0000,1,24.01,-8.516666666666666
2025-04-06,2025-04-06T23:40:25.000000+0000,2025-04-06T23:40:25.000000+0000,1,23.985277777777778,2025-04-06T23:32:23.000000+0000,2025-04-06T23:32:23.000000+0000,1,23.993333333333332,2025-04-06T23:34:44.000000+0000,2025-04-06T23:34:44.000000+0000,1,23.989166666666666,-8.033333333333333
2025-04-07,2025-04-07T23:40:05.000000+0000,2025-04-07T23:40:05.000000+0000,1,23.994444444444444,2025-04-07T23:32:22.000000+0000,2025-04-07T23:32:22.000000+0000,1,23.99972222222222,2025-04-07T23:34:46.000000+0000,2025-04-07T23:34:46.000000+0000,1,24.000555555555554,-7.716666666666667
2025-04-08,2025-04-08T23:39:24.000000+0000,2025-04-08T23:39:24.000000+0000,1,23.988611111111112,2025-04-08T23:32:08.000000+0000,2025-04-08T23:32:08.000000+0000,1,23.996111111111112,2025-04-08T23:34:25.000000+0000,2025-04-08T23:34:25.000000+0000,1,23.99416666666667,-7.266666666666667
2025-04-09,2025-04-09T23:40:14.000000+0000,2025-04-09T23:40:14.000000+0000,1,24.01388888888889,2025-04-09T23:32:24.000000+0000,2025-04-09T23:32:24.000000+0000,1,24.004444444444445,2025-04-09T23:34:48.000000+0000,2025-04-09T23:34:48.000000+0000,1,24.00638888888889,-7.833333333333333
2025-04-10,2025-04-10T23:39:42.000000+0000,2025-04-10T23:39:42.000000+0000,1,23.99111111111111,2025-04-10T23:32:17.000000+0000,2025-04-10T23:32:17.000000+0000,1,23.998055555555556,2025-04-10T23:34:30.000000+0000,2025-04-10T23:34:30.000000+0000,1,23.995,-7.416666666666667
2025-04-11,2025-04-11T23:39:30.000000+0000,2025-04-11T23:39:30.000000+0000,1,23.996666666666666,2025-04-11T23:32:15.000000+0000,2025-04-11T23:32:15.000000+0000,1,23.999444444444446,2025-04-11T23:34:31.000000+0000,2025-04-11T23:34:31.000000+0000,1,24.00027777777778,-7.25
2025-04-12,2025-04-12T23:39:57.000000+0000,2025-04-12T23:39:57.000000+0000,1,24.0075,2025-04-12T23:32:19.000000+0000,2025-04-12T23:32:19.000000+0000,1,24.00111111111111,2025-04-12T23:34:37.000000+0000,2025-04-12T23:34:37.000000+0000,1,24.001666666666665,-7.633333333333333
2025-04-13,2025-04-13T23:41:09.000000+0000,2025-04-13T23:41:09.000000+0000,1,24.02,2025-04-13T23:32:46.000000+0000,2025-04-13T23:32:46.000000+0000,1,24.0075,2025-04-13T23:34:54.000000+0000,2025-04-13T23:34:54.000000+0000,1,24.004722222222224,-8.383333333333333
2025-04-14,2025-04-14T23:40:18.000000+0000,2025-04-14T23:40:18.000000+0000,1,23.985833333333332,2025-04-14T23:32:45.000000+0000,2025-04-14T15:13:04.000000+0000,2,23.99972222222222,2025-04-14T23:34:43.000000+0000,2025-04-14T23:34:43.000000+0000,1,23.996944444444445,-7.55
2025-04-15,2025-04-15T23:40:54.000000+0000,2025-04-15T23:40:54.000000+0000,1,24.01,2025-04-15T23:32:55.000000+0000,2025-04-15T23:32:55.000000+0000,1,24.002777777777776,2025-04-15T23:34:37.000000+0000,2025-04-15T23:34:37.000000+0000,1,23.998333333333335,-7.983333333333333
2025-04-16,2025-04-16T23:39:57.000000+0000,2025-04-16T23:39:57.000000+0000,1,23.984166666666667,2025-04-16T23:32:26.000000+0000,2025-04-16T23:32:26.000000+0000,1,23.991944444444446,2025-04-16T23:34:50.000000+0000,2025-04-16T23:34:50.000000+0000,1,24.003611111111113,-7.516666666666667
2025-04-17,2025-04-17T23:40:25.000000+0000,2025-04-17T23:40:25.000000+0000,1,24.00777777777778,2025-04-17T23:32:26.000000+0000,2025-04-17T23:32:26.000000+0000,1,24.0,2025-04-17T23:34:47.000000+0000,2025-04-17T23:34:47.000000+0000,1,23.999166666666667,-7.983333333333333
2025-04-18,2025-04-18T23:43:12.000000+0000,2025-04-18T23:43:12.000000+0000,1,24.046388888888888,2025-04-18T23:32:51.000000+0000,2025-04-18T23:32:51.000000+0000,1,24.006944444444443,2025-04-18T23:36:06.000000+0000,2025-04-18T23:36:06.000000+0000,1,24.021944444444443,-10.35
2025-04-19,2025-04-19T23:40:03.000000+0000,2025-04-19T23:40:03.000000+0000,1,23.9475,2025-04-19T23:32:17.000000+0000,2025-04-19T23:32:17.000000+0000,1,23.990555555555556,2025-04-19T23:34:36.000000+0000,2025-04-19T23:34:36.000000+0000,1,23.975,-7.766666666666667
2025-04-20,2025-04-20T23:40:10.000000+0000,2025-04-20T23:40:10.000000+0000,1,24.001944444444444,2025-04-20T23:32:28.000000+0000,2025-04-20T23:32:28.000000+0000,1,24.003055555555555,2025-04-20T23:34:42.000000+0000,2025-04-20T23:34:42.000000+0000,1,24.001666666666665,-7.7
2025-04-22,2025-04-22T23:40:37.000000+0000,2025-04-22T23:40:37.000000+0000,1,48.0075,2025-04-22T23:32:34.000000+0000,2025-04-22T23:32:34.000000+0000,1,48.001666666666665,2025-04-22T23:35:09.000000+0000,2025-04-22T23:35:09.000000+0000,1,48.0075,-8.05
2025-04-23,2025-04-23T23:40:24.000000+0000,2025-04-23T23:40:24.000000+0000,1,23.996388888888887,2025-04-23T23:32:28.000000+0000,2025-04-23T23:32:28.000000+0000,1,23.998333333333335,2025-04-23T23:34:58.000000+0000,2025-04-23T23:34:58.000000+0000,1,23.996944444444445,-7.933333333333334
2025-04-24,2025-04-24T23:40:37.000000+0000,2025-04-24T23:40:37.000000+0000,1,24.003611111111113,2025-04-24T23:32:33.000000+0000,2025-04-24T23:32:33.000000+0000,1,24.00138888888889,2025-04-24T23:34:48.000000+0000,2025-04-24T23:34:48.000000+0000,1,23.997222222222224,-8.066666666666666
2025-04-25,2025-04-25T23:40:52.000000+0000,2025-04-25T23:40:52.000000+0000,1,24.004166666666666,2025-04-25T23:32:29.000000+0000,2025-04-25T23:32:29.000000+0000,1,23.99888888888889,2025-04-25T23:35:08.000000+0000,2025-04-25T23:35:08.000000+0000,1,24.005555555555556,-8.383333333333333
2025-04-26,2025-04-26T23:40:10.000000+0000,2025-04-26T23:40:10.000000+0000,1,23.988333333333333,2025-04-26T23:32:37.000000+0000,2025-04-26T23:32:37.000000+0000,1,24.002222222222223,2025-04-26T23:34:59.000000+0000,2025-04-26T23:34:59.000000+0000,1,23.9975,-7.55
2025-04-27,2025-04-27T23:39:50.000000+0000,2025-04-27T23:39:50.000000+0000,1,23.994444444444444,2025-04-27T23:32:15.000000+0000,2025-04-27T23:32:15.000000+0000,1,23.99388888888889,2025-04-27T23:34:33.000000+0000,2025-04-27T23:34:33.000000+0000,1,23.99277777777778,-7.583333333333333
2025-04-28,2025-04-28T23:40:32.000000+0000,2025-04-28T23:40:32.000000+0000,1,24.011666666666667,2025-04-28T23:32:26.000000+0000,2025-04-28T23:32:26.000000+0000,1,24.003055555555555,2025-04-28T23:34:53.000000+0000,2025-04-28T23:34:53.000000+0000,1,24.005555555555556,-8.1
2025-04-29,2025-04-29T23:40:29.000000+0000,2025-04-29T23:40:29.000000+0000,1,23.999166666666667,2025-04-29T23:32:21.000000+0000,2025-04-29T23:32:21.000000+0000,1,23.99861111111111,2025-04-29T23:34:47.000000+0000,2025-04-29T23:34:47.000000+0000,1,23.998333333333335,-8.133333333333333
2025-04-30,2025-04-30T23:40:14.000000+0000,2025-04-30T23:40:14.000000+0000,1,23.995833333333334,2025-04-30T23:32:20.000000+0000,2025-04-30T23:32:20.000000+0000,1,23.99972222222222,2025-04-30T23:34:51.000000+0000,2025-04-30T23:34:51.000000+0000,1,24.00111111111111,-7.8999999999999995
2025-05-01,2025-05-01T23:40:39.000000+0000,2025-05-01T23:40:39.000000+0000,1,24.006944444444443,2025-05-01T23:32:29.000000+0000,2025-05-01T23:32:29.000000+0000,1,24.0025,2025-05-01T23:34:59.000000+0000,2025-05-01T23:34:59.000000+0000,1,24.002222222222223,-8.166666666666666
2025-05-02,2025-05-02T23:40:39.000000+0000,2025-05-02T23:40:39.000000+0000,1,24.0,2025-05-02T23:32:23.000000+0000,2025-05-02T23:32:23.000000+0000,1,23.998333333333335,2025-05-02T23:34:50.000000+0000,2025-05-02T23:34:50.000000+0000,1,23.9975,-8.266666666666666
2025-05-03,2025-05-03T23:39:55.000000+0000,2025-05-03T23:39:55.000000+0000,1,23.98777777777778,2025-05-03T23:32:11.000000+0000,2025-05-03T23:32:11.000000+0000,1,23.996666666666666,2025-05-03T23:34:32.000000+0000,2025-05-03T23:34:32.000000+0000,1,23.995,-7.733333333333333
2025-05-04,2025-05-04T23:40:08.000000+0000,2025-05-04T23:40:08.000000+0000,1,24.003611111111113,2025-05-04T23:32:22.000000+0000,2025-05-04T23:32:22.000000+0000,1,24.003055555555555,2025-05-04T23:34:41.000000+0000,2025-05-04T23:34:41.000000+0000,1,24.0025,-7.766666666666667
2025-05-05,2025-05-05T23:40:26.000000+0000,2025-05-05T23:40:26.000000+0000,1,24.005,2025-05-05T23:32:28.000000+0000,2025-05-05T23:32:28.000000+0000,1,24.001666666666665,2025-05-05T23:35:02.000000+0000,2025-05-05T23:35:02.000000+0000,1,24.00583333333333,-7.966666666666667
2025-05-06,2025-05-06T23:40:22.000000+0000,2025-05-06T23:40:22.000000+0000,1,23.99888888888889,2025-05-06T23:32:23.000000+0000,2025-05-06T23:32:23.000000+0000,1,23.99861111111111,2025-05-06T23:34:58.000000+0000,2025-05-06T23:34:58.000000+0000,1,23.99888888888889,-7.983333333333333
2025-05-08,2025-05-08T23:40:25.000000+0000,2025-05-08T18:43:48.000000+0000,2,48.00083333333333,2025-05-08T23:32:27.000000+0000,2025-05-08T18:35:57.000000+0000,2,48.00111111111111,2025-05-08T23:34:38.000000+0000,2025-05-08T18:38:15.000000+0000,2,47.99444444444445,-7.966666666666667
2025-05-09,2025-05-09T23:40:28.000000+0000,2025-05-09T23:40:28.000000+0000,1,24.000833333333333,2025-05-09T23:32:33.000000+0000,2025-05-09T23:32:33.000000+0000,1,24.001666666666665,2025-05-09T23:34:46.000000+0000,2025-05-09T23:34:46.000000+0000,1,24.002222222222223,-7.916666666666667
2025-05-10,2025-05-10T23:40:11.000000+0000,2025-05-10T23:40:11.000000+0000,1,23.995277777777776,2025-05-10T23:32:15.000000+0000,2025-05-10T23:32:15.000000+0000,1,23.995,2025-05-10T23:34:32.000000+0000,2025-05-10T23:34:32.000000+0000,1,23.996111111111112,-7.933333333333334
2025-05-11,2025-05-11T23:40:19.000000+0000,2025-05-11T23:40:19.000000+0000,1,24.002222222222223,2025-05-11T23:32:21.000000+0000,2025-05-11T23:32:21.000000+0000,1,24.001666666666665,2025-05-11T23:34:37.000000+0000,2025-05-11T23:34:37.000000+0000,1,24.00138888888889,-7.966666666666667
2025-05-12,2025-05-12T23:40:20.000000+0000,2025-05-12T23:40:20.000000+0000,1,24.00027777777778,2025-05-12T23:32:30.000000+0000,2025-05-12T23:32:30.000000+0000,1,24.0025,2025-05-12T23:34:48.000000+0000,2025-05-12T23:34:48.000000+0000,1,24.003055555555555,-7.833333333333333
2025-05-13,2025-05-13T23:40:07.000000+0000,2025-05-13T23:40:07.000000+0000,1,23.996388888888887,2025-05-13T23:32:21.000000+0000,2025-05-13T23:32:21.000000+0000,1,23.9975,2025-05-13T23:34:42.000000+0000,2025-05-13T23:34:42.000000+0000,1,23.998333333333335,-7.766666666666667
2025-05-14,2025-05-14T23:40:24.000000+0000,2025-05-14T18:26:06.000000+0000,2,24.004722222222224,2025-05-14T23:32:25.000000+0000,2025-05-14T18:17:29.000000+0000,2,24.00111111111111,2025-05-14T23:34:47.000000+0000,2025-05-14T18:19:54.000000+0000,2,24.00138888888889,-7.983333333333333
2025-05-15,2025-05-15T23:40:57.000000+0000,2025-05-15T23:40:57.000000+0000,1,24.009166666666665,2025-05-15T23:32:32.000000+0000,2025-05-15T23:32:32.000000+0000,1,24.001944444444444,2025-05-15T23:34:48.000000+0000,2025-05-15T23:34:48.000000+0000,1,24.00027777777778,-8.416666666666666
2025-05-16,2025-05-16T23:40:59.000000+0000,2025-05-16T23:40:59.000000+0000,1,24.000555555555554,2025-05-16T23:32:28.000000+0000,2025-05-16T23:32:28.000000+0000,1,23.99888888888889,2025-05-16T23:35:07.000000+0000,2025-05-16T23:35:07.000000+0000,1,24.005277777777778,-8.516666666666666
2025-05-17,2025-05-17T23:40:28.000000+0000,2025-05-17T23:40:28.000000+0000,1,23.99138888888889,2025-05-17T23:32:25.000000+0000,2025-05-17T23:32:25.000000+0000,1,23.999166666666667,2025-05-17T23:34:47.000000+0000,2025-05-17T23:34:47.000000+0000,1,23.994444444444444,-8.05
2025-05-18,2025-05-18T23:41:04.000000+0000,2025-05-18T23:41:04.000000+0000,1,24.01,2025-05-18T23:32:42.000000+0000,2025-05-18T23:32:42.000000+0000,1,24.004722222222224,2025-05-18T23:35:03.000000+0000,2025-05-18T23:35:03.000000+0000,1,24.004444444444445,-8.366666666666667
2025-05-19,2025-05-19T23:42:26.000000+0000,2025-05-19T23:42:26.000000+0000,1,24.022777777777776,2025-05-19T23:33:14.000000+0000,2025-05-19T23:33:14.000000+0000,1,24.00888888888889,2025-05-19T23:35:24.000000+0000,2025-05-19T23:35:24.000000+0000,1,24.00583333333333,-9.2
2025-05-20,2025-05-20T23:40:43.000000+0000,2025-05-20T23:40:43.000000+0000,1,23.97138888888889,2025-05-20T23:32:30.000000+0000,2025-05-20T23:32:30.000000+0000,1,23.98777777777778,2025-05-20T23:34:57.000000+0000,2025-05-20T23:34:57.000000+0000,1,23.9925,-8.216666666666667
2025-05-21,2025-05-21T23:40:44.000000+0000,2025-05-21T23:40:44.000000+0000,1,24.00027777777778,2025-05-21T23:32:27.000000+0000,2025-05-21T23:32:27.000000+0000,1,23.999166666666667,2025-05-21T23:34:57.000000+0000,2025-05-21T23:34:57.000000+0000,1,24.0,-8.283333333333333
2025-05-22,2025-05-22T23:40:42.000000+0000,2025-05-22T23:40:42.000000+0000,1,23.999444444444446,2025-05-22T23:32:31.000000+0000,2025-05-22T23:32:31.000000+0000,1,24.00111111111111,2025-05-22T23:34:50.000000+0000,2025-05-22T23:34:50.000000+0000,1,23.998055555555556,-8.183333333333334
2025-05-23,2025-05-23T23:40:58.000000+0000,2025-05-23T23:40:58.000000+0000,1,24.004444444444445,2025-05-23T23:32:31.000000+0000,2025-05-23T23:32:31.000000+0000,1,24.0,2025-05-23T23:34:54.000000+0000,2025-05-23T23:34:54.000000+0000,1,24.00111111111111,-8.45
2025-05-24,2025-05-24T23:40:31.000000+0000,2025-05-24T23:40:31.000000+0000,1,23.9925,2025-05-24T23:32:26.000000+0000,2025-05-24T23:32:26.000000+0000,1,23.99861111111111,2025-05-24T23:34:48.000000+0000,2025-05-24T23:34:48.000000+0000,1,23.998333333333335,-8.083333333333334
2025-05-25,2025-05-25T23:40:22.000000+0000,2025-05-25T23:40:22.000000+0000,1,23.9975,2025-05-25T23:32:28.000000+0000,2025-05-25T23:32:28.000000+0000,1,24.000555555555554,2025-05-25T23:34:40.000000+0000,2025-05-25T23:34:40.000000+0000,1,23.997777777777777,-7.8999999999999995
2025-05-26,2025-05-26T23:40:46.000000+0000,2025-05-26T23:40:46.000000+0000,1,24.006666666666668,2025-05-26T23:32:31.000000+0000,2025-05-26T23:32:31.000000+0000,1,24.000833333333333,2025-05-26T23:34:47.000000+0000,2025-05-26T23:34:47.000000+0000,1,24.001944444444444,-8.25
2025-05-27,2025-05-27T23:40:37.000000+0000,2025-05-27T23:40:37.000000+0000,1,23.9975,2025-05-27T23:32:32.000000+0000,2025-05-27T23:32:32.000000+0000,1,24.00027777777778,2025-05-27T23:34:56.000000+0000,2025-05-27T23:34:56.000000+0000,1,24.0025,-8.083333333333334
2025-05-28,2025-05-28T23:41:04.000000+0000,2025-05-28T23:41:04.000000+0000,1,24.0075,2025-05-28T23:32:38.000000+0000,2025-05-28T23:32:38.000000+0000,1,24.001666666666665,2025-05-28T23:35:03.000000+0000,2025-05-28T23:35:03.000000+0000,1,24.001944444444444,-8.433333333333334
2025-05-29,2025-05-29T23:40:51.000000+0000,2025-05-29T23:40:51.000000+0000,1,23.996388888888887,2025-05-29T23:32:25.000000+0000,2025-05-29T23:32:25.000000+0000,1,23.996388888888887,2025-05-29T23:35:05.000000+0000,2025-05-29T23:35:05.000000+0000,1,24.000555555555554,-8.433333333333334
2025-05-30,2025-05-30T23:41:00.000000+0000,2025-05-30T23:41:00.000000+0000,1,24.0025,2025-05-30T23:32:34.000000+0000,2025-05-30T23:32:34.000000+0000,1,24.0025,2025-05-30T23:35:07.000000+0000,2025-05-30T23:35:07.000000+0000,1,24.000555555555554,-8.433333333333334
2025-05-31,2025-05-31T23:41:00.000000+0000,2025-05-31T23:41:00.000000+0000,1,24.0,2025-05-31T23:32:29.000000+0000,2025-05-31T23:32:29.000000+0000,1,23.99861111111111,2025-05-31T23:35:07.000000+0000,2025-05-31T23:35:07.000000+0000,1,24.0,-8.516666666666666
2025-06-01,2025-06-01T23:41:29.000000+0000,2025-06-01T23:41:29.000000+0000,1,24.008055555555554,2025-06-01T23:32:41.000000+0000,2025-06-01T23:32:41.000000+0000,1,24.003333333333334,2025-06-01T23:35:31.000000+0000,2025-06-01T23:35:31.000000+0000,1,24.006666666666668,-8.8
2025-06-02,2025-06-02T23:41:24.000000+0000,2025-06-02T23:41:24.000000+0000,1,23.99861111111111,2025-06-02T23:32:43.000000+0000,2025-06-02T23:32:43.000000+0000,1,24.000555555555554,2025-06-02T23:35:10.000000+0000,2025-06-02T23:35:10.000000+0000,1,23.99416666666667,-8.683333333333334
2025-06-03,2025-06-03T23:41:20.000000+0000,2025-06-03T23:41:20.000000+0000,1,23.99888888888889,2025-06-03T23:32:29.000000+0000,2025-06-03T23:32:29.000000+0000,1,23.996111111111112,2025-06-03T23:35:02.000000+0000,2025-06-03T23:35:02.000000+0000,1,23.997777777777777,-8.85
2025-06-04,,,,,2025-06-04T23:32:30.000000+0000,2025-06-04T23:32:30.000000+0000,1,24.00027777777778,2025-06-04T23:34:52.000000+0000,2025-06-04T23:34:52.000000+0000,1,23.997222222222224,
2025-06-05,,,,,2025-06-05T23:32:49.000000+0000,2025-06-05T23:32:49.000000+0000,1,24.005277777777778,2025-06-05T23:35:30.000000+0000,2025-06-05T23:35:30.000000+0000,1,24.010555555555555,
2025-06-06,,,,,2025-06-06T23:32:31.000000+0000,2025-06-06T23:32:31.000000+0000,1,23.995,2025-06-06T23:34:57.000000+0000,2025-06-06T23:34:57.000000+0000,1,23.990833333333335,
2025-06-07,,,,,2025-06-07T23:32:35.000000+0000,2025-06-07T23:32:35.000000+0000,1,24.00111111111111,2025-06-07T23:35:09.000000+0000,2025-06-07T23:35:09.000000+0000,1,24.003333333333334,
2025-06-08,,,,,2025-06-08T23:32:45.000000+0000,2025-06-08T23:32:45.000000+0000,1,24.002777777777776,2025-06-08T23:35:11.000000+0000,2025-06-08T23:35:11.000000+0000,1,24.000555555555554,
2025-06-09,,,,,2025-06-09T23:32:51.000000+0000,2025-06-09T23:32:51.000000+0000,1,24.001666666666665,2025-06-09T23:35:32.000000+0000,2025-06-09T23:35:32.000000+0000,1,24.00583333333333,
2025-06-10,,,,,2025-06-10T23:32:52.000000+0000,2025-06-10T23:32:52.000000+0000,1,24.00027777777778,2025-06-10T23:35:17.000000+0000,2025-06-10T23:35:17.000000+0000,1,23.995833333333334,
2025-06-11,,,,,2025-06-11T23:32:51.000000+0000,2025-06-11T23:32:51.000000+0000,1,23.99972222222222,2025-06-11T23:35:37.000000+0000,2025-06-11T23:35:37.000000+0000,1,24.005555555555556,
2025-06-12,,,,,2025-06-12T23:32:47.000000+0000,2025-06-12T23:32:47.000000+0000,1,23.99888888888889,2025-06-12T23:35:12.000000+0000,2025-06-12T23:35:12.000000+0000,1,23.993055555555557,
2025-06-13,,,,,2025-06-13T23:32:41.000000+0000,2025-06-13T23:32:41.000000+0000,1,23.998333333333335,2025-06-13T23:35:14.000000+0000,2025-06-13T23:35:14.000000+0000,1,24.000555555555554,
2025-06-14,,,,,2025-06-14T23:32:33.000000+0000,2025-06-14T23:32:33.000000+0000,1,23.997777777777777,2025-06-14T23:34:55.000000+0000,2025-06-14T23:34:55.000000+0000,1,23.994722222222222,
2025-06-15,,,,,2025-06-15T23:32:32.000000+0000,2025-06-15T23:32:32.000000+0000,1,23.99972222222222,2025-06-15T23:34:57.000000+0000,2025-06-15T23:34:57.000000+0000,1,24.000555555555554,
2025-06-16,,,,,2025-06-16T23:32:35.000000+0000,2025-06-16T23:32:35.000000+0000,1,24.000833333333333,2025-06-16T23:35:04.000000+0000,2025-06-16T23:35:04.000000+0000,1,24.001944444444444,
2025-06-17,,,,,2025-06-17T23:32:39.000000+0000,2025-06-17T23:32:39.000000+0000,1,24.00111111111111,2025-06-17T23:34:59.000000+0000,2025-06-17T23:34:59.000000+0000,1,23.99861111111111,
2025-06-18,,,,,2025-06-18T23:32:40.000000+0000,2025-06-18T23:32:40.000000+0000,1,24.00027777777778,2025-06-18T23:35:04.000000+0000,2025-06-18T23:35:04.000000+0000,1,24.00138888888889,
2025-06-19,,,,,2025-06-19T23:32:39.000000+0000,2025-06-19T23:32:39.000000+0000,1,23.99972222222222,2025-06-19T23:35:12.000000+0000,2025-06-19T23:35:12.000000+0000,1,24.002222222222223,
2025-06-20,,,,,2025-06-20T23:32:44.000000+0000,2025-06-20T23:32:44.000000+0000,1,24.00138888888889,2025-06-20T23:35:10.000000+0000,2025-06-20T23:35:10.000000+0000,1,23.999444444444446,
2025-06-21,,,,,2025-06-21T23:32:45.000000+0000,2025-06-21T23:32:45.000000+0000,1,24.00027777777778,2025-06-21T23:35:20.000000+0000,2025-06-21T23:35:20.000000+0000,1,24.002777777777776,
2025-06-22,,,,,2025-06-22T23:32:38.000000+0000,2025-06-22T23:32:38.000000+0000,1,23.998055555555556,2025-06-22T23:35:12.000000+0000,2025-06-22T23:35:12.000000+0000,1,23.997777777777777,
2025-06-24,,,,,2025-06-24T23:32:43.000000+0000,2025-06-24T18:16:13.000000+0000,4,48.00138888888889,2025-06-24T23:35:02.000000+0000,2025-06-24T18:18:28.000000+0000,4,47.99722222222222,
2025-06-25,,,,,2025-06-25T23:32:39.000000+0000,2025-06-25T23:32:39.000000+0000,1,23.99888888888889,2025-06-25T23:34:59.000000+0000,2025-06-25T23:34:59.000000+0000,1,23.999166666666667,
2025-06-26,,,,,2025-06-26T23:32:46.000000+0000,2025-06-26T23:32:46.000000+0000,1,24.001944444444444,2025-06-26T23:35:03.000000+0000,2025-06-26T23:35:03.000000+0000,1,24.00111111111111,
2025-06-27,,,,,2025-06-27T23:32:44.000000+0000,2025-06-27T23:32:44.000000+0000,1,23.999444444444446,2025-06-27T23:35:01.000000+0000,2025-06-27T23:35:01.000000+0000,1,23.999444444444446,
2025-06-28,,,,,2025-06-28T23:32:41.000000+0000,2025-06-28T23:32:41.000000+0000,1,23.999166666666667,2025-06-28T23:34:58.000000+0000,2025-06-28T23:34:58.000000+0000,1,23.999166666666667,
2025-06-29,,,,,2025-06-29T23:32:43.000000+0000,2025-06-29T19:07:21.000000+0000,2,24.000555555555554,2025-06-29T23:35:12.000000+0000,2025-06-29T19:09:44.000000+0000,2,24.003888888888888,
2025-07-09,2025-07-09T19:32:42.000000+0000,2025-07-09T18:30:50.000000+0000,3,859.8561111111111,2025-07-09T19:37:06.000000+0000,2025-07-09T18:55:35.000000+0000,2,236.07305555555556,2025-07-09T19:35:24.000000+0000,2025-07-09T18:35:03.000000+0000,3,236.00333333333333,4.4
2025-07-10,2025-07-10T13:08:00.000000+0000,2025-07-10T13:08:00.000000+0000,1,17.588333333333335,2025-07-10T13:12:35.000000+0000,2025-07-10T13:12:35.000000+0000,1,17.59138888888889,2025-07-10T13:10:41.000000+0000,2025-07-10T13:10:41.000000+0000,1,17.588055555555556,4.583333333333333
2025-07-11,2025-07-11T13:07:35.000000+0000,2025-07-11T13:07:35.000000+0000,1,23.993055555555557,2025-07-11T13:12:00.000000+0000,2025-07-11T13:12:00.000000+0000,1,23.990277777777777,2025-07-11T13:10:11.000000+0000,2025-07-11T13:10:11.000000+0000,1,23.991666666666667,4.416666666666667
2025-07-12,2025-07-12T13:07:09.000000+0000,2025-07-12T13:07:09.000000+0000,1,23.99277777777778,2025-07-12T13:11:33.000000+0000,2025-07-12T13:11:33.000000+0000,1,23.9925,2025-07-12T13:09:53.000000+0000,2025-07-12T13:09:53.000000+0000,1,23.995,4.4
2025-07-13,2025-07-13T13:07:15.000000+0000,2025-07-13T13:07:15.000000+0000,1,24.001666666666665,2025-07-13T13:11:38.000000+0000,2025-07-13T13:11:38.000000+0000,1,24.00138888888889,2025-07-13T13:09:56.000000+0000,2025-07-13T13:09:56.000000+0000,1,24.000833333333333,4.383333333333333
2025-07-14,2025-07-14T13:07:29.000000+0000,2025-07-14T13:07:29.000000+0000,1,24.003888888888888,2025-07-14T13:12:02.000000+0000,2025-07-14T13:12:02.000000+0000,1,24.006666666666668,2025-07-14T13:10:16.000000+0000,2025-07-14T13:10:16.000000+0000,1,24.005555555555556,4.55
2025-07-15,2025-07-15T13:07:41.000000+0000,2025-07-15T13:07:41.000000+0000,1,24.003333333333334,2025-07-15T13:12:21.000000+0000,2025-07-15T13:12:21.000000+0000,1,24.005277777777778,2025-07-15T13:10:40.000000+0000,2025-07-15T13:10:40.000000+0000,1,24.006666666666668,4.666666666666667
2025-07-16,2025-07-16T13:07:37.000000+0000,2025-07-16T13:07:37.000000+0000,1,23.99888888888889,2025-07-16T13:12:02.000000+0000,2025-07-16T13:12:02.000000+0000,1,23.994722222222222,2025-07-16T13:10:19.000000+0000,2025-07-16T13:10:19.000000+0000,1,23.99416666666667,4.416666666666667
2025-07-17,2025-07-17T13:07:28.000000+0000,2025-07-17T13:07:28.000000+0000,1,23.9975,2025-07-17T13:11:58.000000+0000,2025-07-17T13:11:58.000000+0000,1,23.99888888888889,2025-07-17T13:10:18.000000+0000,2025-07-17T13:10:18.000000+0000,1,23.99972222222222,4.5
2025-07-18,2025-07-18T13:07:24.000000+0000,2025-07-18T13:07:24.000000+0000,1,23.99888888888889,2025-07-18T13:12:03.000000+0000,2025-07-18T13:12:03.000000+0000,1,24.00138888888889,2025-07-18T13:10:06.000000+0000,2025-07-18T13:10:06.000000+0000,1,23.996666666666666,4.65
2025-07-19,2025-07-19T13:08:00.000000+0000,2025-07-19T13:08:00.000000+0000,1,24.01,2025-07-19T13:12:17.000000+0000,2025-07-19T13:12:17.000000+0000,1,24.003888888888888,2025-07-19T13:10:39.000000+0000,2025-07-19T13:10:39.000000+0000,1,24.009166666666665,4.283333333333333
2025-07-20,2025-07-20T13:06:59.000000+0000,2025-07-20T13:06:59.000000+0000,1,23.983055555555556,2025-07-20T13:11:40.000000+0000,2025-07-20T13:11:40.000000+0000,1,23.989722222222223,2025-07-20T13:09:54.000000+0000,2025-07-20T13:09:54.000000+0000,1,23.9875,4.683333333333334
2025-07-21,2025-07-21T13:08:08.000000+0000,2025-07-21T13:08:08.000000+0000,1,24.019166666666667,2025-07-21T13:12:40.000000+0000,2025-07-21T13:12:40.000000+0000,1,24.016666666666666,2025-07-21T13:10:53.000000+0000,2025-07-21T13:10:53.000000+0000,1,24.01638888888889,4.533333333333333
2025-07-22,2025-07-22T13:08:48.000000+0000,2025-07-22T13:08:48.000000+0000,1,24.011111111111113,2025-07-22T13:13:20.000000+0000,2025-07-22T13:13:20.000000+0000,1,24.011111111111113,2025-07-22T13:11:42.000000+0000,2025-07-22T13:11:42.000000+0000,1,24.01361111111111,4.533333333333333
2025-07-23,2025-07-23T13:09:38.000000+0000,2025-07-23T13:09:38.000000+0000,1,24.01388888888889,2025-07-23T13:14:20.000000+0000,2025-07-23T13:14:20.000000+0000,1,24.016666666666666,2025-07-23T13:12:21.000000+0000,2025-07-23T13:12:21.000000+0000,1,24.010833333333334,4.7
2025-07-24,2025-07-24T13:09:56.000000+0000,2025-07-24T13:09:56.000000+0000,1,24.005,2025-07-24T13:14:30.000000+0000,2025-07-24T13:14:30.000000+0000,1,24.002777777777776,2025-07-24T13:12:49.000000+0000,2025-07-24T13:12:49.000000+0000,1,24.00777777777778,4.566666666666666
2025-07-25,2025-07-25T13:10:10.000000+0000,2025-07-25T13:10:10.000000+0000,1,24.003888888888888,2025-07-25T13:14:37.000000+0000,2025-07-25T13:14:37.000000+0000,1,24.001944444444444,2025-07-25T13:12:57.000000+0000,2025-07-25T13:12:57.000000+0000,1,24.002222222222223,4.45
2025-07-26,2025-07-26T13:08:55.000000+0000,2025-07-26T13:08:55.000000+0000,1,23.979166666666668,2025-07-26T13:13:21.000000+0000,2025-07-26T13:13:21.000000+0000,1,23.97888888888889,2025-07-26T13:11:30.000000+0000,2025-07-26T13:11:30.000000+0000,1,23.975833333333334,4.433333333333334
2025-07-27,2025-07-27T13:09:01.000000+0000,2025-07-27T13:09:01.000000+0000,1,24.001666666666665,2025-07-27T13:13:14.000000+0000,2025-07-27T13:13:14.000000+0000,1,23.998055555555556,2025-07-27T13:11:38.000000+0000,2025-07-27T13:11:38.000000+0000,1,24.002222222222223,4.216666666666667
2025-07-28,2025-07-28T13:09:32.000000+0000,2025-07-28T13:09:32.000000+0000,1,24.00861111111111,2025-07-28T13:14:04.000000+0000,2025-07-28T13:14:04.000000+0000,1,24.01388888888889,2025-07-28T13:12:19.000000+0000,2025-07-28T13:12:19.000000+0000,1,24.011388888888888,4.533333333333333
2025-07-29,2025-07-29T13:09:38.000000+0000,2025-07-29T13:09:38.000000+0000,1,24.001666666666665,2025-07-29T13:14:09.000000+0000,2025-07-29T13:14:09.000000+0000,1,24.00138888888889,2025-07-29T13:12:24.000000+0000,2025-07-29T13:12:24.000000+0000,1,24.00138888888889,4.516666666666667
2025-07-30,2025-07-30T13:09:25.000000+0000,2025-07-30T13:09:25.000000+0000,1,23.996388888888887,2025-07-30T13:13:49.000000+0000,2025-07-30T13:13:49.000000+0000,1,23.994444444444444,2025-07-30T13:12:09.000000+0000,2025-07-30T13:12:09.000000+0000,1,23.995833333333334,4.4
2025-07-31,2025-07-31T13:09:09.000000+0000,2025-07-31T13:09:09.000000+0000,1,23.995555555555555,2025-07-31T13:13:32.000000+0000,2025-07-31T13:13:32.000000+0000,1,23.995277777777776,2025-07-31T13:11:51.000000+0000,2025-07-31T13:11:51.000000+0000,1,23.995,4.383333333333333
2025-08-01,2025-08-01T13:09:14.000000+0000,2025-08-01T13:09:14.000000+0000,1,24.00138888888889,2025-08-01T13:13:39.000000+0000,2025-08-01T13:13:39.000000+0000,1,24.001944444444444,2025-08-01T13:11:55.000000+0000,2025-08-01T13:11:55.000000+0000,1,24.00111111111111,4.416666666666667
2025-08-02,2025-08-02T13:09:28.000000+0000,2025-08-02T13:09:28.000000+0000,1,24.003888888888888,2025-08-02T13:13:54.000000+0000,2025-08-02T13:13:54.000000+0000,1,24.004166666666666,2025-08-02T13:12:09.000000+0000,2025-08-02T13:12:09.000000+0000,1,24.003888888888888,4.433333333333334
2025-08-03,2025-08-03T13:09:40.000000+0000,2025-08-03T13:09:40.000000+0000,1,24.003333333333334,2025-08-03T13:14:05.000000+0000,2025-08-03T13:14:05.000000+0000,1,24.003055555555555,2025-08-03T13:12:23.000000+0000,2025-08-03T13:12:23.000000+0000,1,24.003888888888888,4.416666666666667
2025-08-04,2025-08-04T13:10:08.000000+0000,2025-08-04T13:10:08.000000+0000,1,24.00777777777778,2025-08-04T13:14:48.000000+0000,2025-08-04T13:14:48.000000+0000,1,24.011944444444445,2025-08-04T13:13:02.000000+0000,2025-08-04T13:13:02.000000+0000,1,24.010833333333334,4.666666666666667
2025-08-05,2025-08-05T13:09:27.000000+0000,2025-08-05T13:09:27.000000+0000,1,23.988611111111112,2025-08-05T13:13:57.000000+0000,2025-08-05T13:13:57.000000+0000,1,23.985833333333332,2025-08-05T13:12:11.000000+0000,2025-08-05T13:12:11.000000+0000,1,23.985833333333332,4.5
2025-08-06,2025-08-06T13:10:13.000000+0000,2025-08-06T13:10:13.000000+0000,1,24.012777777777778,2025-08-06T13:15:13.000000+0000,2025-08-06T13:15:13.000000+0000,1,24.02111111111111,2025-08-06T13:13:22.000000+0000,2025-08-06T13:13:22.000000+0000,1,24.01972222222222,5.0
2025-08-07,2025-08-07T13:09:25.000000+0000,2025-08-07T13:09:25.000000+0000,1,23.986666666666668,2025-08-07T13:13:57.000000+0000,2025-08-07T13:13:57.000000+0000,1,23.97888888888889,2025-08-07T13:12:15.000000+0000,2025-08-07T13:12:15.000000+0000,1,23.98138888888889,4.533333333333333
2025-08-08,2025-08-08T13:09:29.000000+0000,2025-08-08T13:09:29.000000+0000,1,24.00111111111111,2025-08-08T13:14:07.000000+0000,2025-08-08T13:14:07.000000+0000,1,24.002777777777776,2025-08-08T13:12:17.000000+0000,2025-08-08T13:12:17.000000+0000,1,24.000555555555554,4.633333333333333
2025-08-09,2025-08-09T13:08:35.000000+0000,2025-08-09T13:08:35.000000+0000,1,23.985,2025-08-09T13:13:04.000000+0000,2025-08-09T13:13:04.000000+0000,1,23.9825,2025-08-09T13:11:20.000000+0000,2025-08-09T13:11:20.000000+0000,1,23.984166666666667,4.483333333333333
2025-08-10,2025-08-10T13:08:51.000000+0000,2025-08-10T13:08:51.000000+0000,1,24.004444444444445,2025-08-10T13:13:27.000000+0000,2025-08-10T13:13:27.000000+0000,1,24.00638888888889,2025-08-10T13:11:41.000000+0000,2025-08-10T13:11:41.000000+0000,1,24.00583333333333,4.6
2025-08-11,2025-08-11T13:09:01.000000+0000,2025-08-11T13:09:01.000000+0000,1,24.002777777777776,2025-08-11T13:13:41.000000+0000,2025-08-11T13:13:41.000000+0000,1,24.003888888888888,2025-08-11T13:11:49.000000+0000,2025-08-11T13:11:49.000000+0000,1,24.002222222222223,4.666666666666667
2025-08-12,2025-08-12T13:09:26.000000+0000,2025-08-12T13:09:26.000000+0000,1,24.006944444444443,2025-08-12T13:14:33.000000+0000,2025-08-12T13:14:33.000000+0000,1,24.014444444444443,2025-08-12T13:12:41.000000+0000,2025-08-12T13:12:41.000000+0000,1,24.014444444444443,5.116666666666666
2025-08-13,2025-08-13T13:09:18.000000+0000,2025-08-13T13:09:18.000000+0000,1,23.997777777777777,2025-08-13T13:14:03.000000+0000,2025-08-13T13:14:03.000000+0000,1,23.991666666666667,2025-08-13T13:12:14.000000+0000,2025-08-13T13:12:14.000000+0000,1,23.9925,4.75
2025-08-14,2025-08-14T13:16:26.000000+0000,2025-08-14T13:16:26.000000+0000,1,24.11888888888889,2025-08-14T13:21:10.000000+0000,2025-08-14T13:21:10.000000+0000,1,24.11861111111111,2025-08-14T13:19:18.000000+0000,2025-08-14T13:19:18.000000+0000,1,24.11777777777778,4.733333333333333
2025-08-15,2025-08-15T13:09:24.000000+0000,2025-08-15T13:09:24.000000+0000,1,23.88277777777778,2025-08-15T13:14:07.000000+0000,2025-08-15T13:14:07.000000+0000,1,23.8825,2025-08-15T13:12:18.000000+0000,2025-08-15T13:12:18.000000+0000,1,23.883333333333333,4.716666666666667
2025-08-16,2025-08-16T13:09:08.000000+0000,2025-08-16T13:09:08.000000+0000,1,23.995555555555555,2025-08-16T13:13:33.000000+0000,2025-08-16T13:13:33.000000+0000,1,23.990555555555556,2025-08-16T13:11:49.000000+0000,2025-08-16T13:11:49.000000+0000,1,23.991944444444446,4.416666666666667
2025-08-17,2025-08-17T13:08:45.000000+0000,2025-08-17T13:08:45.000000+0000,1,23.99361111111111,2025-08-17T13:13:23.000000+0000,2025-08-17T13:13:23.000000+0000,1,23.997222222222224,2025-08-17T13:11:35.000000+0000,2025-08-17T13:11:35.000000+0000,1,23.996111111111112,4.633333333333333
2025-08-18,2025-08-18T13:08:47.000000+0000,2025-08-18T13:08:47.000000+0000,1,24.000555555555554,2025-08-18T13:13:24.000000+0000,2025-08-18T13:13:24.000000+0000,1,24.00027777777778,2025-08-18T13:11:38.000000+0000,2025-08-18T13:11:38.000000+0000,1,24.000833333333333,4.616666666666666
2025-08-19,2025-08-19T13:10:25.000000+0000,2025-08-19T13:10:25.000000+0000,1,24.02722222222222,2025-08-19T13:15:21.000000+0000,2025-08-19T13:15:21.000000+0000,1,24.0325,2025-08-19T13:13:33.000000+0000,2025-08-19T13:13:33.000000+0000,1,24.031944444444445,4.933333333333334
2025-08-20,2025-08-20T13:09:50.000000+0000,2025-08-20T13:09:50.000000+0000,1,23.990277777777777,2025-08-20T13:14:28.000000+0000,2025-08-20T13:14:28.000000+0000,1,23.985277777777778,2025-08-20T13:12:39.000000+0000,2025-08-20T13:12:39.000000+0000,1,23.985,4.633333333333333
2025-08-21,2025-08-21T13:10:07.000000+0000,2025-08-21T13:10:07.000000+0000,1,24.004722222222224,2025-08-21T13:14:55.000000+0000,2025-08-21T13:14:55.000000+0000,1,24.0075,2025-08-21T13:13:08.000000+0000,2025-08-21T13:13:08.000000+0000,1,24.008055555555554,4.8
2025-08-22,2025-08-22T13:09:40.000000+0000,2025-08-22T13:09:40.000000+0000,1,23.9925,2025-08-22T13:14:21.000000+0000,2025-08-22T13:14:21.000000+0000,1,23.990555555555556,2025-08-22T13:12:35.000000+0000,2025-08-22T13:12:35.000000+0000,1,23.990833333333335,4.683333333333334
2025-08-23,2025-08-23T13:08:54.000000+0000,2025-08-23T13:08:54.000000+0000,1,23.987222222222222,2025-08-23T13:13:46.000000+0000,2025-08-23T13:13:46.000000+0000,1,23.990277777777777,2025-08-23T13:11:50.000000+0000,2025-08-23T13:11:50.000000+0000,1,23.9875,4.866666666666666
2025-08-24,2025-08-24T13:09:49.000000+0000,2025-08-24T13:09:49.000000+0000,1,24.01527777777778,2025-08-24T13:14:37.000000+0000,2025-08-24T13:14:37.000000+0000,1,24.014166666666668,2025-08-24T13:12:49.000000+0000,2025-08-24T13:12:49.000000+0000,1,24.01638888888889,4.8
2025-08-25,2025-08-25T13:09:45.000000+0000,2025-08-25T13:09:45.000000+0000,1,23.99888888888889,2025-08-25T13:14:38.000000+0000,2025-08-25T13:14:38.000000+0000,1,24.00027777777778,2025-08-25T13:12:47.000000+0000,2025-08-25T13:12:47.000000+0000,1,23.999444444444446,4.883333333333333
2025-08-26,2025-08-26T13:09:47.000000+0000,2025-08-26T13:09:47.000000+0000,1,24.000555555555554,2025-08-26T13:14:31.000000+0000,2025-08-26T13:14:31.000000+0000,1,23.998055555555556,2025-08-26T13:12:42.000000+0000,2025-08-26T13:12:42.000000+0000,1,23.99861111111111,4.733333333333333
2025-08-27,2025-08-27T13:09:14.000000+0000,2025-08-27T13:09:14.000000+0000,1,23.990833333333335,2025-08-27T13:13:55.000000+0000,2025-08-27T13:13:55.000000+0000,1,23.99,2025-08-27T13:12:05.000000+0000,2025-08-27T13:12:05.000000+0000,1,23.989722222222223,4.683333333333334
2025-08-28,2025-08-28T13:11:00.000000+0000,2025-08-28T13:11:00.000000+0000,1,24.029444444444444,2025-08-28T13:16:03.000000+0000,2025-08-28T13:16:03.000000+0000,1,24.035555555555554,2025-08-28T13:14:04.000000+0000,2025-08-28T13:14:04.000000+0000,1,24.033055555555556,5.05
2025-08-29,2025-08-29T13:08:37.000000+0000,2025-08-29T13:08:37.000000+0000,1,23.960277777777776,2025-08-29T13:13:05.000000+0000,2025-08-29T13:13:05.000000+0000,1,23.950555555555557,2025-08-29T13:11:25.000000+0000,2025-08-29T13:11:25.000000+0000,1,23.955833333333334,4.466666666666667
2025-08-30,2025-08-30T13:09:31.000000+0000,2025-08-30T13:09:31.000000+0000,1,24.015,2025-08-30T13:13:54.000000+0000,2025-08-30T13:13:54.000000+0000,1,24.01361111111111,2025-08-30T13:12:13.000000+0000,2025-08-30T13:12:13.000000+0000,1,24.013333333333332,4.383333333333333
2025-08-31,2025-08-31T13:09:08.000000+0000,2025-08-31T13:09:08.000000+0000,1,23.99361111111111,2025-08-31T13:13:24.000000+0000,2025-08-31T13:13:24.000000+0000,1,23.991666666666667,2025-08-31T13:11:44.000000+0000,2025-08-31T13:11:44.000000+0000,1,23.991944444444446,4.266666666666667
2025-09-01,2025-09-01T13:07:24.000000+0000,2025-09-01T13:07:24.000000+0000,1,23.97111111111111,2025-09-01T13:11:56.000000+0000,2025-09-01T13:11:56.000000+0000,1,23.975555555555555,2025-09-01T13:10:11.000000+0000,2025-09-01T13:10:11.000000+0000,1,23.974166666666665,4.533333333333333
2025-09-02,2025-09-02T13:08:54.000000+0000,2025-09-02T13:08:54.000000+0000,1,24.025,2025-09-02T13:13:16.000000+0000,2025-09-02T13:13:16.000000+0000,1,24.022222222222222,2025-09-02T13:11:37.000000+0000,2025-09-02T13:11:37.000000+0000,1,24.023888888888887,4.366666666666666
2025-09-03,2025-09-03T13:09:20.000000+0000,2025-09-03T13:09:20.000000+0000,1,24.00722222222222,2025-09-03T13:13:55.000000+0000,2025-09-03T13:13:55.000000+0000,1,24.010833333333334,2025-09-03T13:12:08.000000+0000,2025-09-03T13:12:08.000000+0000,1,24.00861111111111,4.583333333333333
2025-09-04,2025-09-04T13:10:30.000000+0000,2025-09-04T13:10:30.000000+0000,1,24.019444444444446,2025-09-04T13:14:57.000000+0000,2025-09-04T13:14:57.000000+0000,1,24.017222222222223,2025-09-04T13:13:13.000000+0000,2025-09-04T13:13:13.000000+0000,1,24.018055555555556,4.45
2025-09-05,2025-09-05T13:08:46.000000+0000,2025-09-05T13:08:46.000000+0000,1,23.97111111111111,2025-09-05T13:13:04.000000+0000,2025-09-05T13:13:04.000000+0000,1,23.968611111111112,2025-09-05T13:11:23.000000+0000,2025-09-05T13:11:23.000000+0000,1,23.969444444444445,4.3
2025-09-06,2025-09-06T13:08:44.000000+0000,2025-09-06T13:08:44.000000+0000,1,23.999444444444446,2025-09-06T13:13:16.000000+0000,2025-09-06T13:13:16.000000+0000,1,24.003333333333334,2025-09-06T13:11:32.000000+0000,2025-09-06T13:11:32.000000+0000,1,24.0025,4.533333333333333
2025-09-07,2025-09-07T13:09:12.000000+0000,2025-09-07T13:09:12.000000+0000,1,24.00777777777778,2025-09-07T13:13:43.000000+0000,2025-09-07T13:13:43.000000+0000,1,24.0075,2025-09-07T13:12:01.000000+0000,2025-09-07T13:12:01.000000+0000,1,24.008055555555554,4.516666666666667
2025-09-08,2025-09-08T13:09:02.000000+0000,2025-09-08T13:09:02.000000+0000,1,23.997222222222224,2025-09-08T13:13:32.000000+0000,2025-09-08T13:13:32.000000+0000,1,23.996944444444445,2025-09-08T13:11:44.000000+0000,2025-09-08T13:11:44.000000+0000,1,23.995277777777776,4.5
2025-09-09,2025-09-09T13:09:28.000000+0000,2025-09-09T13:09:28.000000+0000,1,24.00722222222222,2025-09-09T13:13:52.000000+0000,2025-09-09T13:13:52.000000+0000,1,24.005555555555556,2025-09-09T13:12:09.000000+0000,2025-09-09T13:12:09.000000+0000,1,24.006944444444443,4.4
2025-09-10,2025-09-10T13:09:35.000000+0000,2025-09-10T13:09:35.000000+0000,1,24.001944444444444,2025-09-10T13:14:08.000000+0000,2025-09-10T13:14:08.000000+0000,1,24.004444444444445,2025-09-10T13:12:24.000000+0000,2025-09-10T13:12:24.000000+0000,1,24.004166666666666,4.55
2025-09-11,2025-09-11T13:09:18.000000+0000,2025-09-11T13:09:18.000000+0000,1,23.995277777777776,2025-09-11T13:13:38.000000+0000,2025-09-11T13:13:38.000000+0000,1,23.991666666666667,2025-09-11T13:11:57.000000+0000,2025-09-11T13:11:57.000000+0000,1,23.9925,4.333333333333333
2025-09-12,2025-09-12T13:09:06.000000+0000,2025-09-12T13:09:06.000000+0000,1,23.996666666666666,2025-09-12T13:13:27.000000+0000,2025-09-12T13:13:27.000000+0000,1,23.996944444444445,2025-09-12T13:11:46.000000+0000,2025-09-12T13:11:46.000000+0000,1,23.996944444444445,4.35
2025-09-13,2025-09-13T13:08:54.000000+0000,2025-09-13T13:08:54.000000+0000,1,23.996666666666666,2025-09-13T13:13:14.000000+0000,2025-09-13T13:13:14.000000+0000,1,23.996388888888887,2025-09-13T13:11:30.000000+0000,2025-09-13T13:11:30.000000+0000,1,23.995555555555555,4.333333333333333
2025-09-14,2025-09-14T13:09:06.000000+0000,2025-09-14T13:09:06.000000+0000,1,24.003333333333334,2025-09-14T13:13:42.000000+0000,2025-09-14T13:13:42.000000+0000,1,24.00777777777778,2025-09-14T13:11:55.000000+0000,2025-09-14T13:11:55.000000+0000,1,24.006944444444443,4.6
2025-09-15,2025-09-15T13:10:04.000000+0000,2025-09-15T13:10:04.000000+0000,1,24.016111111111112,2025-09-15T13:14:30.000000+0000,2025-09-15T13:14:30.000000+0000,1,24.013333333333332,2025-09-15T13:12:44.000000+0000,2025-09-15T13:12:44.000000+0000,1,24.01361111111111,4.433333333333334
2025-09-16,2025-09-16T13:09:04.000000+0000,2025-09-16T13:09:04.000000+0000,1,23.983333333333334,2025-09-16T13:13:27.000000+0000,2025-09-16T13:13:27.000000+0000,1,23.9825,2025-09-16T13:11:43.000000+0000,2025-09-16T13:11:43.000000+0000,1,23.983055555555556,4.383333333333333
2025-09-17,2025-09-17T13:09:09.000000+0000,2025-09-17T13:09:09.000000+0000,1,24.00138888888889,2025-09-17T13:13:47.000000+0000,2025-09-17T13:13:47.000000+0000,1,24.005555555555556,2025-09-17T13:11:57.000000+0000,2025-09-17T13:11:57.000000+0000,1,24.003888888888888,4.633333333333333
2025-09-18,2025-09-18T13:10:03.000000+0000,2025-09-18T13:10:03.000000+0000,1,24.015,2025-09-18T13:14:37.000000+0000,2025-09-18T13:14:37.000000+0000,1,24.01388888888889,2025-09-18T13:12:50.000000+0000,2025-09-18T13:12:50.000000+0000,1,24.014722222222222,4.566666666666666
2025-09-19,2025-09-19T13:08:35.000000+0000,2025-09-19T13:08:35.000000+0000,1,23.975555555555555,2025-09-19T13:12:59.000000+0000,2025-09-19T13:12:59.000000+0000,1,23.97277777777778,2025-09-19T13:11:17.000000+0000,2025-09-19T13:11:17.000000+0000,1,23.974166666666665,4.4
2025-09-20,2025-09-20T13:08:33.000000+0000,2025-09-20T13:08:33.000000+0000,1,23.999444444444446,2025-09-20T13:12:51.000000+0000,2025-09-20T13:12:51.000000+0000,1,23.997777777777777,2025-09-20T13:11:11.000000+0000,2025-09-20T13:11:11.000000+0000,1,23.998333333333335,4.3
2025-09-21,2025-09-21T13:09:11.000000+0000,2025-09-21T13:09:11.000000+0000,1,24.010555555555555,2025-09-21T13:13:38.000000+0000,2025-09-21T13:13:38.000000+0000,1,24.013055555555557,2025-09-21T13:11:52.000000+0000,2025-09-21T13:11:52.000000+0000,1,24.011388888888888,4.45
2025-09-22,2025-09-22T13:08:45.000000+0000,2025-09-22T13:08:45.000000+0000,1,23.99277777777778,2025-09-22T13:13:20.000000+0000,2025-09-22T13:13:20.000000+0000,1,23.995,2025-09-22T13:11:29.000000+0000,2025-09-22T13:11:29.000000+0000,1,23.99361111111111,4.583333333333333
2025-09-23,2025-09-23T13:09:56.000000+0000,2025-09-23T13:09:56.000000+0000,1,24.01972222222222,2025-09-23T13:14:16.000000+0000,2025-09-23T13:14:16.000000+0000,1,24.015555555555554,2025-09-23T13:12:33.000000+0000,2025-09-23T13:12:33.000000+0000,1,24.017777777777777,4.333333333333333
2025-09-24,2025-09-24T13:10:05.000000+0000,2025-09-24T13:10:05.000000+0000,1,24.0025,2025-09-24T13:14:37.000000+0000,2025-09-24T13:14:37.000000+0000,1,24.00583333333333,2025-09-24T13:12:51.000000+0000,2025-09-24T13:12:51.000000+0000,1,24.005,4.533333333333333
2025-09-25,2025-09-25T13:09:12.000000+0000,2025-09-25T13:09:12.000000+0000,1,23.985277777777778,2025-09-25T13:13:50.000000+0000,2025-09-25T13:13:50.000000+0000,1,23.986944444444443,2025-09-25T13:12:01.000000+0000,2025-09-25T13:12:01.000000+0000,1,23.98611111111111,4.633333333333333
2025-09-26,2025-09-26T13:09:39.000000+0000,2025-09-26T13:09:39.000000+0000,1,24.0075,2025-09-26T13:14:20.000000+0000,2025-09-26T13:14:20.000000+0000,1,24.008333333333333,2025-09-26T13:12:28.000000+0000,2025-09-26T13:12:28.000000+0000,1,24.0075,4.683333333333334
2025-09-27,2025-09-27T13:09:39.000000+0000,2025-09-27T13:09:39.000000+0000,1,24.0,2025-09-27T13:14:15.000000+0000,2025-09-27T13:14:15.000000+0000,1,23.99861111111111,2025-09-27T13:12:27.000000+0000,2025-09-27T13:12:27.000000+0000,1,23.99972222222222,4.6
2025-09-28,2025-09-28T13:09:28.000000+0000,2025-09-28T13:09:28.000000+0000,1,23.996944444444445,2025-09-28T13:14:03.000000+0000,2025-09-28T13:14:03.000000+0000,1,23.996666666666666,2025-09-28T13:12:14.000000+0000,2025-09-28T13:12:14.000000+0000,1,23.996388888888887,4.583333333333333
2025-09-29,2025-09-29T13:09:53.000000+0000,2025-09-29T13:09:53.000000+0000,1,24.006944444444443,2025-09-29T13:14:35.000000+0000,2025-09-29T13:14:35.000000+0000,1,24.00888888888889,2025-09-29T13:12:44.000000+0000,2025-09-29T13:12:44.000000+0000,1,24.008333333333333,4.7
2025-09-30,2025-09-30T13:10:13.000000+0000,2025-09-30T13:10:13.000000+0000,1,24.005555555555556,2025-09-30T13:14:52.000000+0000,2025-09-30T13:14:52.000000+0000,1,24.004722222222224,2025-09-30T13:13:01.000000+0000,2025-09-30T13:13:01.000000+0000,1,24.004722222222224,4.65
2025-10-01,2025-10-01T13:08:59.000000+0000,2025-10-01T13:08:59.000000+0000,1,23.979444444444443,2025-10-01T13:13:45.000000+0000,2025-10-01T13:13:45.000000+0000,1,23.98138888888889,2025-10-01T13:11:54.000000+0000,2025-10-01T13:11:54.000000+0000,1,23.98138888888889,4.766666666666667
2025-10-02,2025-10-02T13:09:12.000000+0000,2025-10-02T13:09:12.000000+0000,1,24.003611111111113,2025-10-02T13:13:56.000000+0000,2025-10-02T13:13:56.000000+0000,1,24.003055555555555,2025-10-02T13:11:58.000000+0000,2025-10-02T13:11:58.000000+0000,1,24.00111111111111,4.733333333333333
2025-10-03,2025-10-03T13:09:07.000000+0000,2025-10-03T13:09:07.000000+0000,1,23.99861111111111,2025-10-03T13:13:57.000000+0000,2025-10-03T13:13:57.000000+0000,1,24.00027777777778,2025-10-03T13:12:04.000000+0000,2025-10-03T13:12:04.000000+0000,1,24.001666666666665,4.833333333333333
2025-10-04,2025-10-04T13:08:53.000000+0000,2025-10-04T13:08:53.000000+0000,1,23.996111111111112,2025-10-04T13:13:23.000000+0000,2025-10-04T13:13:23.000000+0000,1,23.990555555555556,2025-10-04T13:11:37.000000+0000,2025-10-04T13:11:37.000000+0000,1,23.9925,4.5
2025-10-05,2025-10-05T13:09:25.000000+0000,2025-10-05T13:09:25.000000+0000,1,24.00888888888889,2025-10-05T13:14:07.000000+0000,2025-10-05T13:14:07.000000+0000,1,24.01222222222222,2025-10-05T13:12:15.000000+0000,2025-10-05T13:12:15.000000+0000,1,24.010555555555555,4.7
2025-10-06,2025-10-06T13:10:19.000000+0000,2025-10-06T13:10:19.000000+0000,1,24.015,2025-10-06T13:15:07.000000+0000,2025-10-06T13:15:07.000000+0000,1,24.016666666666666,2025-10-06T13:13:13.000000+0000,2025-10-06T13:13:13.000000+0000,1,24.016111111111112,4.8
2025-10-07,2025-10-07T13:09:58.000000+0000,2025-10-07T13:09:58.000000+0000,1,23.99416666666667,2025-10-07T13:14:39.000000+0000,2025-10-07T13:14:39.000000+0000,1,23.99222222222222,2025-10-07T13:12:48.000000+0000,2025-10-07T13:12:48.000000+0000,1,23.993055555555557,4.683333333333334
2025-10-08,2025-10-08T13:09:15.000000+0000,2025-10-08T13:09:15.000000+0000,1,23.988055555555555,2025-10-08T13:13:52.000000+0000,2025-10-08T13:13:52.000000+0000,1,23.986944444444443,2025-10-08T13:12:01.000000+0000,2025-10-08T13:12:01.000000+0000,1,23.986944444444443,4.616666666666666
2025-10-09,2025-10-09T13:09:33.000000+0000,2025-10-09T13:09:33.000000+0000,1,24.005,2025-10-09T13:14:51.000000+0000,2025-10-09T13:14:51.000000+0000,1,24.01638888888889,2025-10-09T13:12:54.000000+0000,2025-10-09T13:12:54.000000+0000,1,24.014722222222222,5.3
2025-10-10,2025-10-10T13:09:37.000000+0000,2025-10-10T13:09:37.000000+0000,1,24.00111111111111,2025-10-10T13:14:31.000000+0000,2025-10-10T13:14:31.000000+0000,1,23.994444444444444,2025-10-10T13:12:44.000000+0000,2025-10-10T13:12:44.000000+0000,1,23.997222222222224,4.9
2025-10-11,2025-10-11T13:09:25.000000+0000,2025-10-11T13:09:25.000000+0000,1,23.996666666666666,2025-10-11T13:14:16.000000+0000,2025-10-11T13:14:16.000000+0000,1,23.995833333333334,2025-10-11T13:12:35.000000+0000,2025-10-11T13:12:35.000000+0000,1,23.9975,4.85
2025-10-12,2025-10-12T13:09:48.000000+0000,2025-10-12T13:09:48.000000+0000,1,24.00638888888889,2025-10-12T13:14:38.000000+0000,2025-10-12T13:14:38.000000+0000,1,24.00611111111111,2025-10-12T13:12:53.000000+0000,2025-10-12T13:12:53.000000+0000,1,24.005,4.833333333333333
2025-10-13,2025-10-13T13:10:20.000000+0000,2025-10-13T13:10:20.000000+0000,1,24.00888888888889,2025-10-13T13:15:12.000000+0000,2025-10-13T13:15:12.000000+0000,1,24.009444444444444,2025-10-13T13:13:29.000000+0000,2025-10-13T13:13:29.000000+0000,1,24.01,4.866666666666666
2025-10-14,2025-10-14T13:10:24.000000+0000,2025-10-14T13:10:24.000000+0000,1,24.00111111111111,2025-10-14T13:15:17.000000+0000,2025-10-14T13:15:17.000000+0000,1,24.00138888888889,2025-10-14T13:13:38.000000+0000,2025-10-14T13:13:38.000000+0000,1,24.0025,4.883333333333333
2025-10-15,2025-10-15T13:11:10.000000+0000,2025-10-15T13:11:10.000000+0000,1,24.012777777777778,2025-10-15T13:15:53.000000+0000,2025-10-15T13:15:53.000000+0000,1,24.01,2025-10-15T13:14:12.000000+0000,2025-10-15T13:14:12.000000+0000,1,24.009444444444444,4.716666666666667
2025-10-16,2025-10-16T13:08:54.000000+0000,2025-10-16T13:08:54.000000+0000,1,23.962222222222223,2025-10-16T13:13:49.000000+0000,2025-10-16T13:13:49.000000+0000,1,23.965555555555557,2025-10-16T13:12:05.000000+0000,2025-10-16T13:12:05.000000+0000,1,23.96472222222222,4.916666666666667
2025-10-17,2025-10-17T13:09:15.000000+0000,2025-10-17T13:09:15.000000+0000,1,24.00583333333333,2025-10-17T13:14:26.000000+0000,2025-10-17T13:14:26.000000+0000,1,24.010277777777777,2025-10-17T13:12:28.000000+0000,2025-10-17T13:12:28.000000+0000,1,24.00638888888889,5.183333333333334
2025-10-18,2025-10-18T13:09:06.000000+0000,2025-10-18T13:09:06.000000+0000,1,23.9975,2025-10-18T13:13:47.000000+0000,2025-10-18T13:13:47.000000+0000,1,23.989166666666666,2025-10-18T13:12:06.000000+0000,2025-10-18T13:12:06.000000+0000,1,23.99388888888889,4.683333333333334
2025-10-19,2025-10-19T13:09:28.000000+0000,2025-10-19T13:09:28.000000+0000,1,24.00611111111111,2025-10-19T13:14:18.000000+0000,2025-10-19T13:14:18.000000+0000,1,24.00861111111111,2025-10-19T13:12:26.000000+0000,2025-10-19T13:12:26.000000+0000,1,24.005555555555556,4.833333333333333
2025-10-21,2025-10-21T13:08:41.000000+0000,2025-10-21T13:08:41.000000+0000,1,47.98694444444445,2025-10-21T13:13:33.000000+0000,2025-10-21T13:13:33.000000+0000,1,47.9875,2025-10-21T13:11:45.000000+0000,2025-10-21T13:11:45.000000+0000,1,47.98861111111111,4.866666666666666
2025-10-22,2025-10-22T13:09:23.000000+0000,2025-10-22T13:09:23.000000+0000,1,24.011666666666667,2025-10-22T13:14:23.000000+0000,2025-10-22T13:14:23.000000+0000,1,24.01388888888889,2025-10-22T13:12:32.000000+0000,2025-10-22T13:12:32.000000+0000,1,24.013055555555557,5.0
2025-10-23,2025-10-23T13:09:27.000000+0000,2025-10-23T13:09:27.000000+0000,1,24.00111111111111,2025-10-23T13:14:27.000000+0000,2025-10-23T13:14:27.000000+0000,1,24.00111111111111,2025-10-23T13:12:39.000000+0000,2025-10-23T13:12:39.000000+0000,1,24.001944444444444,5.0
2025-10-24,2025-10-24T13:09:07.000000+0000,2025-10-24T13:09:07.000000+0000,1,23.994444444444444,2025-10-24T13:13:57.000000+0000,2025-10-24T13:13:57.000000+0000,1,23.991666666666667,2025-10-24T13:12:13.000000+0000,2025-10-24T13:12:13.000000+0000,1,23.99277777777778,4.833333333333333
2025-10-25,2025-10-25T13:09:53.000000+0000,2025-10-25T13:09:53.000000+0000,1,24.012777777777778,2025-10-25T13:14:48.000000+0000,2025-10-25T13:14:48.000000+0000,1,24.014166666666668,2025-10-25T13:13:02.000000+0000,2025-10-25T13:13:02.000000+0000,1,24.01361111111111,4.916666666666667
2025-10-26,2025-10-26T13:09:51.000000+0000,2025-10-26T13:09:51.000000+0000,1,23.999444444444446,2025-10-26T13:14:55.000000+0000,2025-10-26T13:14:55.000000+0000,1,24.001944444444444,2025-10-26T13:13:06.000000+0000,2025-10-26T13:13:06.000000+0000,1,24.00111111111111,5.066666666666666
2025-10-27,2025-10-27T13:09:13.000000+0000,2025-10-27T13:09:13.000000+0000,1,23.989444444444445,2025-10-27T13:14:14.000000+0000,2025-10-27T13:14:14.000000+0000,1,23.988611111111112,2025-10-27T13:12:25.000000+0000,2025-10-27T13:12:25.000000+0000,1,23.988611111111112,5.016666666666667
2025-10-28,2025-10-28T13:09:40.000000+0000,2025-10-28T13:09:40.000000+0000,1,24.0075,2025-10-28T13:14:57.000000+0000,2025-10-28T13:14:57.000000+0000,1,24.011944444444445,2025-10-28T13:13:02.000000+0000,2025-10-28T13:13:02.000000+0000,1,24.010277777777777,5.283333333333333
2025-10-29,2025-10-29T13:09:39.000000+0000,2025-10-29T13:09:39.000000+0000,1,23.99972222222222,2025-10-29T13:14:57.000000+0000,2025-10-29T13:14:57.000000+0000,1,24.0,2025-10-29T13:13:00.000000+0000,2025-10-29T13:13:00.000000+0000,1,23.999444444444446,5.3
2025-10-30,2025-10-30T13:09:26.000000+0000,2025-10-30T13:09:26.000000+0000,1,23.996388888888887,2025-10-30T13:14:32.000000+0000,2025-10-30T13:14:32.000000+0000,1,23.993055555555557,2025-10-30T13:12:44.000000+0000,2025-10-30T13:12:44.000000+0000,1,23.995555555555555,5.1
2025-10-31,2025-10-31T13:09:24.000000+0000,2025-10-31T13:09:24.000000+0000,1,23.999444444444446,2025-10-31T13:14:49.000000+0000,2025-10-31T13:14:49.000000+0000,1,24.004722222222224,2025-10-31T13:13:00.000000+0000,2025-10-31T13:13:00.000000+0000,1,24.004444444444445,5.416666666666667
2025-11-01,2025-11-01T13:09:20.000000+0000,2025-11-01T13:09:20.000000+0000,1,23.99888888888889,,,,,,,,,
2025-11-02,2025-11-02T13:10:30.000000+0000,2025-11-02T13:10:30.000000+0000,1,24.019444444444446,,,,,,,,,
2025-11-03,2025-11-03T13:20:20.000000+0000,2025-11-03T13:20:20.000000+0000,1,24.163888888888888,2025-11-03T13:26:05.000000+0000,2025-11-03T13:26:05.000000+0000,1,72.18777777777778,2025-11-03T13:23:55.000000+0000,2025-11-03T13:23:55.000000+0000,1,72.18194444444444,5.75
2025-11-04,2025-11-04T13:09:44.000000+0000,2025-11-04T13:09:44.000000+0000,1,23.823333333333334,,,,,,,,,
2025-11-05,2025-11-05T13:09:52.000000+0000,2025-11-05T13:09:52.000000+0000,1,24.002222222222223,,,,,,,,,
2025-11-06,2025-11-06T13:09:59.000000+0000,2025-11-06T13:09:59.000000+0000,1,24.001944444444444,,,,,,,,,
2025-11-07,2025-11-07T13:09:08.000000+0000,2025-11-07T13:09:08.000000+0000,1,23.985833333333332,,,,,,,,,
2025-11-08,2025-11-08T13:08:28.000000+0000,2025-11-08T13:08:28.000000+0000,1,23.988888888888887,,,,,,,,,
2025-11-09,2025-11-09T13:09:06.000000+0000,2025-11-09T13:09:06.000000+0000,1,24.010555555555555,,,,,,,,,
2025-11-10,2025-11-10T13:08:59.000000+0000,2025-11-10T13:08:59.000000+0000,1,23.998055555555556,,,,,,,,,
2025-11-11,2025-11-11T13:09:37.000000+0000,2025-11-11T13:09:37.000000+0000,1,24.010555555555555,,,,,,,,,
2025-11-12,2025-11-12T13:09:36.000000+0000,2025-11-12T13:09:36.000000+0000,1,23.99972222222222,,,,,,,,,
2025-11-13,2025-11-13T13:10:24.000000+0000,2025-11-13T13:10:24.000000+0000,1,24.013333333333332,,,,,,,,,
2025-11-14,2025-11-14T13:10:04.000000+0000,2025-11-14T13:10:04.000000+0000,1,23.994444444444444,,,,,,,,,
2025-11-15,2025-11-15T13:09:44.000000+0000,2025-11-15T13:09:44.000000+0000,1,23.994444444444444,,,,,,,,,
2025-11-16,2025-11-16T13:09:10.000000+0000,2025-11-16T13:09:10.000000+0000,1,23.990555555555556,,,,,,,,,
2025-11-17,2025-11-17T13:10:30.000000+0000,2025-11-17T13:10:30.000000+0000,1,24.022222222222222,,,,,,,,,
2025-11-18,2025-11-18T13:08:41.000000+0000,2025-11-18T13:08:41.000000+0000,1,23.969722222222224,,,,,,,,,
2025-11-19,2025-11-19T13:10:05.000000+0000,2025-11-19T13:10:05.000000+0000,1,24.023333333333333,,,,,,,,,
2025-11-20,2025-11-20T13:09:18.000000+0000,2025-11-20T13:09:18.000000+0000,1,23.986944444444443,,,,,,,,,
2025-11-21,2025-11-21T13:09:50.000000+0000,2025-11-21T13:09:50.000000+0000,1,24.00888888888889,,,,,,,,,
2025-11-22,2025-11-22T13:09:24.000000+0000,2025-11-22T13:09:24.000000+0000,1,23.99277777777778,,,,,,,,,
2025-11-23,2025-11-23T13:09:12.000000+0000,2025-11-23T13:09:12.000000+0000,1,23.996666666666666,,,,,,,,,
2025-11-24,2025-11-24T17:46:15.000000+0000,2025-11-24T13:09:26.000000+0000,2,28.6175,2025-11-24T18:38:51.000000+0000,2025-11-24T18:38:51.000000+0000,1,509.2127777777778,2025-11-24T18:34:37.000000+0000,2025-11-24T18:34:37.000000+0000,1,509.17833333333334,52.6
2025-11-25,2025-11-25T13:08:08.000000+0000,2025-11-25T13:08:08.000000+0000,1,19.364722222222223,,,,,,,,,
2025-11-26,2025-11-26T13:09:32.000000+0000,2025-11-26T13:09:32.000000+0000,1,24.023333333333333,,,,,,,,,
2025-11-27,2025-11-27T13:09:42.000000+0000,2025-11-27T13:09:42.000000+0000,1,24.002777777777776,,,,,,,,,
2025-11-28,2025-11-28T13:09:35.000000+0000,2025-11-28T13:09:35.000000+0000,1,23.998055555555556,,,,,,,,,
2025-11-29,2025-11-29T13:09:25.000000+0000,2025-11-29T13:09:25.000000+0000,1,23.997222222222224,,,,,,,,,
2025-11-30,2025-11-30T13:09:09.000000+0000,2025-11-30T13:09:09.000000+0000,1,23.995555555555555,,,,,,,,,
2025-12-01,2025-12-01T13:08:09.000000+0000,2025-12-01T13:08:09.000000+0000,1,23.983333333333334,,,,,,,,,
2025-12-02,2025-12-02T13:08:15.000000+0000,2025-12-02T13:08:15.000000+0000,1,24.001666666666665,,,,,,,,,
2025-12-03,2025-12-03T13:08:55.000000+0000,2025-12-03T13:08:55.000000+0000,1,24.011111111111113,,,,,,,,,
2025-12-05,2025-12-05T00:26:47.000000+0000,2025-12-05T00:26:47.000000+0000,1,35.297777777777775,2025-12-05T00:41:13.000000+0000,2025-12-05T00:41:13.000000+0000,1,246.03944444444446,2025-12-05T00:35:34.000000+0000,2025-12-05T00:35:34.000000+0000,1,246.01583333333332,14.433333333333334
2025-12-09,2025-12-09T21:03:06.000000+0000,2025-12-09T21:03:06.000000+0000,1,116.60527777777777,2025-12-09T21:06:48.000000+0000,2025-12-09T21:06:48.000000+0000,1,116.4263888888889,2025-12-09T21:05:20.000000+0000,2025-12-09T21:05:20.000000+0000,1,116.4961111111111,3.6999999999999997
2025-12-10,2025-12-10T13:15:57.000000+0000,2025-12-10T13:15:57.000000+0000,1,16.214166666666667,2025-12-10T13:17:36.000000+0000,2025-12-10T13:17:36.000000+0000,1,16.18,2025-12-10T13:16:51.000000+0000,2025-12-10T13:16:51.000000+0000,1,16.191944444444445,1.65
2025-12-11,2025-12-11T13:16:14.000000+0000,2025-12-11T13:16:14.000000+0000,1,24.004722222222224,2025-12-11T13:17:57.000000+0000,2025-12-11T13:17:57.000000+0000,1,24.00583333333333,2025-12-11T13:17:12.000000+0000,2025-12-11T13:17:12.000000+0000,1,24.00583333333333,1.7166666666666666
2025-12-12,2025-12-12T13:16:35.000000+0000,2025-12-12T13:16:35.000000+0000,1,24.00583333333333,2025-12-12T13:18:27.000000+0000,2025-12-12T13:18:27.000000+0000,1,24.008333333333333,2025-12-12T13:17:37.000000+0000,2025-12-12T13:17:37.000000+0000,1,24.006944444444443,1.8666666666666667
2025-12-13,2025-12-13T13:15:34.000000+0000,2025-12-13T13:15:34.000000+0000,1,23.983055555555556,2025-12-13T13:17:12.000000+0000,2025-12-13T13:17:12.000000+0000,1,23.979166666666668,2025-12-13T13:16:26.000000+0000,2025-12-13T13:16:26.000000+0000,1,23.98027777777778,1.6333333333333333
2025-12-14,2025-12-14T13:16:49.000000+0000,2025-12-14T13:16:49.000000+0000,1,24.020833333333332,2025-12-14T13:18:23.000000+0000,2025-12-14T13:18:23.000000+0000,1,24.01972222222222,2025-12-14T13:17:39.000000+0000,2025-12-14T13:17:39.000000+0000,1,24.02027777777778,1.5666666666666667
2025-12-15,2025-12-15T13:19:34.000000+0000,2025-12-15T13:19:34.000000+0000,1,24.045833333333334,2025-12-15T13:21:16.000000+0000,2025-12-15T13:21:16.000000+0000,1,24.048055555555557,2025-12-15T13:20:32.000000+0000,2025-12-15T13:20:32.000000+0000,1,24.048055555555557,1.7
2025-12-16,2025-12-16T13:15:43.000000+0000,2025-12-16T13:15:43.000000+0000,1,23.935833333333335,2025-12-16T13:17:39.000000+0000,2025-12-16T13:17:39.000000+0000,1,23.939722222222223,2025-12-16T13:16:51.000000+0000,2025-12-16T13:16:51.000000+0000,1,23.93861111111111,1.9333333333333333
2025-12-17,2025-12-17T13:15:26.000000+0000,2025-12-17T13:15:26.000000+0000,1,23.995277777777776,2025-12-17T13:17:11.000000+0000,2025-12-17T13:17:11.000000+0000,1,23.99222222222222,2025-12-17T13:16:26.000000+0000,2025-12-17T13:16:26.000000+0000,1,23.993055555555557,1.75
2025-12-18,2025-12-18T13:17:11.000000+0000,2025-12-18T13:17:11.000000+0000,1,24.029166666666665,2025-12-18T13:19:20.000000+0000,2025-12-18T13:19:20.000000+0000,1,24.035833333333333,2025-12-18T13:18:18.000000+0000,2025-12-18T13:18:18.000000+0000,1,24.031111111111112,2.15
2025-12-19,2025-12-19T13:16:05.000000+0000,2025-12-19T13:16:05.000000+0000,1,23.981666666666666,2025-12-19T13:17:53.000000+0000,2025-12-19T13:17:53.000000+0000,1,23.975833333333334,2025-12-19T13:17:05.000000+0000,2025-12-19T13:17:05.000000+0000,1,23.97972222222222,1.8
2025-12-20,2025-12-20T13:16:11.000000+0000,2025-12-20T13:16:11.000000+0000,1,24.001666666666665,2025-12-20T13:18:09.000000+0000,2025-12-20T13:18:09.000000+0000,1,24.004444444444445,2025-12-20T13:17:14.000000+0000,2025-12-20T13:17:14.000000+0000,1,24.0025,1.9666666666666666
2025-12-21,2025-12-21T13:15:52.000000+0000,2025-12-21T13:15:52.000000+0000,1,23.994722222222222,2025-12-21T13:17:41.000000+0000,2025-12-21T13:17:41.000000+0000,1,23.99222222222222,2025-12-21T13:16:53.000000+0000,2025-12-21T13:16:53.000000+0000,1,23.99416666666667,1.8166666666666667
2025-12-22,2025-12-22T13:16:07.000000+0000,2025-12-22T13:16:07.000000+0000,1,24.004166666666666,2025-12-22T13:18:01.000000+0000,2025-12-22T13:18:01.000000+0000,1,24.005555555555556,2025-12-22T13:17:14.000000+0000,2025-12-22T13:17:14.000000+0000,1,24.00583333333333,1.9
2025-12-23,2025-12-23T13:16:10.000000+0000,2025-12-23T13:16:10.000000+0000,1,24.000833333333333,2025-12-23T13:17:54.000000+0000,2025-12-23T13:17:54.000000+0000,1,23.998055555555556,2025-12-23T13:17:02.000000+0000,2025-12-23T13:17:02.000000+0000,1,23.996666666666666,1.7333333333333334
2025-12-24,2025-12-24T13:15:37.000000+0000,2025-12-24T13:15:37.000000+0000,1,23.990833333333335,2025-12-24T13:17:20.000000+0000,2025-12-24T13:17:20.000000+0000,1,23.990555555555556,2025-12-24T13:16:36.000000+0000,2025-12-24T13:16:36.000000+0000,1,23.99277777777778,1.7166666666666666
2025-12-25,2025-12-25T13:15:02.000000+0000,2025-12-25T13:15:02.000000+0000,1,23.990277777777777,2025-12-25T13:16:59.000000+0000,2025-12-25T13:16:59.000000+0000,1,23.99416666666667,2025-12-25T13:16:05.000000+0000,2025-12-25T13:16:05.000000+0000,1,23.99138888888889,1.95
2025-12-26,2025-12-26T13:15:44.000000+0000,2025-12-26T13:15:44.000000+0000,1,24.011666666666667,2025-12-26T13:17:37.000000+0000,2025-12-26T13:17:37.000000+0000,1,24.010555555555555,2025-12-26T13:16:47.000000+0000,2025-12-26T13:16:47.000000+0000,1,24.011666666666667,1.8833333333333333
2025-12-27,2025-12-27T13:15:26.000000+0000,2025-12-27T13:15:26.000000+0000,1,23.995,2025-12-27T13:17:27.000000+0000,2025-12-27T13:17:27.000000+0000,1,23.997222222222224,2025-12-27T13:16:30.000000+0000,2025-12-27T13:16:30.000000+0000,1,23.995277777777776,2.0166666666666666
2025-12-28,2025-12-28T13:15:26.000000+0000,2025-12-28T13:15:26.000000+0000,1,24.0,2025-12-28T13:17:18.000000+0000,2025-12-28T13:17:18.000000+0000,1,23.9975,2025-12-28T13:16:32.000000+0000,2025-12-28T13:16:32.000000+0000,1,24.000555555555554,1.8666666666666667
2025-12-29,2025-12-29T13:15:30.000000+0000,2025-12-29T13:15:30.000000+0000,1,24.00111111111111,2025-12-29T13:17:23.000000+0000,2025-12-29T13:17:23.000000+0000,1,24.00138888888889,2025-12-29T13:16:35.000000+0000,2025-12-29T13:16:35.000000+0000,1,24.000833333333333,1.8833333333333333
2025-12-30,2025-12-30T13:16:08.000000+0000,2025-12-30T13:16:08.000000+0000,1,24.010555555555555,2025-12-30T13:17:57.000000+0000,2025-12-30T13:17:57.000000+0000,1,24.009444444444444,2025-12-30T13:17:11.000000+0000,2025-12-30T13:17:11.000000+0000,1,24.01,1.8166666666666667
2025-12-31,2025-12-31T13:16:15.000000+0000,2025-12-31T13:16:15.000000+0000,1,24.001944444444444,2025-12-31T13:18:10.000000+0000,2025-12-31T13:18:10.000000+0000,1,24.003611111111113,2025-12-31T13:17:21.000000+0000,2025-12-31T13:17:21.000000+0000,1,24.002777777777776,1.9166666666666667
2026-01-01,2026-01-01T13:16:09.000000+0000,2026-01-01T13:16:09.000000+0000,1,23.998333333333335,2026-01-01T13:18:05.000000+0000,2026-01-01T13:18:05.000000+0000,1,23.99861111111111,2026-01-01T13:17:16.000000+0000,2026-01-01T13:17:16.000000+0000,1,23.99861111111111,1.9333333333333333
2026-01-02,2026-01-02T13:17:18.000000+0000,2026-01-02T13:17:18.000000+0000,1,24.019166666666667,2026-01-02T13:19:15.000000+0000,2026-01-02T13:19:15.000000+0000,1,24.019444444444446,2026-01-02T13:18:28.000000+0000,2026-01-02T13:18:28.000000+0000,1,24.02,1.95
2026-01-03,2026-01-03T13:17:40.000000+0000,2026-01-03T13:17:40.000000+0000,1,24.00611111111111,2026-01-03T13:19:37.000000+0000,2026-01-03T13:19:37.000000+0000,1,24.00611111111111,2026-01-03T13:18:49.000000+0000,2026-01-03T13:18:49.000000+0000,1,24.00583333333333,1.95
2026-01-04,2026-01-04T13:25:17.000000+0000,2026-01-04T13:25:17.000000+0000,1,24.126944444444444,2026-01-04T13:27:39.000000+0000,2026-01-04T13:27:39.000000+0000,1,24.13388888888889,2026-01-04T13:26:32.000000+0000,2026-01-04T13:26:32.000000+0000,1,24.128611111111113,2.3666666666666667
2026-01-05,2026-01-05T13:19:30.000000+0000,2026-01-05T13:19:30.000000+0000,1,23.90361111111111,2026-01-05T13:21:31.000000+0000,2026-01-05T13:21:31.000000+0000,1,23.897777777777776,2026-01-05T13:20:41.000000+0000,2026-01-05T13:20:41.000000+0000,1,23.9025,2.0166666666666666
2026-01-06,2026-01-06T13:16:03.000000+0000,2026-01-06T13:16:03.000000+0000,1,23.9425,2026-01-06T13:17:51.000000+0000,2026-01-06T13:17:51.000000+0000,1,23.93888888888889,2026-01-06T13:17:03.000000+0000,2026-01-06T13:17:03.000000+0000,1,23.939444444444444,1.8
2026-01-07,2026-01-07T13:16:00.000000+0000,2026-01-07T13:16:00.000000+0000,1,23.999166666666667,2026-01-07T13:17:51.000000+0000,2026-01-07T13:17:51.000000+0000,1,24.0,2026-01-07T13:17:02.000000+0000,2026-01-07T13:17:02.000000+0000,1,23.99972222222222,1.8499999999999999
2026-01-08,2026-01-08T13:17:33.000000+0000,2026-01-08T13:17:33.000000+0000,1,24.025833333333335,2026-01-08T13:19:28.000000+0000,2026-01-08T13:19:28.000000+0000,1,24.026944444444446,2026-01-08T13:18:40.000000+0000,2026-01-08T13:18:40.000000+0000,1,24.02722222222222,1.9166666666666667
2026-01-09,2026-01-09T13:17:40.000000+0000,2026-01-09T13:17:40.000000+0000,1,24.001944444444444,2026-01-09T13:19:37.000000+0000,2026-01-09T13:19:37.000000+0000,1,24.0025,2026-01-09T13:18:41.000000+0000,2026-01-09T13:18:41.000000+0000,1,24.00027777777778,1.95
2026-01-10,2026-01-10T13:16:23.000000+0000,2026-01-10T13:16:23.000000+0000,1,23.97861111111111,2026-01-10T13:18:20.000000+0000,2026-01-10T13:18:20.000000+0000,1,23.97861111111111,2026-01-10T13:17:31.000000+0000,2026-01-10T13:17:31.000000+0000,1,23.980555555555554,1.95
2026-01-11,2026-01-11T13:17:29.000000+0000,2026-01-11T13:17:29.000000+0000,1,24.018333333333334,2026-01-11T13:19:20.000000+0000,2026-01-11T13:19:20.000000+0000,1,24.016666666666666,2026-01-11T13:18:33.000000+0000,2026-01-11T13:18:33.000000+0000,1,24.017222222222223,1.8499999999999999
2026-01-12,2026-01-12T13:16:43.000000+0000,2026-01-12T13:16:43.000000+0000,1,23.987222222222222,2026-01-12T13:18:42.000000+0000,2026-01-12T13:18:42.000000+0000,1,23.989444444444445,2026-01-12T13:17:55.000000+0000,2026-01-12T13:17:55.000000+0000,1,23.989444444444445,1.9833333333333334
2026-01-13,2026-01-13T13:16:29.000000+0000,2026-01-13T13:16:29.000000+0000,1,23.996111111111112,2026-01-13T13:18:23.000000+0000,2026-01-13T13:18:23.000000+0000,1,23.994722222222222,2026-01-13T13:17:35.000000+0000,2026-01-13T13:17:35.000000+0000,1,23.994444444444444,1.9
2026-01-14,2026-01-14T13:17:25.000000+0000,2026-01-14T13:17:25.000000+0000,1,24.015555555555554,2026-01-14T13:19:24.000000+0000,2026-01-14T13:19:24.000000+0000,1,24.016944444444444,2026-01-14T13:18:30.000000+0000,2026-01-14T13:18:30.000000+0000,1,24.01527777777778,1.9833333333333334
2026-01-15,2026-01-15T13:17:53.000000+0000,2026-01-15T13:17:53.000000+0000,1,24.00777777777778,2026-01-15T13:19:50.000000+0000,2026-01-15T13:19:50.000000+0000,1,24.00722222222222,2026-01-15T13:18:58.000000+0000,2026-01-15T13:18:58.000000+0000,1,24.00777777777778,1.95
2026-01-16,2026-01-16T13:17:18.000000+0000,2026-01-16T13:17:18.000000+0000,1,23.990277777777777,2026-01-16T13:19:20.000000+0000,2026-01-16T13:19:20.000000+0000,1,23.991666666666667,2026-01-16T13:18:29.000000+0000,2026-01-16T13:18:29.000000+0000,1,23.991944444444446,2.033333333333333
2026-01-17,2026-01-17T13:15:27.000000+0000,2026-01-17T13:15:27.000000+0000,1,23.969166666666666,2026-01-17T13:16:28.000000+0000,2026-01-17T13:16:28.000000+0000,1,23.952222222222222,2026-01-17T13:15:29.000000+0000,2026-01-17T13:15:29.000000+0000,1,23.95,1.0166666666666666
2026-01-18,2026-01-18T13:16:11.000000+0000,2026-01-18T13:16:11.000000+0000,1,24.01222222222222,2026-01-18T13:17:15.000000+0000,2026-01-18T13:17:15.000000+0000,1,24.013055555555557,2026-01-18T13:16:13.000000+0000,2026-01-18T13:16:13.000000+0000,1,24.01222222222222,1.0666666666666667
2026-01-19,2026-01-19T13:18:52.000000+0000,2026-01-19T13:18:52.000000+0000,1,24.044722222222223,2026-01-19T13:20:26.000000+0000,2026-01-19T13:20:26.000000+0000,1,24.053055555555556,2026-01-19T13:18:54.000000+0000,2026-01-19T13:18:54.000000+0000,1,24.044722222222223,1.5666666666666667
2026-01-20,2026-01-20T13:15:12.000000+0000,2026-01-20T13:15:12.000000+0000,1,23.93888888888889,2026-01-20T13:16:11.000000+0000,2026-01-20T13:16:11.000000+0000,1,23.929166666666667,2026-01-20T13:15:15.000000+0000,2026-01-20T13:15:15.000000+0000,1,23.939166666666665,0.9833333333333333
2026-01-21,2026-01-21T13:14:36.000000+0000,2026-01-21T13:14:36.000000+0000,1,23.99,2026-01-21T13:15:36.000000+0000,2026-01-21T13:15:36.000000+0000,1,23.990277777777777,2026-01-21T13:14:37.000000+0000,2026-01-21T13:14:37.000000+0000,1,23.989444444444445,1.0
2026-01-22,2026-01-22T13:14:13.000000+0000,2026-01-22T13:14:13.000000+0000,1,23.99361111111111,2026-01-22T13:15:06.000000+0000,2026-01-22T13:15:06.000000+0000,1,23.991666666666667,2026-01-22T13:14:15.000000+0000,2026-01-22T13:14:15.000000+0000,1,23.99388888888889,0.8833333333333333
2026-01-23,2026-01-23T13:16:23.000000+0000,2026-01-23T13:16:23.000000+0000,1,24.03611111111111,2026-01-23T13:18:15.000000+0000,2026-01-23T13:18:15.000000+0000,1,24.0525,2026-01-23T13:17:25.000000+0000,2026-01-23T13:17:25.000000+0000,1,24.052777777777777,1.8666666666666667
2026-01-24,2026-01-24T13:16:42.000000+0000,2026-01-24T13:16:42.000000+0000,1,24.005277777777778,2026-01-24T13:18:43.000000+0000,2026-01-24T13:18:43.000000+0000,1,24.00777777777778,2026-01-24T13:17:53.000000+0000,2026-01-24T13:17:53.000000+0000,1,24.00777777777778,2.0166666666666666
2026-01-25,2026-01-25T13:17:33.000000+0000,2026-01-25T13:17:33.000000+0000,1,24.014166666666668,2026-01-25T13:19:37.000000+0000,2026-01-25T13:19:37.000000+0000,1,24.015,2026-01-25T13:18:44.000000+0000,2026-01-25T13:18:44.000000+0000,1,24.014166666666668,2.0666666666666664
2026-01-26,2026-01-26T13:16:48.000000+0000,2026-01-26T13:16:48.000000+0000,1,23.9875,2026-01-26T13:18:41.000000+0000,2026-01-26T13:18:41.000000+0000,1,23.984444444444446,2026-01-26T13:17:50.000000+0000,2026-01-26T13:17:50.000000+0000,1,23.985,1.8833333333333333
2026-01-27,2026-01-27T13:16:37.000000+0000,2026-01-27T13:16:37.000000+0000,1,23.996944444444445,2026-01-27T13:18:38.000000+0000,2026-01-27T13:18:38.000000+0000,1,23.999166666666667,2026-01-27T13:17:44.000000+0000,2026-01-27T13:17:44.000000+0000,1,23.998333333333335,2.0166666666666666
2026-01-28,2026-01-28T13:38:59.000000+0000,2026-01-28T13:38:59.000000+0000,1,24.372777777777777,2026-01-28T13:41:01.000000+0000,2026-01-28T13:41:01.000000+0000,1,24.373055555555556,2026-01-28T13:40:09.000000+0000,2026-01-28T13:40:09.000000+0000,1,24.37361111111111,2.033333333333333
2026-01-29,2026-01-29T13:30:37.000000+0000,2026-01-29T13:30:37.000000+0000,1,23.860555555555557,2026-01-29T13:32:46.000000+0000,2026-01-29T13:32:46.000000+0000,1,23.8625,2026-01-29T13:31:52.000000+0000,2026-01-29T13:31:52.000000+0000,1,23.861944444444443,2.15
2026-01-30,2026-01-30T13:37:59.000000+0000,2026-01-30T13:37:59.000000+0000,1,24.122777777777777,2026-01-30T13:39:53.000000+0000,2026-01-30T13:39:53.000000+0000,1,24.11861111111111,2026-01-30T13:38:58.000000+0000,2026-01-30T13:38:58.000000+0000,1,24.118333333333332,1.9
2026-02-01,2026-02-01T13:16:13.000000+0000,2026-02-01T13:16:13.000000+0000,1,47.63722222222222,2026-02-01T13:18:16.000000+0000,2026-02-01T13:18:16.000000+0000,1,47.639722222222225,2026-02-01T13:17:21.000000+0000,2026-02-01T13:17:21.000000+0000,1,47.639722222222225,2.05
2026-02-02,2026-02-02T13:16:37.000000+0000,2026-02-02T13:16:37.000000+0000,1,24.006666666666668,2026-02-02T13:18:40.000000+0000,2026-02-02T13:18:40.000000+0000,1,24.006666666666668,2026-02-02T13:17:44.000000+0000,2026-02-02T13:17:44.000000+0000,1,24.00638888888889,2.05
2026-02-03,2026-02-03T13:16:59.000000+0000,2026-02-03T13:16:59.000000+0000,1,24.00611111111111,2026-02-03T13:18:55.000000+0000,2026-02-03T13:18:55.000000+0000,1,24.004166666666666,2026-02-03T13:18:00.000000+0000,2026-02-03T13:18:00.000000+0000,1,24.004444444444445,1.9333333333333333
2026-02-04,2026-02-04T13:17:44.000000+0000,2026-02-04T13:17:44.000000+0000,1,24.0125,2026-02-04T13:19:44.000000+0000,2026-02-04T13:19:44.000000+0000,1,24.01361111111111,2026-02-04T13:18:51.000000+0000,2026-02-04T13:18:51.000000+0000,1,24.014166666666668,2.0
2026-02-05,2026-02-05T13:18:24.000000+0000,2026-02-05T13:18:24.000000+0000,1,24.011111111111113,2026-02-05T13:20:17.000000+0000,2026-02-05T13:20:17.000000+0000,1,24.009166666666665,2026-02-05T13:19:24.000000+0000,2026-02-05T13:19:24.000000+0000,1,24.009166666666665,1.8833333333333333
2026-02-06,2026-02-06T13:16:33.000000+0000,2026-02-06T13:16:33.000000+0000,1,23.969166666666666,2026-02-06T13:18:21.000000+0000,2026-02-06T13:18:21.000000+0000,1,23.967777777777776,2026-02-06T13:17:31.000000+0000,2026-02-06T13:17:31.000000+0000,1,23.968611111111112,1.8
2026-02-07,2026-02-07T13:17:12.000000+0000,2026-02-07T13:17:12.000000+0000,1,24.010833333333334,2026-02-07T13:19:11.000000+0000,2026-02-07T13:19:11.000000+0000,1,24.01388888888889,2026-02-07T13:18:15.000000+0000,2026-02-07T13:18:15.000000+0000,1,24.01222222222222,1.9833333333333334
2026-02-08,2026-02-08T13:16:37.000000+0000,2026-02-08T13:16:37.000000+0000,1,23.990277777777777,2026-02-08T13:18:28.000000+0000,2026-02-08T13:18:28.000000+0000,1,23.988055555555555,2026-02-08T13:17:38.000000+0000,2026-02-08T13:17:38.000000+0000,1,23.989722222222223,1.8499999999999999
2026-02-09,2026-02-09T13:16:16.000000+0000,2026-02-09T13:16:16.000000+0000,1,23.99416666666667,2026-02-09T13:18:08.000000+0000,2026-02-09T13:18:08.000000+0000,1,23.994444444444444,2026-02-09T13:17:15.000000+0000,2026-02-09T13:17:15.000000+0000,1,23.99361111111111,1.8666666666666667
2026-02-10,2026-02-10T13:18:04.000000+0000,2026-02-10T13:18:04.000000+0000,1,24.03,2026-02-10T13:20:03.000000+0000,2026-02-10T13:20:03.000000+0000,1,24.031944444444445,2026-02-10T13:19:04.000000+0000,2026-02-10T13:19:04.000000+0000,1,24.030277777777776,1.9833333333333334
2026-02-11,2026-02-11T13:16:48.000000+0000,2026-02-11T13:16:48.000000+0000,1,23.97888888888889,2026-02-11T13:18:38.000000+0000,2026-02-11T13:18:38.000000+0000,1,23.976388888888888,2026-02-11T13:17:49.000000+0000,2026-02-11T13:17:49.000000+0000,1,23.979166666666668,1.8333333333333333
2026-02-12,2026-02-12T13:16:29.000000+0000,2026-02-12T13:16:29.000000+0000,1,23.994722222222222,2026-02-12T13:18:21.000000+0000,2026-02-12T13:18:21.000000+0000,1,23.995277777777776,2026-02-12T13:17:30.000000+0000,2026-02-12T13:17:30.000000+0000,1,23.994722222222222,1.8666666666666667
2026-02-13,2026-02-13T13:16:37.000000+0000,2026-02-13T13:16:37.000000+0000,1,24.002222222222223,2026-02-13T13:18:27.000000+0000,2026-02-13T13:18:27.000000+0000,1,24.001666666666665,2026-02-13T13:17:36.000000+0000,2026-02-13T13:17:36.000000+0000,1,24.001666666666665,1.8333333333333333
2026-02-14,2026-02-14T13:16:06.000000+0000,2026-02-14T13:16:06.000000+0000,1,23.99138888888889,2026-02-14T13:17:54.000000+0000,2026-02-14T13:17:54.000000+0000,1,23.990833333333335,2026-02-14T13:17:03.000000+0000,2026-02-14T13:17:03.000000+0000,1,23.990833333333335,1.8
2026-02-15,2026-02-15T13:16:29.000000+0000,2026-02-15T13:16:29.000000+0000,1,24.00638888888889,2026-02-15T13:18:23.000000+0000,2026-02-15T13:18:23.000000+0000,1,24.008055555555554,2026-02-15T13:17:28.000000+0000,2026-02-15T13:17:28.000000+0000,1,24.006944444444443,1.9
2026-02-16,2026-02-16T13:16:13.000000+0000,2026-02-16T13:16:13.000000+0000,1,23.995555555555555,2026-02-16T13:18:13.000000+0000,2026-02-16T13:18:13.000000+0000,1,23.997222222222224,2026-02-16T13:17:18.000000+0000,2026-02-16T13:17:18.000000+0000,1,23.997222222222224,2.0
2026-02-17,2026-02-17T13:17:15.000000+0000,2026-02-17T13:17:15.000000+0000,1,24.017222222222223,2026-02-17T13:19:27.000000+0000,2026-02-17T13:19:27.000000+0000,1,24.020555555555557,2026-02-17T13:18:24.000000+0000,2026-02-17T13:18:24.000000+0000,1,24.018333333333334,2.2
2026-02-18,2026-02-18T16:23:14.000000+0000,2026-02-18T13:17:22.000000+0000,2,27.099722222222223,2026-02-18T16:24:41.000000+0000,2026-02-18T13:19:15.000000+0000,2,27.087222222222223,2026-02-18T16:24:00.000000+0000,2026-02-18T13:18:22.000000+0000,2,27.093333333333334,1.45
2026-02-19,2026-02-19T13:16:37.000000+0000,2026-02-19T13:16:37.000000+0000,1,20.889722222222222,2026-02-19T13:18:14.000000+0000,2026-02-19T13:18:14.000000+0000,1,20.8925,2026-02-19T13:17:22.000000+0000,2026-02-19T13:17:22.000000+0000,1,20.889444444444443,1.6166666666666667
2026-02-20,2026-02-20T13:32:51.000000+0000,2026-02-20T13:32:51.000000+0000,1,24.270555555555557,2026-02-20T13:34:37.000000+0000,2026-02-20T13:34:37.000000+0000,1,24.273055555555555,2026-02-20T13:33:44.000000+0000,2026-02-20T13:33:44.000000+0000,1,24.272777777777776,1.7666666666666666
2026-02-21,2026-02-21T13:16:33.000000+0000,2026-02-21T13:16:33.000000+0000,1,23.72833333333333,2026-02-21T13:18:19.000000+0000,2026-02-21T13:18:19.000000+0000,1,23.72833333333333,2026-02-21T13:17:29.000000+0000,2026-02-21T13:17:29.000000+0000,1,23.729166666666668,1.7666666666666666
2026-02-22,2026-02-22T13:17:10.000000+0000,2026-02-22T13:17:10.000000+0000,1,24.010277777777777,2026-02-22T13:18:57.000000+0000,2026-02-22T13:18:57.000000+0000,1,24.010555555555555,2026-02-22T13:18:04.000000+0000,2026-02-22T13:18:04.000000+0000,1,24.009722222222223,1.7833333333333332
2026-02-23,2026-02-23T13:17:00.000000+0000,2026-02-23T13:17:00.000000+0000,1,23.997222222222224,2026-02-23T13:18:53.000000+0000,2026-02-23T13:18:53.000000+0000,1,23.99888888888889,2026-02-23T13:18:03.000000+0000,2026-02-23T13:18:03.000000+0000,1,23.99972222222222,1.8833333333333333
2026-02-24,2026-02-24T13:19:16.000000+0000,2026-02-24T13:19:16.000000+0000,1,24.037777777777777,2026-02-24T13:21:03.000000+0000,2026-02-24T13:21:03.000000+0000,1,24.03611111111111,2026-02-24T13:20:10.000000+0000,2026-02-24T13:20:10.000000+0000,1,24.03527777777778,1.7833333333333332
2026-02-25,2026-02-25T13:18:25.000000+0000,2026-02-25T13:18:25.000000+0000,1,23.985833333333332,2026-02-25T13:20:20.000000+0000,2026-02-25T13:20:20.000000+0000,1,23.988055555555555,2026-02-25T13:19:19.000000+0000,2026-02-25T13:19:19.000000+0000,1,23.985833333333332,1.9166666666666667
2026-02-26,2026-02-26T13:22:52.000000+0000,2026-02-26T13:22:52.000000+0000,1,24.074166666666667,2026-02-26T13:24:47.000000+0000,2026-02-26T13:24:47.000000+0000,1,24.074166666666667,2026-02-26T13:23:54.000000+0000,2026-02-26T13:23:54.000000+0000,1,24.07638888888889,1.9166666666666667
2026-02-27,2026-02-27T13:16:50.000000+0000,2026-02-27T13:16:50.000000+0000,1,23.899444444444445,2026-02-27T13:18:37.000000+0000,2026-02-27T13:18:37.000000+0000,1,23.897222222222222,2026-02-27T13:17:40.000000+0000,2026-02-27T13:17:40.000000+0000,1,23.89611111111111,1.7833333333333332
2026-02-28,2026-02-28T13:16:12.000000+0000,2026-02-28T13:16:12.000000+0000,1,23.989444444444445,2026-02-28T13:18:05.000000+0000,2026-02-28T13:18:05.000000+0000,1,23.99111111111111,2026-02-28T13:17:07.000000+0000,2026-02-28T13:17:07.000000+0000,1,23.990833333333335,1.8833333333333333
2026-03-01,2026-03-01T13:16:52.000000+0000,2026-03-01T13:16:52.000000+0000,1,24.011111111111113,2026-03-01T13:19:03.000000+0000,2026-03-01T13:19:03.000000+0000,1,24.016111111111112,2026-03-01T13:18:04.000000+0000,2026-03-01T13:18:04.000000+0000,1,24.015833333333333,2.183333333333333
2026-03-02,2026-03-02T13:16:17.000000+0000,2026-03-02T13:16:17.000000+0000,1,23.990277777777777,2026-03-02T13:18:06.000000+0000,2026-03-02T13:18:06.000000+0000,1,23.984166666666667,2026-03-02T13:17:11.000000+0000,2026-03-02T13:17:11.000000+0000,1,23.985277777777778,1.8166666666666667
2026-03-03,2026-03-03T13:16:08.000000+0000,2026-03-03T13:16:08.000000+0000,1,23.9975,2026-03-03T13:17:59.000000+0000,2026-03-03T13:17:59.000000+0000,1,23.998055555555556,2026-03-03T13:17:02.000000+0000,2026-03-03T13:17:02.000000+0000,1,23.9975,1.8499999999999999
2026-03-04,2026-03-04T13:16:06.000000+0000,2026-03-04T13:16:06.000000+0000,1,23.999444444444446,2026-03-04T13:17:56.000000+0000,2026-03-04T13:17:56.000000+0000,1,23.999166666666667,2026-03-04T13:17:03.000000+0000,2026-03-04T13:17:03.000000+0000,1,24.00027777777778,1.8333333333333333
2026-03-05,2026-03-05T13:16:47.000000+0000,2026-03-05T13:16:47.000000+0000,1,24.011388888888888,2026-03-05T13:18:46.000000+0000,2026-03-05T13:18:46.000000+0000,1,24.01388888888889,2026-03-05T13:17:45.000000+0000,2026-03-05T13:17:45.000000+0000,1,24.011666666666667,1.9833333333333334
2026-03-06,2026-03-06T13:15:35.000000+0000,2026-03-06T13:15:35.000000+0000,1,23.98,2026-03-06T13:17:19.000000+0000,2026-03-06T13:17:19.000000+0000,1,23.975833333333334,2026-03-06T13:16:28.000000+0000,2026-03-06T13:16:28.000000+0000,1,23.97861111111111,1.7333333333333334
2026-03-07,2026-03-07T13:15:51.000000+0000,2026-03-07T13:15:51.000000+0000,1,24.004444444444445,2026-03-07T13:17:44.000000+0000,2026-03-07T13:17:44.000000+0000,1,24.006944444444443,2026-03-07T13:16:50.000000+0000,2026-03-07T13:16:50.000000+0000,1,24.00611111111111,1.8833333333333333
2026-03-08,2026-03-08T13:15:41.000000+0000,2026-03-08T13:15:41.000000+0000,1,23.997222222222224,2026-03-08T13:17:21.000000+0000,2026-03-08T13:17:21.000000+0000,1,23.99361111111111,2026-03-08T13:16:30.000000+0000,2026-03-08T13:16:30.000000+0000,1,23.994444444444444,1.6666666666666667
2026-03-09,2026-03-09T13:16:43.000000+0000,2026-03-09T13:16:43.000000+0000,1,24.017222222222223,2026-03-09T13:18:33.000000+0000,2026-03-09T13:18:33.000000+0000,1,24.02,2026-03-09T13:17:39.000000+0000,2026-03-09T13:17:39.000000+0000,1,24.019166666666667,1.8333333333333333
2026-03-10,2026-03-10T13:17:17.000000+0000,2026-03-10T13:17:17.000000+0000,1,24.009444444444444,2026-03-10T13:19:01.000000+0000,2026-03-10T13:19:01.000000+0000,1,24.00777777777778,2026-03-10T13:18:05.000000+0000,2026-03-10T13:18:05.000000+0000,1,24.00722222222222,1.7333333333333334
2026-03-11,2026-03-11T17:02:18.000000+0000,2026-03-11T13:17:07.000000+0000,2,27.75027777777778,2026-03-11T17:04:15.000000+0000,2026-03-11T13:19:01.000000+0000,2,27.753888888888888,2026-03-11T17:03:18.000000+0000,2026-03-11T13:18:08.000000+0000,2,27.753611111111113,1.95
2026-03-12,2026-03-12T13:18:04.000000+0000,2026-03-12T13:18:04.000000+0000,1,20.262777777777778,2026-03-12T13:20:04.000000+0000,2026-03-12T13:20:04.000000+0000,1,20.26361111111111,2026-03-12T13:19:02.000000+0000,2026-03-12T13:19:02.000000+0000,1,20.26222222222222,2.0
2026-03-13,2026-03-13T13:17:39.000000+0000,2026-03-13T13:17:39.000000+0000,1,23.993055555555557,2026-03-13T13:19:47.000000+0000,2026-03-13T13:19:47.000000+0000,1,23.995277777777776,2026-03-13T13:18:43.000000+0000,2026-03-13T13:18:43.000000+0000,1,23.994722222222222,2.1333333333333333
2026-03-14,2026-03-14T13:17:23.000000+0000,2026-03-14T13:17:23.000000+0000,1,23.995555555555555,2026-03-14T13:19:15.000000+0000,2026-03-14T13:19:15.000000+0000,1,23.99111111111111,2026-03-14T13:18:19.000000+0000,2026-03-14T13:18:19.000000+0000,1,23.993333333333332,1.8666666666666667
2026-03-15,2026-03-15T13:18:07.000000+0000,2026-03-15T13:18:07.000000+0000,1,24.01222222222222,2026-03-15T13:20:10.000000+0000,2026-03-15T13:20:10.000000+0000,1,24.01527777777778,2026-03-15T13:19:10.000000+0000,2026-03-15T13:19:10.000000+0000,1,24.014166666666668,2.05
2026-03-16,2026-03-16T13:19:28.000000+0000,2026-03-16T13:19:28.000000+0000,1,24.0225,2026-03-16T13:21:21.000000+0000,2026-03-16T13:21:21.000000+0000,1,24.01972222222222,2026-03-16T13:20:21.000000+0000,2026-03-16T13:20:21.000000+0000,1,24.01972222222222,1.8833333333333333
2026-03-18,2026-03-18T13:18:02.000000+0000,2026-03-18T13:18:02.000000+0000,1,47.97611111111111,2026-03-18T13:19:55.000000+0000,2026-03-18T13:19:55.000000+0000,1,47.97611111111111,2026-03-18T13:18:59.000000+0000,2026-03-18T13:18:59.000000+0000,1,47.977222222222224,1.8833333333333333
2026-03-19,2026-03-19T13:18:15.000000+0000,2026-03-19T13:18:15.000000+0000,1,24.003611111111113,2026-03-19T13:20:22.000000+0000,2026-03-19T13:20:22.000000+0000,1,24.0075,2026-03-19T13:19:20.000000+0000,2026-03-19T13:19:20.000000+0000,1,24.00583333333333,2.1166666666666667
2026-03-20,2026-03-20T13:19:14.000000+0000,2026-03-20T13:19:14.000000+0000,1,24.01638888888889,2026-03-20T13:21:14.000000+0000,2026-03-20T13:21:14.000000+0000,1,24.014444444444443,2026-03-20T13:20:10.000000+0000,2026-03-20T13:20:10.000000+0000,1,24.01388888888889,2.0
2026-03-21,2026-03-21T13:17:37.000000+0000,2026-03-21T13:17:37.000000+0000,1,23.973055555555554,2026-03-21T13:19:20.000000+0000,2026-03-21T13:19:20.000000+0000,1,23.968333333333334,2026-03-21T13:18:26.000000+0000,2026-03-21T13:18:26.000000+0000,1,23.97111111111111,1.7166666666666666
2026-03-22,2026-03-22T13:17:25.000000+0000,2026-03-22T13:17:25.000000+0000,1,23.996666666666666,2026-03-22T13:19:17.000000+0000,2026-03-22T13:19:17.000000+0000,1,23.999166666666667,2026-03-22T13:18:21.000000+0000,2026-03-22T13:18:21.000000+0000,1,23.99861111111111,1.8666666666666667
2026-03-23,2026-03-23T13:19:25.000000+0000,2026-03-23T13:19:25.000000+0000,1,24.033333333333335,2026-03-23T13:21:25.000000+0000,2026-03-23T13:21:25.000000+0000,1,24.035555555555554,2026-03-23T13:20:29.000000+0000,2026-03-23T13:20:29.000000+0000,1,24.035555555555554,2.0
2026-03-24,2026-03-24T13:18:30.000000+0000,2026-03-24T13:18:30.000000+0000,1,23.98472222222222,2026-03-24T13:20:24.000000+0000,2026-03-24T13:20:24.000000+0000,1,23.983055555555556,2026-03-24T13:19:29.000000+0000,2026-03-24T13:19:29.000000+0000,1,23.983333333333334,1.9
2026-03-25,2026-03-25T13:17:54.000000+0000,2026-03-25T13:17:54.000000+0000,1,23.99,2026-03-25T13:19:50.000000+0000,2026-03-25T13:19:50.000000+0000,1,23.990555555555556,2026-03-25T13:18:54.000000+0000,2026-03-25T13:18:54.000000+0000,1,23.990277777777777,1.9333333333333333
2026-03-26,2026-03-26T13:18:40.000000+0000,2026-03-26T13:18:40.000000+0000,1,24.012777777777778,2026-03-26T13:20:33.000000+0000,2026-03-26T13:20:33.000000+0000,1,24.011944444444445,2026-03-26T13:19:38.000000+0000,2026-03-26T13:19:38.000000+0000,1,24.01222222222222,1.8833333333333333
2026-03-27,2026-03-27T13:18:08.000000+0000,2026-03-27T13:18:08.000000+0000,1,23.99111111111111,2026-03-27T13:20:05.000000+0000,2026-03-27T13:20:05.000000+0000,1,23.99222222222222,2026-03-27T13:19:07.000000+0000,2026-03-27T13:19:07.000000+0000,1,23.99138888888889,1.95
2026-03-28,2026-03-28T13:17:36.000000+0000,2026-03-28T13:17:36.000000+0000,1,23.99111111111111,2026-03-28T13:19:33.000000+0000,2026-03-28T13:19:33.000000+0000,1,23.99111111111111,2026-03-28T13:18:38.000000+0000,2026-03-28T13:18:38.000000+0000,1,23.991944444444446,1.95
2026-03-29,2026-03-29T13:17:39.000000+0000,2026-03-29T13:17:39.000000+0000,1,24.000833333333333,2026-03-29T13:19:39.000000+0000,2026-03-29T13:19:39.000000+0000,1,24.001666666666665,2026-03-29T13:18:41.000000+0000,2026-03-29T13:18:41.000000+0000,1,24.000833333333333,2.0
2026-03-30,2026-03-30T13:18:26.000000+0000,2026-03-30T13:18:26.000000+0000,1,24.013055555555557,2026-03-30T13:20:33.000000+0000,2026-03-30T13:20:33.000000+0000,1,24.015,2026-03-30T13:19:36.000000+0000,2026-03-30T13:19:36.000000+0000,1,24.01527777777778,2.1166666666666667
2026-03-31,2026-03-31T13:18:11.000000+0000,2026-03-31T13:18:11.000000+0000,1,23.995833333333334,2026-03-31T13:20:09.000000+0000,2026-03-31T13:20:09.000000+0000,1,23.993333333333332,2026-03-31T13:19:16.000000+0000,2026-03-31T13:19:16.000000+0000,1,23.994444444444444,1.9666666666666666
2026-04-01,2026-04-01T13:19:32.000000+0000,2026-04-01T13:19:32.000000+0000,1,24.0225,2026-04-01T13:21:23.000000+0000,2026-04-01T13:21:23.000000+0000,1,24.020555555555557,2026-04-01T13:20:25.000000+0000,2026-04-01T13:20:25.000000+0000,1,24.019166666666667,1.8499999999999999
2026-04-18,2026-04-18T13:18:53.000000+0000,2026-04-18T13:18:53.000000+0000,1,407.9891666666667,2026-04-18T13:20:56.000000+0000,2026-04-18T13:20:56.000000+0000,1,407.9925,2026-04-18T13:19:59.000000+0000,2026-04-18T13:19:59.000000+0000,1,407.9927777777778,2.05
2026-04-19,2026-04-19T13:18:09.000000+0000,2026-04-19T13:18:09.000000+0000,1,23.98777777777778,2026-04-19T13:20:15.000000+0000,2026-04-19T13:20:15.000000+0000,1,23.988611111111112,2026-04-19T13:19:18.000000+0000,2026-04-19T13:19:18.000000+0000,1,23.988611111111112,2.1
2026-04-20,2026-04-20T13:18:53.000000+0000,2026-04-20T13:18:53.000000+0000,1,24.01222222222222,2026-04-20T13:20:51.000000+0000,2026-04-20T13:20:51.000000+0000,1,24.01,2026-04-20T13:19:54.000000+0000,2026-04-20T13:19:54.000000+0000,1,24.01,1.9666666666666666
2026-04-21,2026-04-21T13:19:18.000000+0000,2026-04-21T13:19:18.000000+0000,1,24.006944444444443,2026-04-21T13:21:14.000000+0000,2026-04-21T13:21:14.000000+0000,1,24.00638888888889,2026-04-21T13:20:17.000000+0000,2026-04-21T13:20:17.000000+0000,1,24.00638888888889,1.9333333333333333
2026-04-22,2026-04-22T13:25:25.000000+0000,2026-04-22T13:25:25.000000+0000,1,24.101944444444445,2026-04-22T13:28:35.000000+0000,2026-04-22T13:28:35.000000+0000,1,24.1225,2026-04-22T13:27:09.000000+0000,2026-04-22T13:27:09.000000+0000,1,24.114444444444445,3.1666666666666665
2026-04-24,2026-04-24T21:50:36.000000+0000,2026-04-24T13:18:31.000000+0000,2,56.41972222222222,2026-04-24T21:52:21.000000+0000,2026-04-24T13:20:39.000000+0000,2,56.39611111111111,2026-04-24T21:51:30.000000+0000,2026-04-24T13:19:41.000000+0000,2,56.405833333333334,1.75
2026-04-25,2026-04-25T13:18:13.000000+0000,2026-04-25T13:18:13.000000+0000,1,15.460277777777778,2026-04-25T13:20:26.000000+0000,2026-04-25T13:20:26.000000+0000,1,15.468055555555555,2026-04-25T13:19:25.000000+0000,2026-04-25T13:19:25.000000+0000,1,15.465277777777779,2.216666666666667
2026-04-26,2026-04-26T13:18:21.000000+0000,2026-04-26T13:18:21.000000+0000,1,24.002222222222223,2026-04-26T13:20:30.000000+0000,2026-04-26T13:20:30.000000+0000,1,24.00111111111111,2026-04-26T13:19:30.000000+0000,2026-04-26T13:19:30.000000+0000,1,24.00138888888889,2.15
2026-04-27,2026-04-27T13:19:29.000000+0000,2026-04-27T13:19:29.000000+0000,1,24.01888888888889,2026-04-27T13:21:40.000000+0000,2026-04-27T13:21:40.000000+0000,1,24.019444444444446,2026-04-27T13:20:40.000000+0000,2026-04-27T13:20:40.000000+0000,1,24.019444444444446,2.183333333333333
2026-04-28,2026-04-28T13:18:56.000000+0000,2026-04-28T13:18:56.000000+0000,1,23.990833333333335,2026-04-28T13:21:07.000000+0000,2026-04-28T13:21:07.000000+0000,1,23.990833333333335,2026-04-28T13:20:05.000000+0000,2026-04-28T13:20:05.000000+0000,1,23.990277777777777,2.183333333333333
2026-04-29,2026-04-29T13:19:24.000000+0000,2026-04-29T13:19:24.000000+0000,1,24.00777777777778,2026-04-29T13:21:38.000000+0000,2026-04-29T13:21:38.000000+0000,1,24.00861111111111,2026-04-29T13:20:34.000000+0000,2026-04-29T13:20:34.000000+0000,1,24.008055555555554,2.2333333333333334
2026-04-30,2026-04-30T13:18:47.000000+0000,2026-04-30T13:18:47.000000+0000,1,23.989722222222223,2026-04-30T13:21:03.000000+0000,2026-04-30T13:21:03.000000+0000,1,23.990277777777777,2026-04-30T13:20:00.000000+0000,2026-04-30T13:20:00.000000+0000,1,23.990555555555556,2.2666666666666666
2026-05-01,2026-05-01T13:19:49.000000+0000,2026-05-01T13:19:49.000000+0000,1,24.017222222222223,2026-05-01T13:22:17.000000+0000,2026-05-01T13:22:17.000000+0000,1,24.020555555555557,2026-05-01T13:21:00.000000+0000,2026-05-01T13:21:00.000000+0000,1,24.016666666666666,2.466666666666667
2026-05-02,2026-05-02T13:19:59.000000+0000,2026-05-02T13:19:59.000000+0000,1,24.002777777777776,2026-05-02T13:22:31.000000+0000,2026-05-02T13:22:31.000000+0000,1,24.003888888888888,2026-05-02T13:21:20.000000+0000,2026-05-02T13:21:20.000000+0000,1,24.005555555555556,2.533333333333333
2026-05-03,2026-05-03T13:19:51.000000+0000,2026-05-03T13:19:51.000000+0000,1,23.997777777777777,2026-05-03T13:22:06.000000+0000,2026-05-03T13:22:06.000000+0000,1,23.993055555555557,2026-05-03T13:21:03.000000+0000,2026-05-03T13:21:03.000000+0000,1,23.995277777777776,2.25
2026-05-04,2026-05-04T13:21:03.000000+0000,2026-05-04T13:21:03.000000+0000,1,24.02,2026-05-04T13:23:37.000000+0000,2026-05-04T13:23:37.000000+0000,1,24.025277777777777,2026-05-04T13:22:25.000000+0000,2026-05-04T13:22:25.000000+0000,1,24.022777777777776,2.5666666666666664
2026-05-05,2026-05-05T13:25:40.000000+0000,2026-05-05T13:25:40.000000+0000,1,24.076944444444443,2026-05-05T13:29:09.000000+0000,2026-05-05T13:29:09.000000+0000,1,24.092222222222222,2026-05-05T13:27:30.000000+0000,2026-05-05T13:27:30.000000+0000,1,24.084722222222222,3.4833333333333334
2026-05-06,2026-05-06T13:19:54.000000+0000,2026-05-06T13:19:54.000000+0000,1,23.90388888888889,2026-05-06T13:22:12.000000+0000,2026-05-06T13:22:12.000000+0000,1,23.884166666666665,2026-05-06T13:21:05.000000+0000,2026-05-06T13:21:05.000000+0000,1,23.893055555555556,2.3
2026-05-07,2026-05-07T13:29:43.000000+0000,2026-05-07T13:29:43.000000+0000,1,24.163611111111113,2026-05-07T13:33:21.000000+0000,2026-05-07T13:33:21.000000+0000,1,24.185833333333335,2026-05-07T13:31:35.000000+0000,2026-05-07T13:31:35.000000+0000,1,24.175,3.6333333333333333
2026-05-08,2026-05-08T13:19:10.000000+0000,2026-05-08T13:19:10.000000+0000,1,23.824166666666667,2026-05-08T13:21:28.000000+0000,2026-05-08T13:21:28.000000+0000,1,23.801944444444445,2026-05-08T13:20:23.000000+0000,2026-05-08T13:20:23.000000+0000,1,23.813333333333333,2.3
2026-05-09,2026-05-09T13:19:01.000000+0000,2026-05-09T13:19:01.000000+0000,1,23.9975,2026-05-09T13:21:17.000000+0000,2026-05-09T13:21:17.000000+0000,1,23.996944444444445,2026-05-09T13:20:12.000000+0000,2026-05-09T13:20:12.000000+0000,1,23.996944444444445,2.2666666666666666
2026-05-10,2026-05-10T13:19:12.000000+0000,2026-05-10T13:19:12.000000+0000,1,24.003055555555555,2026-05-10T13:21:36.000000+0000,2026-05-10T13:21:36.000000+0000,1,24.005277777777778,2026-05-10T13:20:30.000000+0000,2026-05-10T13:20:30.000000+0000,1,24.005,2.4
2026-05-11,2026-05-11T13:22:46.000000+0000,2026-05-11T13:22:46.000000+0000,1,24.059444444444445,2026-05-11T13:25:58.000000+0000,2026-05-11T13:25:58.000000+0000,1,24.072777777777777,2026-05-11T13:24:30.000000+0000,2026-05-11T13:24:30.000000+0000,1,24.066666666666666,3.2
2026-05-12,2026-05-12T13:22:55.000000+0000,2026-05-12T13:22:55.000000+0000,1,24.0025,2026-05-12T13:25:59.000000+0000,2026-05-12T13:25:59.000000+0000,1,24.00027777777778,2026-05-12T13:24:37.000000+0000,2026-05-12T13:24:37.000000+0000,1,24.001944444444444,3.0666666666666664
2026-05-13,2026-05-13T13:20:18.000000+0000,2026-05-13T13:20:18.000000+0000,1,23.95638888888889,2026-05-13T13:22:28.000000+0000,2026-05-13T13:22:28.000000+0000,1,23.941388888888888,2026-05-13T13:21:23.000000+0000,2026-05-13T13:21:23.000000+0000,1,23.94611111111111,2.1666666666666665
2026-05-14,2026-05-14T13:20:17.000000+0000,2026-05-14T13:20:17.000000+0000,1,23.99972222222222,2026-05-14T13:22:41.000000+0000,2026-05-14T13:22:41.000000+0000,1,24.003611111111113,2026-05-14T13:21:35.000000+0000,2026-05-14T13:21:35.000000+0000,1,24.003333333333334,2.4
2026-05-15,2026-05-15T13:19:23.000000+0000,2026-05-15T13:19:23.000000+0000,1,23.985,2026-05-15T13:21:35.000000+0000,2026-05-15T13:21:35.000000+0000,1,23.981666666666666,2026-05-15T13:20:31.000000+0000,2026-05-15T13:20:31.000000+0000,1,23.982222222222223,2.2
2026-05-19,2026-05-19T13:20:56.000000+0000,2026-05-19T13:20:56.000000+0000,1,96.02583333333334,2026-05-19T13:23:20.000000+0000,2026-05-19T13:23:20.000000+0000,1,96.02916666666667,2026-05-19T13:22:09.000000+0000,2026-05-19T13:22:09.000000+0000,1,96.02722222222222,2.4
2026-05-20,2026-05-20T13:19:44.000000+0000,2026-05-20T13:19:44.000000+0000,1,23.98,2026-05-20T13:22:04.000000+0000,2026-05-20T13:22:04.000000+0000,1,23.97888888888889,2026-05-20T13:20:59.000000+0000,2026-05-20T13:20:59.000000+0000,1,23.980555555555554,2.3333333333333335
2026-05-21,2026-05-21T13:20:35.000000+0000,2026-05-21T13:20:35.000000+0000,1,24.014166666666668,2026-05-21T13:22:47.000000+0000,2026-05-21T13:22:47.000000+0000,1,24.011944444444445,2026-05-21T13:21:43.000000+0000,2026-05-21T13:21:43.000000+0000,1,24.01222222222222,2.2
2026-05-22,2026-05-22T13:20:19.000000+0000,2026-05-22T13:20:19.000000+0000,1,23.995555555555555,2026-05-22T13:22:41.000000+0000,2026-05-22T13:22:41.000000+0000,1,23.998333333333335,2026-05-22T13:21:35.000000+0000,2026-05-22T13:21:35.000000+0000,1,23.997777777777777,2.3666666666666667
2026-05-23,2026-05-23T13:20:55.000000+0000,2026-05-23T13:20:55.000000+0000,1,24.01,2026-05-23T13:23:35.000000+0000,2026-05-23T13:23:35.000000+0000,1,24.015,2026-05-23T13:22:10.000000+0000,2026-05-23T13:22:10.000000+0000,1,24.009722222222223,2.6666666666666665
2026-06-11,2026-06-11T14:12:24.000000+0000,2026-06-11T14:12:24.000000+0000,1,456.85805555555555,2026-06-11T14:16:34.000000+0000,2026-06-11T14:16:34.000000+0000,1,456.88305555555553,2026-06-11T14:14:34.000000+0000,2026-06-11T14:14:34.000000+0000,1,456.87333333333333,4.166666666666667
2026-06-12,2026-06-12T13:24:53.000000+0000,2026-06-12T13:24:53.000000+0000,1,23.208055555555557,2026-06-12T13:29:22.000000+0000,2026-06-12T13:29:22.000000+0000,1,23.213333333333335,2026-06-12T13:27:15.000000+0000,2026-06-12T13:27:15.000000+0000,1,23.211388888888887,4.483333333333333
2026-06-13,2026-06-13T13:25:42.000000+0000,2026-06-13T13:25:42.000000+0000,1,24.01361111111111,2026-06-13T13:30:26.000000+0000,2026-06-13T13:30:26.000000+0000,1,24.017777777777777,2026-06-13T13:28:14.000000+0000,2026-06-13T13:28:14.000000+0000,1,24.01638888888889,4.733333333333333
2026-06-14,2026-06-14T13:25:39.000000+0000,2026-06-14T13:25:39.000000+0000,1,23.999166666666667,2026-06-14T13:31:03.000000+0000,2026-06-14T13:31:03.000000+0000,1,24.010277777777777,2026-06-14T13:28:39.000000+0000,2026-06-14T13:28:39.000000+0000,1,24.006944444444443,5.4
2026-06-15,2026-06-15T13:25:24.000000+0000,2026-06-15T13:25:24.000000+0000,1,23.995833333333334,2026-06-15T13:29:52.000000+0000,2026-06-15T13:29:52.000000+0000,1,23.98027777777778,2026-06-15T13:27:44.000000+0000,2026-06-15T13:27:44.000000+0000,1,23.98472222222222,4.466666666666667
2026-06-16,2026-06-16T13:24:16.000000+0000,2026-06-16T13:24:16.000000+0000,1,23.98111111111111,2026-06-16T13:28:31.000000+0000,2026-06-16T13:28:31.000000+0000,1,23.9775,2026-06-16T13:26:30.000000+0000,2026-06-16T13:26:30.000000+0000,1,23.979444444444443,4.25
2026-06-17,2026-06-17T13:25:14.000000+0000,2026-06-17T13:25:14.000000+0000,1,24.016111111111112,2026-06-17T13:29:42.000000+0000,2026-06-17T13:29:42.000000+0000,1,24.01972222222222,2026-06-17T13:27:33.000000+0000,2026-06-17T13:27:33.000000+0000,1,24.0175,4.466666666666667
2026-06-18,2026-06-18T13:24:12.000000+0000,2026-06-18T13:24:12.000000+0000,1,23.982777777777777,2026-06-18T13:28:36.000000+0000,2026-06-18T13:28:36.000000+0000,1,23.981666666666666,2026-06-18T13:26:30.000000+0000,2026-06-18T13:26:30.000000+0000,1,23.9825,4.4
2026-06-19,2026-06-19T13:24:27.000000+0000,2026-06-19T13:24:27.000000+0000,1,24.004166666666666,2026-06-19T13:28:54.000000+0000,2026-06-19T13:28:54.000000+0000,1,24.005,2026-06-19T13:26:44.000000+0000,2026-06-19T13:26:44.000000+0000,1,24.003888888888888,4.45
2026-06-20,2026-06-20T13:27:27.000000+0000,2026-06-20T13:27:27.000000+0000,1,24.05,2026-06-20T13:32:02.000000+0000,2026-06-20T13:32:02.000000+0000,1,24.052222222222223,2026-06-20T13:29:54.000000+0000,2026-06-20T13:29:54.000000+0000,1,24.052777777777777,4.583333333333333
2026-06-21,2026-06-21T13:24:18.000000+0000,2026-06-21T13:24:18.000000+0000,1,23.9475,2026-06-21T13:28:47.000000+0000,2026-06-21T13:28:47.000000+0000,1,23.945833333333333,2026-06-21T13:26:40.000000+0000,2026-06-21T13:26:40.000000+0000,1,23.94611111111111,4.483333333333333
2026-06-22,2026-06-22T13:26:02.000000+0000,2026-06-22T13:26:02.000000+0000,1,24.02888888888889,2026-06-22T13:30:35.000000+0000,2026-06-22T13:30:35.000000+0000,1,24.03,2026-06-22T13:28:27.000000+0000,2026-06-22T13:28:27.000000+0000,1,24.029722222222222,4.55
2026-06-23,2026-06-23T13:24:46.000000+0000,2026-06-23T13:24:46.000000+0000,1,23.97888888888889,2026-06-23T13:29:14.000000+0000,2026-06-23T13:29:14.000000+0000,1,23.9775,2026-06-23T13:27:07.000000+0000,2026-06-23T13:27:07.000000+0000,1,23.977777777777778,4.466666666666667
2026-06-24,2026-06-24T13:27:45.000000+0000,2026-06-24T13:27:45.000000+0000,1,24.049722222222222,2026-06-24T13:32:56.000000+0000,2026-06-24T13:32:56.000000+0000,1,24.061666666666667,2026-06-24T13:30:28.000000+0000,2026-06-24T13:30:28.000000+0000,1,24.055833333333332,5.183333333333334
2026-06-25,2026-06-25T13:27:23.000000+0000,2026-06-25T13:27:23.000000+0000,1,23.99388888888889,2026-06-25T13:32:41.000000+0000,2026-06-25T13:32:41.000000+0000,1,23.995833333333334,2026-06-25T13:30:11.000000+0000,2026-06-25T13:30:11.000000+0000,1,23.995277777777776,5.3
2026-06-26,2026-06-26T13:24:05.000000+0000,2026-06-26T13:24:05.000000+0000,1,23.945,2026-06-26T13:28:19.000000+0000,2026-06-26T13:28:19.000000+0000,1,23.927222222222223,2026-06-26T13:26:21.000000+0000,2026-06-26T13:26:21.000000+0000,1,23.93611111111111,4.233333333333333
2026-06-27,2026-06-27T13:23:50.000000+0000,2026-06-27T13:23:50.000000+0000,1,23.995833333333334,2026-06-27T13:28:14.000000+0000,2026-06-27T13:28:14.000000+0000,1,23.99861111111111,2026-06-27T13:26:09.000000+0000,2026-06-27T13:26:09.000000+0000,1,23.996666666666666,4.4
2026-06-28,2026-06-28T13:26:43.000000+0000,2026-06-28T13:26:43.000000+0000,1,24.048055555555557,2026-06-28T13:31:36.000000+0000,2026-06-28T13:31:36.000000+0000,1,24.05611111111111,2026-06-28T13:29:23.000000+0000,2026-06-28T13:29:23.000000+0000,1,24.05388888888889,4.883333333333333
2026-06-29,2026-06-29T13:30:56.000000+0000,2026-06-29T13:30:56.000000+0000,1,24.07027777777778,2026-06-29T13:37:25.000000+0000,2026-06-29T13:37:25.000000+0000,1,24.096944444444443,2026-06-29T13:34:25.000000+0000,2026-06-29T13:34:25.000000+0000,1,24.08388888888889,6.483333333333333
2026-06-30,2026-06-30T13:25:13.000000+0000,2026-06-30T13:25:13.000000+0000,1,23.904722222222222,2026-06-30T13:29:43.000000+0000,2026-06-30T13:29:43.000000+0000,1,23.871666666666666,2026-06-30T13:27:34.000000+0000,2026-06-30T13:27:34.000000+0000,1,23.885833333333334,4.5
2026-07-01,2026-07-01T13:23:57.000000+0000,2026-07-01T13:23:57.000000+0000,1,23.97888888888889,2026-07-01T13:28:17.000000+0000,2026-07-01T13:28:17.000000+0000,1,23.976111111111113,2026-07-01T13:26:14.000000+0000,2026-07-01T13:26:14.000000+0000,1,23.977777777777778,4.333333333333333
2026-07-02,2026-07-02T13:25:42.000000+0000,2026-07-02T13:25:42.000000+0000,1,24.029166666666665,2026-07-02T13:30:02.000000+0000,2026-07-02T13:30:02.000000+0000,1,24.029166666666665,2026-07-02T13:27:59.000000+0000,2026-07-02T13:27:59.000000+0000,1,24.029166666666665,4.333333333333333
2026-07-03,2026-07-03T13:31:38.000000+0000,2026-07-03T13:31:38.000000+0000,1,24.09888888888889,2026-07-03T13:36:06.000000+0000,2026-07-03T13:36:06.000000+0000,1,24.101111111111113,2026-07-03T13:33:57.000000+0000,2026-07-03T13:33:57.000000+0000,1,24.099444444444444,4.466666666666667
2026-07-04,2026-07-04T13:31:00.000000+0000,2026-07-04T13:31:00.000000+0000,1,23.989444444444445,2026-07-04T13:35:17.000000+0000,2026-07-04T13:35:17.000000+0000,1,23.98638888888889,2026-07-04T13:33:16.000000+0000,2026-07-04T13:33:16.000000+0000,1,23.988611111111112,4.283333333333333
2026-07-05,2026-07-05T13:25:39.000000+0000,2026-07-05T13:25:39.000000+0000,1,23.910833333333333,2026-07-05T13:30:11.000000+0000,2026-07-05T13:30:11.000000+0000,1,23.915,2026-07-05T13:28:03.000000+0000,2026-07-05T13:28:03.000000+0000,1,23.913055555555555,4.533333333333333
2026-07-06,2026-07-06T13:26:05.000000+0000,2026-07-06T13:26:05.000000+0000,1,24.00722222222222,2026-07-06T13:30:31.000000+0000,2026-07-06T13:30:31.000000+0000,1,24.005555555555556,2026-07-06T13:28:25.000000+0000,2026-07-06T13:28:25.000000+0000,1,24.00611111111111,4.433333333333334
2026-07-07,2026-07-07T13:31:10.000000+0000,2026-07-07T13:31:10.000000+0000,1,24.084722222222222,2026-07-07T13:38:05.000000+0000,2026-07-07T13:38:05.000000+0000,1,24.12611111111111,2026-07-07T13:34:43.000000+0000,2026-07-07T13:34:43.000000+0000,1,24.105,6.916666666666667
2026-07-08,2026-07-08T13:28:47.000000+0000,2026-07-08T13:28:47.000000+0000,1,23.960277777777776,2026-07-08T13:34:18.000000+0000,2026-07-08T13:34:18.000000+0000,1,23.936944444444446,2026-07-08T13:31:42.000000+0000,2026-07-08T13:31:42.000000+0000,1,23.94972222222222,5.516666666666667
2026-07-09,2026-07-09T13:26:27.000000+0000,2026-07-09T13:26:27.000000+0000,1,23.961111111111112,2026-07-09T13:31:10.000000+0000,2026-07-09T13:31:10.000000+0000,1,23.947777777777777,2026-07-09T13:29:00.000000+0000,2026-07-09T13:29:00.000000+0000,1,23.955,4.716666666666667
2026-07-10,2026-07-10T13:24:34.000000+0000,2026-07-10T13:24:34.000000+0000,1,23.968611111111112,2026-07-10T13:29:05.000000+0000,2026-07-10T13:29:05.000000+0000,1,23.96527777777778,2026-07-10T13:27:01.000000+0000,2026-07-10T13:27:01.000000+0000,1,23.966944444444444,4.516666666666667
2026-07-15,2026-07-15T13:26:08.000000+0000,2026-07-15T13:26:08.000000+0000,1,120.0261111111111,2026-07-15T13:30:34.000000+0000,2026-07-15T13:30:34.000000+0000,1,120.02472222222222,2026-07-15T13:28:31.000000+0000,2026-07-15T13:28:31.000000+0000,1,120.025,4.433333333333334
2026-07-16,2026-07-16T13:54:08.000000+0000,2026-07-16T13:54:08.000000+0000,1,24.466666666666665,2026-07-16T13:58:58.000000+0000,2026-07-16T13:58:58.000000+0000,1,24.473333333333333,2026-07-16T13:56:45.000000+0000,2026-07-16T13:56:45.000000+0000,1,24.470555555555556,4.833333333333333
2026-07-17,2026-07-17T13:27:30.000000+0000,2026-07-17T13:27:30.000000+0000,1,23.55611111111111,2026-07-17T13:32:20.000000+0000,2026-07-17T13:32:20.000000+0000,1,23.55611111111111,2026-07-17T13:30:04.000000+0000,2026-07-17T13:30:04.000000+0000,1,23.55527777777778,4.833333333333333
2026-07-18,2026-07-18T13:30:23.000000+0000,2026-07-18T13:30:23.000000+0000,1,24.048055555555557,2026-07-18T13:36:23.000000+0000,2026-07-18T13:36:23.000000+0000,1,24.0675,2026-07-18T13:33:41.000000+0000,2026-07-18T13:33:41.000000+0000,1,24.060277777777777,6.0
2026-07-19,2026-07-19T13:25:33.000000+0000,2026-07-19T13:25:33.000000+0000,1,23.919444444444444,2026-07-19T13:30:05.000000+0000,2026-07-19T13:30:05.000000+0000,1,23.895,2026-07-19T13:28:00.000000+0000,2026-07-19T13:28:00.000000+0000,1,23.905277777777776,4.533333333333333
2026-07-20,2026-07-20T13:39:04.000000+0000,2026-07-20T13:39:04.000000+0000,1,24.225277777777777,2026-07-20T13:47:01.000000+0000,2026-07-20T13:47:01.000000+0000,1,24.282222222222224,2026-07-20T13:43:22.000000+0000,2026-07-20T13:43:22.000000+0000,1,24.25611111111111,7.95
2026-07-21,2026-07-21T13:27:40.000000+0000,2026-07-21T13:27:40.000000+0000,1,23.81,2026-07-21T13:33:51.000000+0000,2026-07-21T13:33:51.000000+0000,1,23.780555555555555,2026-07-21T13:30:53.000000+0000,2026-07-21T13:30:53.000000+0000,1,23.791944444444443,6.183333333333334
2026-07-22,2026-07-22T13:52:15.000000+0000,2026-07-22T13:52:15.000000+0000,1,24.40972222222222,2026-07-22T14:04:15.000000+0000,2026-07-22T14:04:15.000000+0000,1,24.506666666666668,2026-07-22T13:58:34.000000+0000,2026-07-22T13:58:34.000000+0000,1,24.461388888888887,12.0
2026-07-23,2026-07-23T13:34:29.000000+0000,2026-07-23T13:34:29.000000+0000,1,23.70388888888889,2026-07-23T13:41:39.000000+0000,2026-07-23T13:41:39.000000+0000,1,23.623333333333335,2026-07-23T13:38:15.000000+0000,2026-07-23T13:38:15.000000+0000,1,23.66138888888889,7.166666666666667
2026-07-24,2026-07-24T13:37:05.000000+0000,2026-07-24T13:37:05.000000+0000,1,24.043333333333333,2026-07-24T13:45:15.000000+0000,2026-07-24T13:45:15.000000+0000,1,24.06,2026-07-24T13:41:24.000000+0000,2026-07-24T13:41:24.000000+0000,1,24.0525,8.166666666666666
2026-07-25,2026-07-25T13:36:42.000000+0000,2026-07-25T13:36:42.000000+0000,1,23.99361111111111,2026-07-25T13:44:08.000000+0000,2026-07-25T13:44:08.000000+0000,1,23.98138888888889,2026-07-25T13:40:49.000000+0000,2026-07-25T13:40:49.000000+0000,1,23.990277777777777,7.433333333333334
2026-07-26,2026-07-26T13:28:53.000000+0000,2026-07-26T13:28:53.000000+0000,1,23.869722222222222,2026-07-26T13:34:27.000000+0000,2026-07-26T13:34:27.000000+0000,1,23.83861111111111,2026-07-26T13:31:49.000000+0000,2026-07-26T13:31:49.000000+0000,1,23.85,5.566666666666666
2026-07-27,2026-07-27T13:45:00.000000+0000,2026-07-27T13:45:00.000000+0000,1,24.26861111111111,2026-07-27T13:52:21.000000+0000,2026-07-27T13:52:21.000000+0000,1,24.298333333333332,2026-07-27T13:49:40.000000+0000,2026-07-27T13:49:40.000000+0000,1,24.2975,7.35
2026-07-28,2026-07-28T13:27:27.000000+0000,2026-07-28T13:27:27.000000+0000,1,23.7075,2026-07-28T13:32:22.000000+0000,2026-07-28T13:32:22.000000+0000,1,23.666944444444443,2026-07-28T13:30:05.000000+0000,2026-07-28T13:30:05.000000+0000,1,23.67361111111111,4.916666666666667
2026-07-29,2026-07-29T13:34:06.000000+0000,2026-07-29T13:34:06.000000+0000,1,24.110833333333332,2026-07-29T13:40:50.000000+0000,2026-07-29T13:40:50.000000+0000,1,24.141111111111112,2026-07-29T13:37:39.000000+0000,2026-07-29T13:37:39.000000+0000,1,24.12611111111111,6.733333333333333
2026-07-30,2026-07-30T13:31:06.000000+0000,2026-07-30T13:31:06.000000+0000,1,23.95,2026-07-30T13:36:10.000000+0000,2026-07-30T13:36:10.000000+0000,1,23.92222222222222,2026-07-30T13:33:48.000000+0000,2026-07-30T13:33:48.000000+0000,1,23.935833333333335,5.066666666666666
2026-07-31,2026-07-31T13:33:17.000000+0000,2026-07-31T13:33:17.000000+0000,1,24.03638888888889,2026-07-31T13:40:20.000000+0000,2026-07-31T13:40:20.000000+0000,1,24.069444444444443,2026-07-31T13:37:04.000000+0000,2026-07-31T13:37:04.000000+0000,1,24.054444444444446,7.05
2026-08-01,2026-08-01T13:26:21.000000+0000,2026-08-01T13:26:21.000000+0000,1,23.884444444444444,2026-08-01T13:31:03.000000+0000,2026-08-01T13:31:03.000000+0000,1,23.845277777777778,2026-08-01T13:28:51.000000+0000,2026-08-01T13:28:51.000000+0000,1,23.863055555555555,4.7
2026-08-02,2026-08-02T13:36:28.000000+0000,2026-08-02T13:36:28.000000+0000,1,24.16861111111111,2026-08-02T13:44:17.000000+0000,2026-08-02T13:44:17.000000+0000,1,24.220555555555556,2026-08-02T13:40:36.000000+0000,2026-08-02T13:40:36.000000+0000,1,24.195833333333333,7.816666666666666
2026-08-03,2026-08-03T13:28:33.000000+0000,2026-08-03T13:28:33.000000+0000,1,23.868055555555557,2026-08-03T13:34:17.000000+0000,2026-08-03T13:34:17.000000+0000,1,23.833333333333332,2026-08-03T13:31:37.000000+0000,2026-08-03T13:31:37.000000+0000,1,23.850277777777777,5.733333333333333
2026-08-04,2026-08-04T13:30:00.000000+0000,2026-08-04T13:30:00.000000+0000,1,24.024166666666666,2026-08-04T13:35:46.000000+0000,2026-08-04T13:35:46.000000+0000,1,24.024722222222223,2026-08-04T13:33:15.000000+0000,2026-08-04T13:33:15.000000+0000,1,24.02722222222222,5.766666666666667
2026-08-05,2026-08-05T13:27:28.000000+0000,2026-08-05T13:27:28.000000+0000,1,23.95777777777778,2026-08-05T13:32:25.000000+0000,2026-08-05T13:32:25.000000+0000,1,23.944166666666668,2026-08-05T13:30:05.000000+0000,2026-08-05T13:30:05.000000+0000,1,23.947222222222223,4.95
2026-08-06,2026-08-06T14:02:18.000000+0000,2026-08-06T14:02:18.000000+0000,1,24.580555555555556,2026-08-06T14:09:01.000000+0000,2026-08-06T14:09:01.000000+0000,1,24.61,2026-08-06T14:05:45.000000+0000,2026-08-06T14:05:45.000000+0000,1,24.594444444444445,6.716666666666667
2026-08-07,2026-08-07T13:26:19.000000+0000,2026-08-07T13:26:19.000000+0000,1,23.400277777777777,2026-08-07T13:30:55.000000+0000,2026-08-07T13:30:55.000000+0000,1,23.365,2026-08-07T13:28:45.000000+0000,2026-08-07T13:28:45.000000+0000,1,23.383333333333333,4.6
2026-08-08,2026-08-08T14:00:05.000000+0000,2026-08-08T14:00:05.000000+0000,1,24.56277777777778,2026-08-08T14:07:06.000000+0000,2026-08-08T14:07:06.000000+0000,1,24.603055555555557,2026-08-08T14:03:45.000000+0000,2026-08-08T14:03:45.000000+0000,1,24.583333333333332,7.016666666666667
2026-08-11,2026-08-11T13:27:45.000000+0000,2026-08-11T13:27:45.000000+0000,1,71.46111111111111,2026-08-11T13:35:12.000000+0000,2026-08-11T13:35:12.000000+0000,1,71.46833333333333,2026-08-11T13:31:45.000000+0000,2026-08-11T13:31:45.000000+0000,1,71.46666666666667,7.45
2026-08-12,2026-08-12T13:26:35.000000+0000,2026-08-12T13:26:35.000000+0000,1,23.980555555555554,2026-08-12T13:31:21.000000+0000,2026-08-12T13:31:21.000000+0000,1,23.935833333333335,2026-08-12T13:29:11.000000+0000,2026-08-12T13:29:11.000000+0000,1,23.95722222222222,4.766666666666667
2026-08-13,2026-08-13T13:25:42.000000+0000,2026-08-13T13:25:42.000000+0000,1,23.985277777777778,2026-08-13T13:32:33.000000+0000,2026-08-13T13:32:33.000000+0000,1,24.02,2026-08-13T13:28:45.000000+0000,2026-08-13T13:28:45.000000+0000,1,23.99277777777778,6.85
2026-08-14,2026-08-14T13:25:41.000000+0000,2026-08-14T13:25:41.000000+0000,1,23.99972222222222,2026-08-14T13:30:09.000000+0000,2026-08-14T13:30:09.000000+0000,1,23.96,2026-08-14T13:28:05.000000+0000,2026-08-14T13:28:05.000000+0000,1,23.988888888888887,4.466666666666667
2026-08-15,2026-08-15T13:42:33.000000+0000,2026-08-15T13:42:33.000000+0000,1,24.281111111111112,2026-08-15T13:51:16.000000+0000,2026-08-15T13:51:16.000000+0000,1,24.351944444444445,2026-08-15T13:47:10.000000+0000,2026-08-15T13:47:10.000000+0000,1,24.318055555555556,8.716666666666667
2026-08-16,2026-08-16T13:37:13.000000+0000,2026-08-16T13:37:13.000000+0000,1,23.91111111111111,2026-08-16T13:45:29.000000+0000,2026-08-16T13:45:29.000000+0000,1,23.90361111111111,2026-08-16T13:41:48.000000+0000,2026-08-16T13:41:48.000000+0000,1,23.910555555555554,8.266666666666666
2026-08-17,2026-08-17T13:27:12.000000+0000,2026-08-17T13:27:12.000000+0000,1,23.833055555555557,2026-08-17T13:31:51.000000+0000,2026-08-17T13:31:51.000000+0000,1,23.772777777777776,2026-08-17T13:29:41.000000+0000,2026-08-17T13:29:41.000000+0000,1,23.798055555555557,4.65
2026-08-18,2026-08-18T13:40:40.000000+0000,2026-08-18T13:40:40.000000+0000,1,24.224444444444444,2026-08-18T13:45:35.000000+0000,2026-08-18T13:45:35.000000+0000,1,24.22888888888889,2026-08-18T13:43:17.000000+0000,2026-08-18T13:43:17.000000+0000,1,24.226666666666667,4.916666666666667
2026-08-19,2026-08-19T13:52:51.000000+0000,2026-08-19T13:52:51.000000+0000,1,24.203055555555554,2026-08-19T13:57:31.000000+0000,2026-08-19T13:57:31.000000+0000,1,24.198888888888888,2026-08-19T13:55:19.000000+0000,2026-08-19T13:55:19.000000+0000,1,24.200555555555557,4.666666666666667
2026-08-20,2026-08-20T13:28:50.000000+0000,2026-08-20T13:28:50.000000+0000,1,23.599722222222223,2026-08-20T13:34:18.000000+0000,2026-08-20T13:34:18.000000+0000,1,23.613055555555555,2026-08-20T13:31:51.000000+0000,2026-08-20T13:31:51.000000+0000,1,23.608888888888888,5.466666666666667
2026-08-21,2026-08-21T13:38:04.000000+0000,2026-08-21T13:38:04.000000+0000,1,24.15388888888889,2026-08-21T13:46:55.000000+0000,2026-08-21T13:46:55.000000+0000,1,24.210277777777776,2026-08-21T13:42:17.000000+0000,2026-08-21T13:42:17.000000+0000,1,24.17388888888889,8.85
2026-08-22,2026-08-22T13:52:49.000000+0000,2026-08-22T13:52:49.000000+0000,1,24.245833333333334,2026-08-22T13:57:41.000000+0000,2026-08-22T13:57:41.000000+0000,1,24.179444444444446,2026-08-22T13:55:31.000000+0000,2026-08-22T13:55:31.000000+0000,1,24.220555555555556,4.866666666666666
2026-08-23,2026-08-23T13:27:39.000000+0000,2026-08-23T13:27:39.000000+0000,1,23.580555555555556,2026-08-23T13:32:35.000000+0000,2026-08-23T13:32:35.000000+0000,1,23.581666666666667,2026-08-23T13:30:16.000000+0000,2026-08-23T13:30:16.000000+0000,1,23.579166666666666,4.933333333333334
2026-08-24,2026-08-24T13:27:55.000000+0000,2026-08-24T13:27:55.000000+0000,1,24.004444444444445,2026-08-24T13:33:21.000000+0000,2026-08-24T13:33:21.000000+0000,1,24.012777777777778,2026-08-24T13:30:41.000000+0000,2026-08-24T13:30:41.000000+0000,1,24.006944444444443,5.433333333333334
2026-08-25,2026-08-25T13:26:46.000000+0000,2026-08-25T13:26:46.000000+0000,1,23.980833333333333,2026-08-25T13:31:46.000000+0000,2026-08-25T13:31:46.000000+0000,1,23.97361111111111,2026-08-25T13:29:24.000000+0000,2026-08-25T13:29:24.000000+0000,1,23.97861111111111,5.0
2026-08-27,2026-08-27T13:27:14.000000+0000,2026-08-27T13:27:14.000000+0000,1,48.007777777777775,2026-08-27T13:32:03.000000+0000,2026-08-27T13:32:03.000000+0000,1,48.00472222222222,2026-08-27T13:29:47.000000+0000,2026-08-27T13:29:47.000000+0000,1,48.006388888888885,4.816666666666666
2026-08-28,2026-08-28T13:44:16.000000+0000,2026-08-28T13:44:16.000000+0000,1,24.28388888888889,2026-08-28T13:49:01.000000+0000,2026-08-28T13:49:01.000000+0000,1,24.282777777777778,2026-08-28T13:46:48.000000+0000,2026-08-28T13:46:48.000000+0000,1,24.28361111111111,4.75
2026-08-29,2026-08-29T13:26:58.000000+0000,2026-08-29T13:26:58.000000+0000,1,23.711666666666666,2026-08-29T13:32:07.000000+0000,2026-08-29T13:32:07.000000+0000,1,23.718333333333334,2026-08-29T13:29:43.000000+0000,2026-08-29T13:29:43.000000+0000,1,23.71527777777778,5.15
2026-08-30,2026-08-30T13:26:07.000000+0000,2026-08-30T13:26:07.000000+0000,1,23.985833333333332,2026-08-30T13:30:47.000000+0000,2026-08-30T13:30:47.000000+0000,1,23.977777777777778,2026-08-30T13:28:34.000000+0000,2026-08-30T13:28:34.000000+0000,1,23.980833333333333,4.666666666666667
2026-08-31,2026-08-31T13:27:30.000000+0000,2026-08-31T13:27:30.000000+0000,1,24.023055555555555,2026-08-31T13:32:11.000000+0000,2026-08-31T13:32:11.000000+0000,1,24.023333333333333,2026-08-31T13:29:58.000000+0000,2026-08-31T13:29:58.000000+0000,1,24.023333333333333,4.683333333333334
2026-09-01,2026-09-01T13:45:17.000000+0000,2026-09-01T13:45:17.000000+0000,1,24.296388888888888,2026-09-01T13:56:09.000000+0000,2026-09-01T13:56:09.000000+0000,1,24.399444444444445,2026-09-01T13:51:51.000000+0000,2026-09-01T13:51:51.000000+0000,1,24.364722222222223,10.866666666666667
2026-09-02,2026-09-02T13:28:59.000000+0000,2026-09-02T13:28:59.000000+0000,1,23.72833333333333,2026-09-02T13:34:24.000000+0000,2026-09-02T13:34:24.000000+0000,1,23.6375,2026-09-02T13:31:51.000000+0000,2026-09-02T13:31:51.000000+0000,1,23.666666666666668,5.416666666666667
2026-09-03,2026-09-03T13:29:30.000000+0000,2026-09-03T13:29:30.000000+0000,1,24.00861111111111,2026-09-03T13:34:43.000000+0000,2026-09-03T13:34:43.000000+0000,1,24.005277777777778,2026-09-03T13:32:15.000000+0000,2026-09-03T13:32:15.000000+0000,1,24.006666666666668,5.216666666666667
2026-09-04,2026-09-04T13:48:16.000000+0000,2026-09-04T13:48:16.000000+0000,1,24.31277777777778,2026-09-04T13:59:35.000000+0000,2026-09-04T13:59:35.000000+0000,1,24.414444444444445,2026-09-04T13:54:05.000000+0000,2026-09-04T13:54:05.000000+0000,1,24.363888888888887,11.316666666666666
2026-09-05,2026-09-05T13:37:58.000000+0000,2026-09-05T13:37:58.000000+0000,1,23.828333333333333,2026-09-05T13:45:40.000000+0000,2026-09-05T13:45:40.000000+0000,1,23.768055555555556,2026-09-05T13:41:58.000000+0000,2026-09-05T13:41:58.000000+0000,1,23.798055555555557,7.7
2026-09-06,2026-09-06T13:27:29.000000+0000,2026-09-06T13:27:29.000000+0000,1,23.825277777777778,2026-09-06T13:32:27.000000+0000,2026-09-06T13:32:27.000000+0000,1,23.779722222222222,2026-09-06T13:30:03.000000+0000,2026-09-06T13:30:03.000000+0000,1,23.801388888888887,4.966666666666667
2026-09-07,2026-09-07T13:29:23.000000+0000,2026-09-07T13:29:23.000000+0000,1,24.031666666666666,2026-09-07T13:34:34.000000+0000,2026-09-07T13:34:34.000000+0000,1,24.03527777777778,2026-09-07T13:32:05.000000+0000,2026-09-07T13:32:05.000000+0000,1,24.03388888888889,5.183333333333334
2026-09-08,2026-09-08T13:28:16.000000+0000,2026-09-08T13:28:16.000000+0000,1,23.98138888888889,2026-09-08T13:33:26.000000+0000,2026-09-08T13:33:26.000000+0000,1,23.98111111111111,2026-09-08T13:31:02.000000+0000,2026-09-08T13:31:02.000000+0000,1,23.9825,5.166666666666667
2026-09-09,2026-09-09T13:39:02.000000+0000,2026-09-09T13:39:02.000000+0000,1,24.179444444444446,2026-09-09T13:47:59.000000+0000,2026-09-09T13:47:59.000000+0000,1,24.2425,2026-09-09T13:43:43.000000+0000,2026-09-09T13:43:43.000000+0000,1,24.211388888888887,8.95
2026-09-10,2026-09-10T13:28:33.000000+0000,2026-09-10T13:28:33.000000+0000,1,23.825277777777778,2026-09-10T13:34:16.000000+0000,2026-09-10T13:34:16.000000+0000,1,23.77138888888889,2026-09-10T13:31:42.000000+0000,2026-09-10T13:31:42.000000+0000,1,23.799722222222222,5.716666666666667
2026-09-11,2026-09-11T13:31:48.000000+0000,2026-09-11T13:31:48.000000+0000,1,24.054166666666667,2026-09-11T13:39:24.000000+0000,2026-09-11T13:39:24.000000+0000,1,24.085555555555555,2026-09-11T13:35:39.000000+0000,2026-09-11T13:35:39.000000+0000,1,24.065833333333334,7.6
2026-09-12,2026-09-12T13:28:03.000000+0000,2026-09-12T13:28:03.000000+0000,1,23.9375,2026-09-12T13:32:58.000000+0000,2026-09-12T13:32:58.000000+0000,1,23.892777777777777,2026-09-12T13:30:38.000000+0000,2026-09-12T13:30:38.000000+0000,1,23.91638888888889,4.916666666666667
2026-09-13,2026-09-13T13:29:51.000000+0000,2026-09-13T13:29:51.000000+0000,1,24.03,2026-09-13T13:35:20.000000+0000,2026-09-13T13:35:20.000000+0000,1,24.039444444444445,2026-09-13T13:32:44.000000+0000,2026-09-13T13:32:44.000000+0000,1,24.035,5.483333333333333
2026-09-14,2026-09-14T13:34:31.000000+0000,2026-09-14T13:34:31.000000+0000,1,24.07777777777778,2026-09-14T13:41:30.000000+0000,2026-09-14T13:41:30.000000+0000,1,24.102777777777778,2026-09-14T13:38:09.000000+0000,2026-09-14T13:38:09.000000+0000,1,24.09027777777778,6.983333333333333
2026-09-15,2026-09-15T13:32:10.000000+0000,2026-09-15T13:32:10.000000+0000,1,23.960833333333333,2026-09-15T13:37:55.000000+0000,2026-09-15T13:37:55.000000+0000,1,23.940277777777776,2026-09-15T13:35:11.000000+0000,2026-09-15T13:35:11.000000+0000,1,23.950555555555557,5.75
2026-09-16,2026-09-16T13:38:18.000000+0000,2026-09-16T13:38:18.000000+0000,1,24.10222222222222,2026-09-16T13:44:04.000000+0000,2026-09-16T13:44:04.000000+0000,1,24.1025,2026-09-16T13:41:28.000000+0000,2026-09-16T13:41:28.000000+0000,1,24.10472222222222,5.766666666666667
2026-09-17,2026-09-17T13:34:33.000000+0000,2026-09-17T13:34:33.000000+0000,1,23.9375,2026-09-17T13:41:09.000000+0000,2026-09-17T13:41:09.000000+0000,1,23.95138888888889,2026-09-17T13:37:54.000000+0000,2026-09-17T13:37:54.000000+0000,1,23.940555555555555,6.6
2026-09-18,2026-09-18T13:26:32.000000+0000,2026-09-18T13:26:32.000000+0000,1,23.86638888888889,2026-09-18T13:31:20.000000+0000,2026-09-18T13:31:20.000000+0000,1,23.836388888888887,2026-09-18T13:29:05.000000+0000,2026-09-18T13:29:05.000000+0000,1,23.853055555555557,4.8
2026-09-19,2026-09-19T13:28:19.000000+0000,2026-09-19T13:28:19.000000+0000,1,24.029722222222222,2026-09-19T13:33:08.000000+0000,2026-09-19T13:33:08.000000+0000,1,24.03,2026-09-19T13:30:54.000000+0000,2026-09-19T13:30:54.000000+0000,1,24.030277777777776,4.816666666666666
2026-09-20,2026-09-20T13:27:23.000000+0000,2026-09-20T13:27:23.000000+0000,1,23.984444444444446,2026-09-20T13:32:14.000000+0000,2026-09-20T13:32:14.000000+0000,1,23.985,2026-09-20T13:29:58.000000+0000,2026-09-20T13:29:58.000000+0000,1,23.984444444444446,4.85
2026-09-21,2026-09-21T13:45:04.000000+0000,2026-09-21T13:45:04.000000+0000,1,24.294722222222223,2026-09-21T13:59:10.000000+0000,2026-09-21T13:59:10.000000+0000,1,24.448888888888888,2026-09-21T13:53:21.000000+0000,2026-09-21T13:53:21.000000+0000,1,24.389722222222222,14.1
2026-09-22,2026-09-22T13:28:58.000000+0000,2026-09-22T13:28:58.000000+0000,1,23.731666666666666,2026-09-22T13:34:31.000000+0000,2026-09-22T13:34:31.000000+0000,1,23.589166666666667,2026-09-22T13:31:54.000000+0000,2026-09-22T13:31:54.000000+0000,1,23.6425,5.55
2026-09-23,2026-09-23T13:28:30.000000+0000,2026-09-23T13:28:30.000000+0000,1,23.99222222222222,2026-09-23T13:33:48.000000+0000,2026-09-23T13:33:48.000000+0000,1,23.988055555555555,2026-09-23T13:31:26.000000+0000,2026-09-23T13:31:26.000000+0000,1,23.99222222222222,5.3
2026-09-24,2026-09-24T13:34:21.000000+0000,2026-09-24T13:34:21.000000+0000,1,24.0975,2026-09-24T13:41:36.000000+0000,2026-09-24T13:41:36.000000+0000,1,24.13,2026-09-24T13:38:06.000000+0000,2026-09-24T13:38:06.000000+0000,1,24.11111111111111,7.25
2026-09-25,2026-09-25T13:37:45.000000+0000,2026-09-25T13:37:45.000000+0000,1,24.05666666666667,2026-09-25T13:43:47.000000+0000,2026-09-25T13:43:47.000000+0000,1,24.03638888888889,2026-09-25T13:41:16.000000+0000,2026-09-25T13:41:16.000000+0000,1,24.052777777777777,6.033333333333333
2026-09-26,2026-09-26T13:34:56.000000+0000,2026-09-26T13:34:56.000000+0000,1,23.953055555555554,2026-09-26T13:42:21.000000+0000,2026-09-26T13:42:21.000000+0000,1,23.976111111111113,2026-09-26T13:38:55.000000+0000,2026-09-26T13:38:55.000000+0000,1,23.960833333333333,7.416666666666667
2026-09-27,2026-09-27T13:30:19.000000+0000,2026-09-27T13:30:19.000000+0000,1,23.923055555555557,2026-09-27T13:36:17.000000+0000,2026-09-27T13:36:17.000000+0000,1,23.898888888888887,2026-09-27T13:33:31.000000+0000,2026-09-27T13:33:31.000000+0000,1,23.91,5.966666666666667
2026-09-28,2026-09-28T13:28:46.000000+0000,2026-09-28T13:28:46.000000+0000,1,23.974166666666665,2026-09-28T13:34:31.000000+0000,2026-09-28T13:34:31.000000+0000,1,23.970555555555556,2026-09-28T13:31:30.000000+0000,2026-09-28T13:31:30.000000+0000,1,23.96638888888889,5.75
2026-09-29,2026-09-29T14:04:47.000000+0000,2026-09-29T14:04:47.000000+0000,1,24.600277777777777,2026-09-29T14:10:23.000000+0000,2026-09-29T14:10:23.000000+0000,1,24.59777777777778,2026-09-29T14:07:57.000000+0000,2026-09-29T14:07:57.000000+0000,1,24.6075,5.6
2026-09-30,2026-09-30T13:29:53.000000+0000,2026-09-30T13:29:53.000000+0000,1,23.418333333333333,2026-09-30T13:35:54.000000+0000,2026-09-30T13:35:54.000000+0000,1,23.42527777777778,2026-09-30T13:33:08.000000+0000,2026-09-30T13:33:08.000000+0000,1,23.419722222222223,6.016666666666667
2026-10-01,2026-10-01T13:38:41.000000+0000,2026-10-01T13:38:41.000000+0000,1,24.14666666666667,2026-10-01T13:47:08.000000+0000,2026-10-01T13:47:08.000000+0000,1,24.18722222222222,2026-10-01T13:43:48.000000+0000,2026-10-01T13:43:48.000000+0000,1,24.177777777777777,8.45
2026-10-02,2026-10-02T13:28:09.000000+0000,2026-10-02T13:28:09.000000+0000,1,23.824444444444445,2026-10-02T13:33:17.000000+0000,2026-10-02T13:33:17.000000+0000,1,23.769166666666667,2026-10-02T13:30:46.000000+0000,2026-10-02T13:30:46.000000+0000,1,23.782777777777778,5.133333333333333
2026-10-03,2026-10-03T13:28:34.000000+0000,2026-10-03T13:28:34.000000+0000,1,24.006944444444443,2026-10-03T13:33:32.000000+0000,2026-10-03T13:33:32.000000+0000,1,24.004166666666666,2026-10-03T13:31:12.000000+0000,2026-10-03T13:31:12.000000+0000,1,24.00722222222222,4.966666666666667
2026-10-04,2026-10-04T13:49:31.000000+0000,2026-10-04T13:49:31.000000+0000,1,24.349166666666665,2026-10-04T13:59:34.000000+0000,2026-10-04T13:59:34.000000+0000,1,24.433888888888887,2026-10-04T13:54:49.000000+0000,2026-10-04T13:54:49.000000+0000,1,24.39361111111111,10.05
